onset	duration	nwb_table	animal	session	trial	center_in	center_out	side_in	outcome	zeroth_side_out	first_side_out	last_side_out	action	rewarded	trial_in_block	prebswitch_num	block_num	state	last_side_out_side	tmax
3778.4169	4484.258228999999	trials	BSD015	p105	1	3778.4169	3778.453066	3780.015227	3780.020727	3780.07956	3784.12321	3784.12321	right	1.0	0	-22.0	1	right	right	8262.675129
3786.364868	4476.310260999999	trials	BSD015	p105	2	3786.364868	3786.6887		3791.688847				nan		1	-21.0	1	right	nan	8262.675129
3798.150654	4464.524474999999	trials	BSD015	p105	3	3798.150654	3798.808985	3799.791981	3799.791981	3799.829981	3800.300312	3819.16557	left	0.0	2	-20.0	1	right	left	8262.675129
3820.304399	4442.370729999999	trials	BSD015	p105	4	3820.304399	3820.338065	3821.131729	3821.137229	3821.337561	3839.444156	3839.444156	right	1.0	3	-19.0	1	right	right	8262.675129
3840.731484	4421.943644999999	trials	BSD015	p105	5	3840.731484	3841.146149	3841.627647	3841.633147	3841.808646	3846.456294	3846.456294	right	1.0	4	-18.0	1	right	right	8262.675129
3847.49729	4415.177839	trials	BSD015	p105	6	3847.49729	3847.564956	3848.193787	3848.201121	3849.525782	3851.273108	3851.273108	right	0.0	5	-17.0	1	right	right	8262.675129
3851.859439	4410.815689999999	trials	BSD015	p105	7	3851.859439	3851.885273	3852.622436	3852.627936	3856.917752	3866.159882	3866.159882	right	1.0	6	-16.0	1	right	right	8262.675129
3866.61488	4396.060248999999	trials	BSD015	p105	8	3866.61488	3866.64288	3867.184545	3867.190045	3867.346711	3870.459365	3870.459365	right	1.0	7	-15.0	1	right	right	8262.675129
3871.740193	4390.934936	trials	BSD015	p105	9	3871.740193	3871.994359	3872.52819	3872.533523	3872.780022	3882.078652	3882.078652	right	1.0	8	-14.0	1	right	right	8262.675129
3882.61115	4380.063978999999	trials	BSD015	p105	10	3882.61115	3884.085477	3884.697141	3884.702475	3884.854307	3887.45813	3887.45813	right	1.0	9	-13.0	1	right	right	8262.675129
3888.058961	4374.616167999999	trials	BSD015	p105	11	3888.058961	3888.225627	3889.014291	3889.019624	3889.042624	3891.698447	3891.698447	right	1.0	10	-12.0	1	right	right	8262.675129
3892.307278	4370.367850999999	trials	BSD015	p105	12	3892.307278	3892.41311	3892.973942	3892.979441	3893.003441	3898.32542	3898.32542	right	1.0	11	-11.0	1	right	right	8262.675129
3899.127084	4363.548045	trials	BSD015	p105	13	3899.127084	3899.279583	3900.380245	3900.385579	3903.401566	3903.883231	3903.883231	right	1.0	12	-10.0	1	right	right	8262.675129
3904.553062	4358.122066999999	trials	BSD015	p105	14	3904.553062	3904.609228	3905.142393	3905.147726	3905.333725	3907.881215	3907.881215	right	1.0	13	-9.0	1	right	right	8262.675129
3908.687045	4353.988083999999	trials	BSD015	p105	15	3908.687045	3908.785878	3909.377376	3909.384709	3909.417876	3912.741696	3912.741696	right	0.0	14	-8.0	1	right	right	8262.675129
3913.175361	4349.499768	trials	BSD015	p105	16	3913.175361	3913.203694	3914.018524	3914.024024	3914.200857	3916.222349	3916.222349	right	1.0	15	-7.0	1	right	right	8262.675129
3916.76418	4345.910948999999	trials	BSD015	p105	17	3916.76418	3917.58501	3918.153841	3918.159174	3918.34934	3919.208503	3919.208503	right	1.0	16	-6.0	1	right	right	8262.675129
3919.667168	4343.007960999999	trials	BSD015	p105	18	3919.667168	3919.871001	3920.461998	3920.461998	3920.530331	3921.492994	3921.492994	left	0.0	17	-5.0	1	right	left	8262.675129
3922.037992	4340.637137	trials	BSD015	p105	19	3922.037992	3922.125825	3922.634656	3922.640156	3922.796156	3931.348288	3931.348288	right	1.0	18	-4.0	1	right	right	8262.675129
3931.824286	4330.850842999999	trials	BSD015	p105	20	3931.824286	3931.853453	3932.738449	3932.738449	3932.783616	3933.319447	3933.319447	left	0.0	19	-3.0	1	right	left	8262.675129
3933.900944	4328.774184999999	trials	BSD015	p105	21	3933.900944	3934.004111	3934.457442	3934.462942	3934.618608	3939.390089	3939.390089	right	1.0	20	-2.0	1	right	right	8262.675129
3940.375919	4322.299209999999	trials	BSD015	p105	22	3940.375919	3940.502751	3941.062916	3941.068416	3941.208249	3943.828071	3943.828071	right	1.0	21	-1.0	1	right	right	8262.675129
3944.498069	4318.177059999999	trials	BSD015	p105	23	3944.498069	3944.518902	3945.188399	3945.188399	3946.214229	3946.214229	3946.214229	right	0.0	0	0.0	2	left	right	8262.675129
3946.670227	4316.004901999999	trials	BSD015	p105	24	3946.670227	3947.278058	3947.762056	3947.762056	3947.890722	3950.06538	3950.06538	right	0.0	1	-38.0	2	left	right	8262.675129
3950.601044	4312.074084999999	trials	BSD015	p105	25	3950.601044	3950.674044	3951.457041	3951.457041	3953.881198	3953.881198	3953.881198	right	0.0	2	-37.0	2	left	right	8262.675129
3954.495195	4308.179934	trials	BSD015	p105	26	3954.495195	3954.693361	3955.198526	3955.198526	3955.215693	3956.626187	3956.626187	right	0.0	3	-36.0	2	left	right	8262.675129
3957.332517	4305.3426119999995	trials	BSD015	p105	27	3957.332517	3957.47435	3958.258014	3958.265347	3958.30018	3959.838341	3959.838341	left	0.0	4	-35.0	2	left	left	8262.675129
3960.371339	4302.30379	trials	BSD015	p105	28	3960.371339	3960.469505	3960.971003	3960.971003	3961.081169	3963.30916	3963.30916	right	0.0	5	-34.0	2	left	right	8262.675129
3963.696492	4298.978636999999	trials	BSD015	p105	29	3963.696492	3963.863658	3964.445489	3964.445489	3964.538655	3965.740817	3965.740817	right	0.0	6	-33.0	2	left	right	8262.675129
3966.139982	4296.535146999999	trials	BSD015	p105	30	3966.139982	3966.288148	3966.754313	3966.761646	3966.79798	3967.360144	3967.360144	left	0.0	7	-32.0	2	left	left	8262.675129
3967.786809	4294.888319999999	trials	BSD015	p105	31	3967.786809	3967.872809	3968.318473	3968.318473	3968.401473	3969.19797	3969.19797	right	0.0	8	-31.0	2	left	right	8262.675129
3969.567302	4293.107827	trials	BSD015	p105	32	3969.567302	3969.947967	3970.458132	3970.458132	3970.973796	3971.149795	3971.149795	right	0.0	9	-30.0	2	left	right	8262.675129
3971.522294	4291.152834999999	trials	BSD015	p105	33	3971.522294	3971.65946	3972.230624	3972.236124	3972.312124	3975.632611	3975.632611	left	1.0	10	-29.0	2	left	left	8262.675129
3976.023276	4286.651852999999	trials	BSD015	p105	34	3976.023276	3976.118109	3976.637274	3976.637274	3976.698773	3977.755102	3977.755102	right	0.0	11	-28.0	2	left	right	8262.675129
3978.415766	4284.259362999999	trials	BSD015	p105	35	3978.415766	3978.540933	3979.018597	3979.024097	3979.039764	3980.711257	3980.711257	left	1.0	12	-27.0	2	left	left	8262.675129
3981.379921	4281.295208	trials	BSD015	p105	36	3981.379921	3981.461421	3982.119252	3982.119252	3982.191251	3983.104248	4003.005835	right	0.0	13	-26.0	2	left	left	8262.675129
4003.928331	4258.746797999999	trials	BSD015	p105	37	4003.928331	4003.993664	4004.475162	4004.475162	4004.575162	4004.98216	4004.98216	right	0.0	14	-25.0	2	left	right	8262.675129
4005.416325	4257.258803999999	trials	BSD015	p105	38	4005.416325	4005.570824	4006.168989	4006.174489	4006.274988	4009.485142	4009.485142	left	1.0	15	-24.0	2	left	left	8262.675129
4010.181473	4252.493655999999	trials	BSD015	p105	39	4010.181473	4010.251972	4010.90647	4010.91197	4011.037969	4014.191957	4014.191957	left	1.0	16	-23.0	2	left	left	8262.675129
4015.235452	4247.439676999999	trials	BSD015	p105	40	4015.235452	4015.296452	4015.784784	4015.79195	4015.830617	4017.717276	4017.717276	left	0.0	17	-22.0	2	left	left	8262.675129
4018.35944	4244.315688999999	trials	BSD015	p105	41	4018.35944	4018.630772	4019.119104	4019.124437	4019.26177	4022.975422	4022.975422	left	1.0	18	-21.0	2	left	left	8262.675129
4023.914751	4238.760377999999	trials	BSD015	p105	42	4023.914751	4023.971084	4024.662748	4024.668248	4024.779748	4026.469574	4026.469574	left	1.0	19	-20.0	2	left	left	8262.675129
4027.088905	4235.586223999999	trials	BSD015	p105	43	4027.088905	4027.222738	4027.771236	4027.776569	4027.808902	4030.498891	4030.498891	left	1.0	20	-19.0	2	left	left	8262.675129
4031.092556	4231.582573	trials	BSD015	p105	44	4031.092556	4031.259388	4031.75072	4031.758053	4031.77522	4032.389884	4032.389884	left	0.0	21	-18.0	2	left	left	8262.675129
4033.079381	4229.595748	trials	BSD015	p105	45	4033.079381	4033.309047	4033.804045	4033.811378	4033.827545	4034.869041	4034.869041	left	0.0	22	-17.0	2	left	left	8262.675129
4035.344705	4227.330424	trials	BSD015	p105	46	4035.344705	4035.568038	4036.174035	4036.181369	4037.011699	4037.011699	4037.011699	left	0.0	23	-16.0	2	left	left	8262.675129
4037.43353	4225.241598999999	trials	BSD015	p105	47	4037.43353	4037.630696	4038.191861	4038.197361	4038.32886	4041.304848	4041.304848	left	1.0	24	-15.0	2	left	left	8262.675129
4041.991845	4220.683283999999	trials	BSD015	p105	48	4041.991845	4042.122345	4042.727009	4042.734176	4042.861509	4043.568339	4043.568339	left	0.0	25	-14.0	2	left	left	8262.675129
4044.088504	4218.586625	trials	BSD015	p105	49	4044.088504	4044.270336	4044.883501	4044.888834	4045.019833	4047.165491	4047.165491	left	1.0	26	-13.0	2	left	left	8262.675129
4047.825655	4214.849473999999	trials	BSD015	p105	50	4047.825655	4048.28682	4048.880818	4048.888151	4049.07265	4049.943314	4049.943314	left	0.0	27	-12.0	2	left	left	8262.675129
4050.472478	4212.202651	trials	BSD015	p105	51	4050.472478	4050.81181	4051.304975	4051.310475	4051.315141	4054.849627	4054.849627	left	1.0	28	-11.0	2	left	left	8262.675129
4055.519458	4207.155670999999	trials	BSD015	p105	52	4055.519458	4055.75879	4056.330621	4056.336121	4056.392955	4060.09044	4060.09044	left	1.0	29	-10.0	2	left	left	8262.675129
4061.355768	4201.319361	trials	BSD015	p105	53	4061.355768	4061.7811	4062.308264	4062.315431	4062.408097	4064.745921	4064.745921	left	0.0	30	-9.0	2	left	left	8262.675129
4066.200249	4196.47488	trials	BSD015	p105	54	4066.200249	4066.321081	4066.882079	4066.887579	4067.004245	4069.676568	4069.676568	left	1.0	31	-8.0	2	left	left	8262.675129
4070.362065	4192.313064	trials	BSD015	p105	55	4070.362065	4070.478898	4070.924563	4070.930063	4070.94423	4075.343545	4075.343545	left	1.0	32	-7.0	2	left	left	8262.675129
4076.114542	4186.560587	trials	BSD015	p105	56	4076.114542	4076.228875	4076.820039	4076.825539	4076.943372	4079.010864	4079.010864	left	1.0	33	-6.0	2	left	left	8262.675129
4079.589695	4183.085433999999	trials	BSD015	p105	57	4079.589695	4079.734028	4080.345525	4080.351025	4080.450692	4082.487683	4082.487683	left	1.0	34	-5.0	2	left	left	8262.675129
4083.186181	4179.488947999999	trials	BSD015	p105	58	4083.186181	4083.454846	4083.940011	4083.945511	4083.957844	4086.215669	4086.215669	left	1.0	35	-4.0	2	left	left	8262.675129
4087.404664	4175.270465	trials	BSD015	p105	59	4087.404664	4087.599663	4088.089494	4088.094828	4088.183327	4091.126816	4091.126816	left	1.0	36	-3.0	2	left	left	8262.675129
4091.759146	4170.915982999999	trials	BSD015	p105	60	4091.759146	4091.910146	4092.352644	4092.357977	4092.383644	4095.304132	4095.304132	left	1.0	37	-2.0	2	left	left	8262.675129
4095.845963	4166.8291659999995	trials	BSD015	p105	61	4095.845963	4096.053129	4096.671293	4096.676627	4098.635786	4098.635786	4098.635786	left	1.0	38	-1.0	2	left	left	8262.675129
4099.22545	4163.449678999999	trials	BSD015	p105	62	4099.22545	4099.561948	4100.042613	4100.042613	4100.089446	4101.174275	4101.174275	left	0.0	0	0.0	3	right	left	8262.675129
4101.774606	4160.900522999999	trials	BSD015	p105	63	4101.774606	4101.904272	4102.391104	4102.391104	4102.42577	4102.990101	4102.990101	left	0.0	1	-22.0	3	right	left	8262.675129
4103.446433	4159.228695999999	trials	BSD015	p105	64	4103.446433	4103.742598	4104.245263	4104.245263	4104.324596	4105.520258	4106.983085	left	0.0	2	-21.0	3	right	right	8262.675129
4107.346417	4155.3287119999995	trials	BSD015	p105	65	4107.346417	4107.46575	4108.061581	4108.061581	4108.138248	4108.709745	4108.709745	left	0.0	3	-20.0	3	right	left	8262.675129
4109.347743	4153.327385999999	trials	BSD015	p105	66	4109.347743	4109.518742	4110.161906	4110.161906	4110.599904	4110.599904	4110.599904	left	0.0	4	-19.0	3	right	left	8262.675129
4111.087236	4151.587892999999	trials	BSD015	p105	67	4111.087236	4111.156902	4111.6599	4111.667233	4111.6844	4113.276727	4113.276727	right	0.0	5	-18.0	3	right	right	8262.675129
4113.739058	4148.936070999999	trials	BSD015	p105	68	4113.739058	4113.837891	4114.514055	4114.514055	4114.649721	4115.221553	4115.221553	left	0.0	6	-17.0	3	right	left	8262.675129
4115.925716	4146.749413	trials	BSD015	p105	69	4115.925716	4116.035549	4116.59788	4116.603214	4116.64788	4119.380369	4119.380369	right	1.0	7	-16.0	3	right	right	8262.675129
4120.716364	4141.958764999999	trials	BSD015	p105	70	4120.716364	4122.178025	4122.743689	4122.749189	4122.798856	4125.939843	4125.939843	right	1.0	8	-15.0	3	right	right	8262.675129
4126.942672	4135.732456999999	trials	BSD015	p105	71	4126.942672	4127.104172	4127.669336	4127.676503	4127.790169	4128.304	4128.304	right	0.0	9	-14.0	3	right	right	8262.675129
4128.935331	4133.739798	trials	BSD015	p105	72	4128.935331	4129.015164	4129.636828	4129.642328	4129.772328	4134.981973	4134.981973	right	1.0	10	-13.0	3	right	right	8262.675129
4136.343468	4126.331660999999	trials	BSD015	p105	73	4136.343468	4136.8023	4137.392964	4137.398464	4137.468297	4139.647788	4139.647788	right	1.0	11	-12.0	3	right	right	8262.675129
4141.089449	4121.585679999999	trials	BSD015	p105	74	4141.089449	4141.380781	4141.831446	4141.836946	4141.965112	4143.517939	4143.517939	right	1.0	12	-11.0	3	right	right	8262.675129
4144.225937	4118.449191999999	trials	BSD015	p105	75	4144.225937	4145.853097	4146.397261	4146.402761	4146.544594	4148.760252	4148.760252	right	1.0	13	-10.0	3	right	right	8262.675129
4150.084913	4112.590216	trials	BSD015	p105	76	4150.084913	4150.198746	4150.723577	4150.729077	4150.84341	4153.051401	4153.051401	right	1.0	14	-9.0	3	right	right	8262.675129
4154.090897	4108.584231999999	trials	BSD015	p105	77	4154.090897	4154.265396	4154.948894	4154.948894	4154.97756	4155.81389	4155.81389	left	0.0	15	-8.0	3	right	left	8262.675129
4156.289555	4106.385573999999	trials	BSD015	p105	78	4156.289555	4156.440721	4156.929719	4156.935219	4156.972552	4159.696041	4159.696041	right	1.0	16	-7.0	3	right	right	8262.675129
4161.070369	4101.604759999999	trials	BSD015	p105	79	4161.070369	4161.121536		4166.121682				nan		17	-6.0	3	right	nan	8262.675129
4224.15295	4038.5221789999996	trials	BSD015	p105	80	4224.15295	4224.278283	4224.790781	4224.790781	4224.855447	4225.366279	4225.366279	left	0.0	18	-5.0	3	right	left	8262.675129
4225.91561	4036.7595189999993	trials	BSD015	p105	81	4225.91561	4226.016776	4226.862773	4226.870106	4226.952606	4228.131268	4228.131268	right	0.0	19	-4.0	3	right	right	8262.675129
4229.15143	4033.5236989999994	trials	BSD015	p105	82	4229.15143	4229.369429	4229.893094	4229.900427	4229.969927	4231.545421	4231.545421	right	0.0	20	-3.0	3	right	right	8262.675129
4232.042419	4030.632709999999	trials	BSD015	p105	83	4232.042419	4232.088085	4232.714416	4232.719916	4232.865582	4240.546718	4240.546718	right	1.0	21	-2.0	3	right	right	8262.675129
4241.711547	4020.9635819999994	trials	BSD015	p105	84	4241.711547	4241.740046	4242.243544	4242.249044	4242.364044	4247.921022	4247.921022	right	1.0	22	-1.0	3	right	right	8262.675129
4248.809852	4013.865276999999	trials	BSD015	p105	85	4248.809852	4248.896518	4249.405182	4249.405182	4249.551515	4250.204179	4250.204179	right	0.0	0	0.0	4	left	right	8262.675129
4250.591178	4012.0839509999996	trials	BSD015	p105	86	4250.591178	4250.735677	4251.628507	4251.628507	4251.785173	4252.712669	4252.712669	right	0.0	1	-27.0	4	left	right	8262.675129
4253.119834	4009.555294999999	trials	BSD015	p105	87	4253.119834	4253.149167	4253.669832	4253.675165	4253.763832	4255.448325	4255.448325	left	1.0	2	-26.0	4	left	left	8262.675129
4255.89999	4006.7751389999994	trials	BSD015	p105	88	4255.89999	4255.977823	4256.535987	4256.541487	4256.564987	4258.664145	4258.664145	left	1.0	3	-25.0	4	left	left	8262.675129
4259.19731	4003.4778189999997	trials	BSD015	p105	89	4259.19731	4259.260976	4259.643141	4259.648475	4259.665641	4261.901466	4261.901466	left	1.0	4	-24.0	4	left	left	8262.675129
4262.393797	4000.2813319999996	trials	BSD015	p105	90	4262.393797	4262.55863	4262.935628	4262.940962	4262.986961	4264.520622	4264.520622	left	1.0	5	-23.0	4	left	left	8262.675129
4265.063953	3997.6111759999994	trials	BSD015	p105	91	4265.063953	4265.205953	4265.581284	4265.586784	4265.594784	4267.41961	4267.41961	left	1.0	6	-22.0	4	left	left	8262.675129
4267.879109	3994.796019999999	trials	BSD015	p105	92	4267.879109	4268.013108	4268.446606	4268.45394	4268.679272	4269.830267	4269.830267	left	0.0	7	-21.0	4	left	left	8262.675129
4270.256599	3992.418529999999	trials	BSD015	p105	93	4270.256599	4270.525265	4271.037263	4271.042763	4271.148929	4273.695252	4273.695252	left	1.0	8	-20.0	4	left	left	8262.675129
4274.149083	3988.526045999999	trials	BSD015	p105	94	4274.149083	4274.436082	4274.825747	4274.832914	4274.885747	4275.973076	4275.973076	left	0.0	9	-19.0	4	left	left	8262.675129
4276.331241	3986.3438879999994	trials	BSD015	p105	95	4276.331241	4276.540241	4276.983739	4276.989072	4278.559066	4278.559066	4278.559066	left	1.0	10	-18.0	4	left	left	8262.675129
4278.946398	3983.7287309999992	trials	BSD015	p105	96	4278.946398	4279.184897	4279.605395	4279.610728	4280.638391	4280.638391	4280.638391	left	1.0	11	-17.0	4	left	left	8262.675129
4281.082056	3981.593072999999	trials	BSD015	p105	97	4281.082056	4281.237388	4281.71472	4281.72022	4281.73972	4284.488542	4284.488542	left	1.0	12	-16.0	4	left	left	8262.675129
4284.94554	3977.7295889999996	trials	BSD015	p105	98	4284.94554	4285.265039	4285.679371	4285.684704	4285.803204	4287.679863	4287.679863	left	1.0	13	-15.0	4	left	left	8262.675129
4288.087194	3974.5879349999996	trials	BSD015	p105	99	4288.087194	4288.346693	4288.744025	4288.749358	4288.791025	4290.77985	4290.77985	left	1.0	14	-14.0	4	left	left	8262.675129
4291.302182	3971.372946999999	trials	BSD015	p105	100	4291.302182	4291.639014	4292.076512	4292.083678	4292.193511	4292.991508	4292.991508	left	0.0	15	-13.0	4	left	left	8262.675129
4293.392007	3969.283121999999	trials	BSD015	p105	101	4293.392007	4293.549839	4294.037671	4294.043171	4295.902996	4295.902996	4295.902996	left	1.0	16	-12.0	4	left	left	8262.675129
4296.349661	3966.325467999999	trials	BSD015	p105	102	4296.349661	4296.64466	4297.072325	4297.079658	4297.154658	4297.354324	4299.207317	left	0.0	17	-11.0	4	left	left	8262.675129
4299.609482	3963.0656469999994	trials	BSD015	p105	103	4299.609482	4299.634315	4300.220979	4300.220979	4300.354645	4300.993643	4300.993643	right	0.0	18	-10.0	4	left	right	8262.675129
4301.348141	3961.326987999999	trials	BSD015	p105	104	4301.348141	4301.486307	4301.921306	4301.926806	4301.972972	4304.183463	4304.183463	left	1.0	19	-9.0	4	left	left	8262.675129
4304.769794	3957.9053349999995	trials	BSD015	p105	105	4304.769794	4304.977793	4305.393125	4305.398458	4307.440117	4307.440117	4307.440117	left	1.0	20	-8.0	4	left	left	8262.675129
4307.909282	3954.7658469999997	trials	BSD015	p105	106	4307.909282	4308.111781	4308.488613	4308.495946	4308.571279	4309.185777	4309.185777	left	0.0	21	-7.0	4	left	left	8262.675129
4309.626608	3953.0485209999997	trials	BSD015	p105	107	4309.626608	4309.669441	4310.150273	4310.155773	4312.284931	4312.284931	4312.284931	left	1.0	22	-6.0	4	left	left	8262.675129
4312.714763	3949.9603659999993	trials	BSD015	p105	108	4312.714763	4312.819595	4313.206427	4313.213761	4313.26776	4313.985757	4313.985757	left	0.0	23	-5.0	4	left	left	8262.675129
4314.332756	3948.3423729999995	trials	BSD015	p105	109	4314.332756	4314.696755	4315.10592	4315.11142	4315.249919	4317.150578	4317.150578	left	1.0	24	-4.0	4	left	left	8262.675129
4317.675409	3944.999719999999	trials	BSD015	p105	110	4317.675409	4317.933908	4318.340073	4318.347407	4318.39924	4318.610406	4318.610406	left	0.0	25	-3.0	4	left	left	8262.675129
4319.067904	3943.607224999999	trials	BSD015	p105	111	4319.067904	4319.172403	4319.621902	4319.627402	4322.085392	4322.085392	4322.085392	left	1.0	26	-2.0	4	left	left	8262.675129
4322.538057	3940.1370719999995	trials	BSD015	p105	112	4322.538057	4322.806389	4323.220387	4323.225887	4323.32922	4325.153879	4325.153879	left	1.0	27	-1.0	4	left	left	8262.675129
4325.708877	3936.9662519999993	trials	BSD015	p105	113	4325.708877	4325.879543	4326.276875	4326.276875	4326.78704	4326.78704	4326.78704	left	0.0	0	0.0	5	right	left	8262.675129
4327.188705	3935.4864239999997	trials	BSD015	p105	114	4327.188705	4327.324371	4327.863702	4327.869202	4328.072868	4330.298692	4330.298692	right	1.0	1	-23.0	5	right	right	8262.675129
4330.83019	3931.8449389999996	trials	BSD015	p105	115	4330.83019	4331.076356	4331.483521	4331.489021	4331.610187	4335.119506	4335.119506	right	1.0	2	-22.0	5	right	right	8262.675129
4335.457005	3927.218123999999	trials	BSD015	p105	116	4335.457005	4335.584671	4336.047836	4336.053336	4336.057836	4338.037995	4338.037995	right	1.0	3	-21.0	5	right	right	8262.675129
4339.240656	3923.4344729999993	trials	BSD015	p105	117	4339.240656	4339.27749	4339.710488	4339.715821	4341.60798	4341.60798	4341.60798	right	1.0	4	-20.0	5	right	right	8262.675129
4342.117312	3920.557816999999	trials	BSD015	p105	118	4342.117312	4342.297311	4342.912975	4342.918308	4343.063474	4343.572306	4343.572306	right	1.0	5	-19.0	5	right	right	8262.675129
4343.909804	3918.7653249999994	trials	BSD015	p105	119	4343.909804	4344.060637	4344.523302	4344.523302	4345.243466	4345.243466	4345.243466	left	0.0	6	-18.0	5	right	left	8262.675129
4345.641464	3917.033664999999	trials	BSD015	p105	120	4345.641464	4345.807464	4346.293628	4346.293628	4346.468794	4346.468794	4347.872955	left	0.0	7	-17.0	5	right	right	8262.675129
4348.22512	3914.450008999999	trials	BSD015	p105	121	4348.22512	4348.37512	4348.929618	4348.929618	4349.20945	4349.20945	4349.20945	left	0.0	8	-16.0	5	right	left	8262.675129
4350.573778	3912.1013509999993	trials	BSD015	p105	122	4350.573778	4350.697111	4351.136776	4351.142275	4351.290775	4352.666103	4352.666103	right	1.0	9	-15.0	5	right	right	8262.675129
4353.109601	3909.565527999999	trials	BSD015	p105	123	4353.109601	4353.149101	4353.921431	4353.926598	4356.259588	4356.259588	4356.259588	right	1.0	10	-14.0	5	right	right	8262.675129
4356.820753	3905.8543759999993	trials	BSD015	p105	124	4356.820753	4357.428417	4357.951915	4357.957415	4360.450238	4360.450238	4360.450238	right	1.0	11	-13.0	5	right	right	8262.675129
4361.388901	3901.286227999999	trials	BSD015	p105	125	4361.388901	4361.961066	4362.353731	4362.359064	4364.821221	4364.821221	4364.821221	right	1.0	12	-12.0	5	right	right	8262.675129
4365.665384	3897.0097449999994	trials	BSD015	p105	126	4365.665384	4365.789217	4366.203382	4366.210715	4367.220211	4367.513543	4367.513543	right	0.0	13	-11.0	5	right	right	8262.675129
4367.948208	3894.7269209999995	trials	BSD015	p105	127	4367.948208	4368.44604	4369.06187	4369.06737	4369.283036	4371.196029	4371.196029	right	1.0	14	-10.0	5	right	right	8262.675129
4371.998859	3890.676269999999	trials	BSD015	p105	128	4371.998859	4372.587023	4372.958688	4372.964188	4375.400012	4375.400012	4375.400012	right	1.0	15	-9.0	5	right	right	8262.675129
4376.177342	3886.4977869999993	trials	BSD015	p105	129	4376.177342	4376.244842	4376.693507	4376.699007	4379.843494	4379.843494	4379.843494	right	1.0	16	-8.0	5	right	right	8262.675129
4380.328325	3882.346803999999	trials	BSD015	p105	130	4380.328325	4380.544158	4380.974656	4380.97999	4382.901482	4382.901482	4382.901482	right	1.0	17	-7.0	5	right	right	8262.675129
4383.603146	3879.071982999999	trials	BSD015	p105	131	4383.603146	4384.172643	4384.608308	4384.615642	4384.797141	4386.815633	4386.815633	right	0.0	18	-6.0	5	right	right	8262.675129
4387.309297	3875.3658319999995	trials	BSD015	p105	132	4387.309297	4387.439964	4387.921962	4387.927462	4388.086628	4389.979787	4389.979787	right	1.0	19	-5.0	5	right	right	8262.675129
4390.567451	3872.1076779999994	trials	BSD015	p105	133	4390.567451	4390.868117	4391.252282	4391.259448	4391.290115	4391.60978	4391.60978	right	0.0	20	-4.0	5	right	right	8262.675129
4391.992112	3870.6830169999994	trials	BSD015	p105	134	4391.992112	4392.129445	4392.768276	4392.773609	4394.9676	4394.9676	4394.9676	right	1.0	21	-3.0	5	right	right	8262.675129
4395.433932	3867.2411969999994	trials	BSD015	p105	135	4395.433932	4395.627264	4396.182595	4396.188095	4396.489094	4399.380749	4399.380749	right	1.0	22	-2.0	5	right	right	8262.675129
4399.838081	3862.8370479999994	trials	BSD015	p105	136	4399.838081	4400.314412	4400.80841	4400.813743	4404.127397	4404.127397	4404.127397	right	1.0	23	-1.0	5	right	right	8262.675129
4404.580395	3858.0947339999993	trials	BSD015	p105	137	4404.580395	4404.980393	4405.436725	4405.436725	4405.94939	4406.066889	4406.066889	right	0.0	0	0.0	6	left	right	8262.675129
4406.480721	3856.1944079999994	trials	BSD015	p105	138	4406.480721	4406.685053	4407.305718	4407.305718	4407.433217	4408.326713	4408.326713	right	0.0	1	-33.0	6	left	right	8262.675129
4408.686712	3853.9884169999996	trials	BSD015	p105	139	4408.686712	4409.263376	4409.764708	4409.770208	4409.892541	4411.713867	4411.713867	left	1.0	2	-32.0	6	left	left	8262.675129
4412.377531	3850.297597999999	trials	BSD015	p105	140	4412.377531	4412.48803	4413.104528	4413.110028	4413.174694	4414.880354	4414.880354	left	1.0	3	-31.0	6	left	left	8262.675129
4415.344852	3847.330276999999	trials	BSD015	p105	141	4415.344852	4415.437852	4415.962183	4415.969516	4416.223349	4416.223349	4418.513506	left	0.0	4	-30.0	6	left	left	8262.675129
4418.990671	3843.6844579999997	trials	BSD015	p105	142	4418.990671	4419.125004	4419.641335	4419.641335	4419.744334	4420.77083	4420.77083	right	0.0	5	-29.0	6	left	right	8262.675129
4421.129829	3841.545299999999	trials	BSD015	p105	143	4421.129829	4421.238162	4421.715493	4421.720993	4421.73866	4424.507649	4424.507649	left	1.0	6	-28.0	6	left	left	8262.675129
4425.05598	3837.619148999999	trials	BSD015	p105	144	4425.05598	4425.08648	4425.454478	4425.459978	4425.562978	4427.224971	4427.224971	left	1.0	7	-27.0	6	left	left	8262.675129
4427.762636	3834.912492999999	trials	BSD015	p105	145	4427.762636	4427.815469	4428.161801	4428.167301	4429.993293	4429.993293	4429.993293	left	1.0	8	-26.0	6	left	left	8262.675129
4430.445625	3832.229503999999	trials	BSD015	p105	146	4430.445625	4430.605958	4430.95529	4430.960456	4431.033123	4432.946948	4432.946948	left	1.0	9	-25.0	6	left	left	8262.675129
4433.495779	3829.1793499999994	trials	BSD015	p105	147	4433.495779	4433.552446	4434.005777	4434.013111	4434.07061	4434.653775	4434.653775	left	0.0	10	-24.0	6	left	left	8262.675129
4435.039107	3827.6360219999997	trials	BSD015	p105	148	4435.039107	4435.253772	4435.614771	4435.620104	4435.671271	4437.656096	4437.656096	left	1.0	11	-23.0	6	left	left	8262.675129
4438.126261	3824.548867999999	trials	BSD015	p105	149	4438.126261	4438.225927	4438.579926	4438.585259	4438.658925	4440.443085	4440.443085	left	1.0	12	-22.0	6	left	left	8262.675129
4440.887083	3821.7880459999997	trials	BSD015	p105	150	4440.887083	4441.026416	4441.494581	4441.500081	4441.610747	4443.433906	4443.433906	left	1.0	13	-21.0	6	left	left	8262.675129
4443.882238	3818.792890999999	trials	BSD015	p105	151	4443.882238	4444.014237	4444.436736	4444.444069	4444.522735	4444.869567	4444.869567	left	0.0	14	-20.0	6	left	left	8262.675129
4445.237732	3817.4373969999997	trials	BSD015	p105	152	4445.237732	4445.349732	4445.726064	4445.731564	4445.786897	4447.839222	4447.839222	left	1.0	15	-19.0	6	left	left	8262.675129
4448.33622	3814.338908999999	trials	BSD015	p105	153	4448.33622	4448.484386	4448.914384	4448.919718	4448.936218	4451.079209	4451.079209	left	1.0	16	-18.0	6	left	left	8262.675129
4451.63254	3811.0425889999997	trials	BSD015	p105	154	4451.63254	4451.798373	4452.230204	4452.235704	4452.274538	4454.576028	4454.576028	left	1.0	17	-17.0	6	left	left	8262.675129
4455.066526	3807.6086029999997	trials	BSD015	p105	155	4455.066526	4455.209026	4455.566524	4455.572024	4455.618858	4457.720349	4460.342672	left	1.0	18	-16.0	6	left	left	8262.675129
4460.77267	3801.902458999999	trials	BSD015	p105	156	4460.77267	4460.89267	4461.318835	4461.326168	4461.398668	4462.010999	4462.010999	left	0.0	19	-15.0	6	left	left	8262.675129
4462.425497	3800.249631999999	trials	BSD015	p105	157	4462.425497	4462.577996	4463.23116	4463.236494	4463.26266	4465.403818	4465.403818	left	1.0	20	-14.0	6	left	left	8262.675129
4465.860483	3796.814645999999	trials	BSD015	p105	158	4465.860483	4466.029483	4466.418814	4466.424314	4466.475814	4468.543473	4468.543473	left	1.0	21	-13.0	6	left	left	8262.675129
4469.009137	3793.6659919999993	trials	BSD015	p105	159	4469.009137	4469.26897	4469.677801	4469.683301	4469.778968	4472.024792	4472.024792	left	1.0	22	-12.0	6	left	left	8262.675129
4472.472957	3790.2021719999993	trials	BSD015	p105	160	4472.472957	4472.608623	4473.109621	4473.115121	4473.293787	4474.909947	4474.909947	left	1.0	23	-11.0	6	left	left	8262.675129
4475.357779	3787.3173499999994	trials	BSD015	p105	161	4475.357779	4475.511945	4475.881443	4475.888777	4475.97061	4476.64394	4476.64394	left	0.0	24	-10.0	6	left	left	8262.675129
4477.016272	3785.6588569999994	trials	BSD015	p105	162	4477.016272	4477.172271	4477.588603	4477.594103	4477.637603	4479.738928	4479.738928	left	1.0	25	-9.0	6	left	left	8262.675129
4480.230759	3782.4443699999993	trials	BSD015	p105	163	4480.230759	4480.360259	4480.777424	4480.782924	4480.90009	4482.50375	4482.50375	left	1.0	26	-8.0	6	left	left	8262.675129
4483.034415	3779.640713999999	trials	BSD015	p105	164	4483.034415	4483.187914	4483.576079	4483.581579	4483.595412	4485.418405	4485.418405	left	1.0	27	-7.0	6	left	left	8262.675129
4485.913736	3776.761392999999	trials	BSD015	p105	165	4485.913736	4486.171735	4486.545401	4486.552734	4486.6099	4487.169231	4487.169231	left	0.0	28	-6.0	6	left	left	8262.675129
4487.595563	3775.0795659999994	trials	BSD015	p105	166	4487.595563	4487.755729	4488.201227	4488.208561	4488.295394	4488.862058	4488.862058	left	0.0	29	-5.0	6	left	left	8262.675129
4489.258056	3773.4170729999996	trials	BSD015	p105	167	4489.258056	4489.343889	4489.814554	4489.814554	4489.942054	4490.10922	4492.004379	right	0.0	30	-4.0	6	left	left	8262.675129
4492.475377	3770.1997519999995	trials	BSD015	p105	168	4492.475377	4492.547543	4492.965208	4492.972542	4493.290207	4493.290207	4493.290207	left	0.0	31	-3.0	6	left	left	8262.675129
4493.946371	3768.7287579999993	trials	BSD015	p105	169	4493.946371	4494.013037	4494.456702	4494.456702	4494.575368	4495.508198	4495.508198	right	0.0	32	-2.0	6	left	right	8262.675129
4495.860697	3766.814431999999	trials	BSD015	p105	170	4495.860697	4496.043363	4496.563027	4496.568527	4496.685193	4500.375012	4500.375012	left	1.0	33	-1.0	6	left	left	8262.675129
4500.802344	3761.8727849999996	trials	BSD015	p105	171	4500.802344	4500.837843	4501.520174	4501.525674	4503.741998	4505.396325	4505.396325	right	1.0	0	0.0	7	right	right	8262.675129
4505.718491	3756.9566379999997	trials	BSD015	p105	172	4505.718491	4505.976489	4506.552154	4506.557654	4506.69132	4508.796145	4508.796145	right	1.0	1	-23.0	7	right	right	8262.675129
4509.28481	3753.390318999999	trials	BSD015	p105	173	4509.28481	4509.481975	4512.862962	4512.868295	4512.889795	4516.487281	4516.487281	right	1.0	2	-22.0	7	right	right	8262.675129
4517.453444	3745.2216849999995	trials	BSD015	p105	174	4517.453444	4517.47811	4518.015441	4518.020775	4518.179441	4520.163599	4520.163599	right	1.0	3	-21.0	7	right	right	8262.675129
4520.952096	3741.7230329999993	trials	BSD015	p105	175	4520.952096	4521.004929	4521.457761	4521.463094	4523.287587	4523.287587	4523.287587	right	1.0	4	-20.0	7	right	right	8262.675129
4523.684419	3738.990709999999	trials	BSD015	p105	176	4523.684419	4524.334249	4524.752581	4524.758081	4524.860081	4526.264908	4526.264908	right	1.0	5	-19.0	7	right	right	8262.675129
4526.68774	3735.987388999999	trials	BSD015	p105	177	4526.68774	4526.953406	4527.385071	4527.390571	4527.542237	4528.2889	4528.2889	right	1.0	6	-18.0	7	right	right	8262.675129
4528.650065	3734.0250639999995	trials	BSD015	p105	178	4528.650065	4528.972731	4529.382729	4529.388229	4529.522729	4532.43755	4532.43755	right	1.0	7	-17.0	7	right	right	8262.675129
4533.021048	3729.6540809999997	trials	BSD015	p105	179	4533.021048	4533.25888	4533.705212	4533.710712	4536.407701	4536.407701	4536.407701	right	1.0	8	-16.0	7	right	right	8262.675129
4536.991365	3725.6837639999994	trials	BSD015	p105	180	4536.991365	4537.020365	4537.571196	4537.57853	4537.703696	4538.751525	4538.751525	right	0.0	9	-15.0	7	right	right	8262.675129
4539.113024	3723.562104999999	trials	BSD015	p105	181	4539.113024	4539.775854	4540.237519	4540.244852	4541.068682	4541.068682	4541.068682	right	0.0	10	-14.0	7	right	right	8262.675129
4541.412681	3721.2624479999995	trials	BSD015	p105	182	4541.412681	4542.406844	4542.889342	4542.894842	4543.028175	4545.91883	4545.91883	right	1.0	11	-13.0	7	right	right	8262.675129
4546.348161	3716.3269679999994	trials	BSD015	p105	183	4546.348161	4546.472994	4546.989159	4546.996492	4547.475157	4547.475157	4547.475157	right	0.0	12	-12.0	7	right	right	8262.675129
4547.839155	3714.8359739999996	trials	BSD015	p105	184	4547.839155	4547.867155	4548.386153	4548.386153	4548.477986	4549.300316	4549.300316	left	0.0	13	-11.0	7	right	left	8262.675129
4549.727481	3712.9476479999994	trials	BSD015	p105	185	4549.727481	4549.824647	4550.214813	4550.214813	4550.424145	4550.424145	4550.424145	left	0.0	14	-10.0	7	right	left	8262.675129
4551.369975	3711.3051539999997	trials	BSD015	p105	186	4551.369975	4551.416808	4551.844806	4551.850139	4551.967806	4554.117464	4554.117464	right	1.0	15	-9.0	7	right	right	8262.675129
4554.660628	3708.0145009999997	trials	BSD015	p105	187	4554.660628	4554.796294	4555.334625	4555.340125	4557.497617	4557.519117	4557.519117	right	1.0	16	-8.0	7	right	right	8262.675129
4558.117948	3704.557180999999	trials	BSD015	p105	188	4558.117948	4558.162781	4558.618446	4558.623946	4561.281935	4561.281935	4561.281935	right	1.0	17	-7.0	7	right	right	8262.675129
4561.893099	3700.7820299999994	trials	BSD015	p105	189	4561.893099	4562.260598	4562.915262	4562.920595	4564.880921	4564.880921	4564.880921	right	1.0	18	-6.0	7	right	right	8262.675129
4565.451085	3697.2240439999996	trials	BSD015	p105	190	4565.451085	4565.862917	4566.268915	4566.274415	4566.466248	4568.517906	4568.517906	right	1.0	19	-5.0	7	right	right	8262.675129
4569.405069	3693.270059999999	trials	BSD015	p105	191	4569.405069	4569.461736	4569.9084	4569.913734	4570.031567	4573.502553	4573.502553	right	1.0	20	-4.0	7	right	right	8262.675129
4574.106384	3688.5687449999996	trials	BSD015	p105	192	4574.106384	4574.169883	4574.725215	4574.730548	4576.554041	4576.554041	4576.554041	right	1.0	21	-3.0	7	right	right	8262.675129
4577.042705	3685.6324239999994	trials	BSD015	p105	193	4577.042705	4577.539037	4577.981868	4577.987201	4580.830357	4580.830357	4580.830357	right	1.0	22	-2.0	7	right	right	8262.675129
4581.452188	3681.222940999999	trials	BSD015	p105	194	4581.452188	4581.618354	4582.043352	4582.048852	4582.189518	4585.701671	4585.701671	right	1.0	23	-1.0	7	right	right	8262.675129
4586.292835	3676.382293999999	trials	BSD015	p105	195	4586.292835	4586.904166	4587.379331	4587.379331	4587.481663	4588.205161	4588.205161	right	0.0	0	0.0	8	left	right	8262.675129
4588.588326	3674.0868029999992	trials	BSD015	p105	196	4588.588326	4588.647492	4589.367489	4589.367489	4589.837487	4589.837487	4591.946479	right	0.0	1	-13.0	8	left	right	8262.675129
4592.284144	3670.390984999999	trials	BSD015	p105	197	4592.284144	4592.396144	4592.854642	4592.860142	4592.914975	4594.779634	4594.779634	left	1.0	2	-12.0	8	left	left	8262.675129
4595.333299	3667.3418299999994	trials	BSD015	p105	198	4595.333299	4595.446632	4595.78463	4595.79013	4595.886963	4597.782789	4597.782789	left	1.0	3	-11.0	8	left	left	8262.675129
4598.265787	3664.409341999999	trials	BSD015	p105	199	4598.265787	4598.403286	4598.736452	4598.741952	4598.850118	4600.566611	4600.566611	left	1.0	4	-10.0	8	left	left	8262.675129
4601.041443	3661.633685999999	trials	BSD015	p105	200	4601.041443	4601.222609	4601.556774	4601.562274	4601.62694	4603.591599	4603.591599	left	1.0	5	-9.0	8	left	left	8262.675129
4604.035931	3658.639197999999	trials	BSD015	p105	201	4604.035931	4604.135097	4604.491762	4604.497095	4604.554262	4606.316588	4606.316588	left	1.0	6	-8.0	8	left	left	8262.675129
4606.765253	3655.9098759999997	trials	BSD015	p105	202	4606.765253	4606.917586	4607.300418	4607.305918	4607.353417	4609.034911	4609.034911	left	1.0	7	-7.0	8	left	left	8262.675129
4609.497242	3653.177886999999	trials	BSD015	p105	203	4609.497242	4609.682908	4610.10074	4610.106073	4610.206739	4612.049899	4612.049899	left	1.0	8	-6.0	8	left	left	8262.675129
4612.49073	3650.184398999999	trials	BSD015	p105	204	4612.49073	4612.745229	4613.113561	4613.119061	4613.147394	4615.721384	4615.721384	left	1.0	9	-5.0	8	left	left	8262.675129
4616.216049	3646.4590799999996	trials	BSD015	p105	205	4616.216049	4616.355715	4616.72438	4616.72988	4618.408373	4618.408373	4618.408373	left	1.0	10	-4.0	8	left	left	8262.675129
4618.963538	3643.7115909999993	trials	BSD015	p105	206	4618.963538	4619.017204	4619.398369	4619.403869	4619.451369	4621.080196	4621.080196	left	1.0	11	-3.0	8	left	left	8262.675129
4621.55836	3641.1167689999993	trials	BSD015	p105	207	4621.55836	4621.669193	4622.122358	4622.127858	4622.182358	4625.219179	4625.219179	left	1.0	12	-2.0	8	left	left	8262.675129
4625.717177	3636.957951999999	trials	BSD015	p105	208	4625.717177	4625.867843	4626.376341	4626.381841	4626.510507	4629.573995	4629.573995	left	1.0	13	-1.0	8	left	left	8262.675129
4630.106993	3632.568135999999	trials	BSD015	p105	209	4630.106993	4630.266992	4630.718824	4630.718824	4630.74499	4631.582487	4631.582487	left	0.0	0	0.0	9	right	left	8262.675129
4631.981985	3630.693143999999	trials	BSD015	p105	210	4631.981985	4632.050985	4632.425317	4632.425317	4632.737816	4632.737816	4634.682141	left	0.0	1	-20.0	9	right	left	8262.675129
4635.146139	3627.528989999999	trials	BSD015	p105	211	4635.146139	4635.312305	4635.882803	4635.890137	4636.050136	4636.187302	4636.187302	right	0.0	2	-19.0	9	right	right	8262.675129
4636.5693	3626.105828999999	trials	BSD015	p105	212	4636.5693	4636.646967	4637.113465	4637.113465	4637.219131	4637.965128	4637.965128	left	0.0	3	-18.0	9	right	left	8262.675129
4638.494959	3624.1801699999996	trials	BSD015	p105	213	4638.494959	4638.605459	4639.179123	4639.184457	4639.362623	4643.034775	4643.034775	right	1.0	4	-17.0	9	right	right	8262.675129
4643.907271	3618.7678579999993	trials	BSD015	p105	214	4643.907271	4643.943438	4644.486935	4644.492435	4644.620935	4647.562756	4647.562756	right	1.0	5	-16.0	9	right	right	8262.675129
4648.105754	3614.569374999999	trials	BSD015	p105	215	4648.105754	4648.419586	4648.849918	4648.855418	4648.976751	4650.427578	4650.427578	right	1.0	6	-15.0	9	right	right	8262.675129
4651.308075	3611.3670539999994	trials	BSD015	p105	216	4651.308075	4651.338575	4651.722407	4651.72774	4651.760406	4653.944898	4653.944898	right	1.0	7	-14.0	9	right	right	8262.675129
4654.531562	3608.143566999999	trials	BSD015	p105	217	4654.531562	4654.584395	4655.182893	4655.188393	4657.528383	4657.528383	4657.528383	right	1.0	8	-13.0	9	right	right	8262.675129
4658.030048	3604.6450809999997	trials	BSD015	p105	218	4658.030048	4658.209881	4658.693545	4658.699045	4661.7677	4662.307697	4662.307697	right	1.0	9	-12.0	9	right	right	8262.675129
4662.818195	3599.8569339999995	trials	BSD015	p105	219	4662.818195	4663.289527	4663.751858	4663.757025	4665.574018	4665.574018	4665.574018	right	1.0	10	-11.0	9	right	right	8262.675129
4666.325348	3596.349780999999	trials	BSD015	p105	220	4666.325348	4666.376681	4666.806846	4666.812346	4670.342165	4670.342165	4670.342165	right	1.0	11	-10.0	9	right	right	8262.675129
4670.879997	3591.7951319999993	trials	BSD015	p105	221	4670.879997	4671.516661	4671.973992	4671.979159	4675.421145	4675.421145	4675.421145	right	1.0	12	-9.0	9	right	right	8262.675129
4675.911476	3586.763652999999	trials	BSD015	p105	222	4675.911476	4676.304308	4676.730306	4676.73764	4676.834639	4677.571136	4677.571136	right	0.0	13	-8.0	9	right	right	8262.675129
4677.966802	3584.7083269999994	trials	BSD015	p105	223	4677.966802	4678.4288	4678.929798	4678.935298	4684.971274	4684.971274	4684.971274	right	1.0	14	-7.0	9	right	right	8262.675129
4685.546605	3577.128523999999	trials	BSD015	p105	224	4685.546605	4686.195269	4686.715433	4686.720933	4686.7851	4689.595422	4689.595422	right	1.0	15	-6.0	9	right	right	8262.675129
4690.122586	3572.552542999999	trials	BSD015	p105	225	4690.122586	4690.569918	4691.029583	4691.035083	4691.256415	4695.363899	4695.363899	right	1.0	16	-5.0	9	right	right	8262.675129
4695.94373	3566.7313989999993	trials	BSD015	p105	226	4695.94373	4696.877559	4697.39539	4697.402724	4697.542223	4698.34872	4698.34872	right	0.0	17	-4.0	9	right	right	8262.675129
4698.711885	3563.9632439999996	trials	BSD015	p105	227	4698.711885	4699.455549	4700.006547	4700.012047	4700.152213	4701.323208	4701.323208	right	1.0	18	-3.0	9	right	right	8262.675129
4701.768706	3560.9064229999994	trials	BSD015	p105	228	4701.768706	4702.703036	4703.243534	4703.250867	4704.370696	4704.370696	4704.370696	right	0.0	19	-2.0	9	right	right	8262.675129
4704.814361	3557.8607679999996	trials	BSD015	p105	229	4704.814361	4705.679691	4706.203189	4706.208355	4706.420688	4708.34068	4708.34068	right	1.0	20	-1.0	9	right	right	8262.675129
4708.800178	3553.874950999999	trials	BSD015	p105	230	4708.800178	4708.978344	4709.539342	4709.544842	4709.591508	4711.438668	4711.438668	left	1.0	0	0.0	10	left	left	8262.675129
4711.976832	3550.698296999999	trials	BSD015	p105	231	4711.976832	4712.036665	4712.46233	4712.46783	4712.58233	4714.358156	4714.358156	left	1.0	1	-10.0	10	left	left	8262.675129
4714.780321	3547.894807999999	trials	BSD015	p105	232	4714.780321	4714.862154	4715.335819	4715.341152	4717.682976	4717.682976	4717.682976	left	1.0	2	-9.0	10	left	left	8262.675129
4718.155141	3544.519987999999	trials	BSD015	p105	233	4718.155141	4718.475639	4718.813471	4718.820805	4718.889471	4719.346136	4719.346136	left	0.0	3	-8.0	10	left	left	8262.675129
4719.743801	3542.9313279999997	trials	BSD015	p105	234	4719.743801	4719.806968	4720.150133	4720.155633	4720.206133	4721.852959	4721.852959	left	1.0	4	-7.0	10	left	left	8262.675129
4722.277124	3540.398004999999	trials	BSD015	p105	235	4722.277124	4722.44229	4722.795622	4722.801122	4724.901614	4724.901614	4724.901614	left	1.0	5	-6.0	10	left	left	8262.675129
4725.315445	3537.359683999999	trials	BSD015	p105	236	4725.315445	4725.473278	4725.913776	4725.920943	4726.371775	4726.371775	4726.371775	left	0.0	6	-5.0	10	left	left	8262.675129
4726.735106	3535.940022999999	trials	BSD015	p105	237	4726.735106	4726.871439	4727.206938	4727.212438	4727.321604	4729.158097	4729.158097	left	1.0	7	-4.0	10	left	left	8262.675129
4729.612762	3533.0623669999995	trials	BSD015	p105	238	4729.612762	4729.799428	4730.158926	4730.164426	4730.350592	4732.183751	4732.183751	left	1.0	8	-3.0	10	left	left	8262.675129
4732.655749	3530.0193799999997	trials	BSD015	p105	239	4732.655749	4732.880582	4733.277247	4733.282747	4733.403746	4735.180239	4735.180239	left	1.0	9	-2.0	10	left	left	8262.675129
4735.660904	3527.014224999999	trials	BSD015	p105	240	4735.660904	4735.749404	4736.125402	4736.130736	4736.281402	4737.968062	4737.968062	left	1.0	10	-1.0	10	left	left	8262.675129
4738.487393	3524.187735999999	trials	BSD015	p105	241	4738.487393	4738.766392	4739.111724	4739.111724	4739.177557	4739.862387	4739.862387	left	0.0	0	0.0	11	right	left	8262.675129
4740.278386	3522.3967429999993	trials	BSD015	p105	242	4740.278386	4740.369885	4740.754717	4740.754717	4740.964716	4740.964716	4742.841209	left	0.0	1	-33.0	11	right	left	8262.675129
4743.150374	3519.5247549999995	trials	BSD015	p105	243	4743.150374	4743.27804	4743.693705	4743.693705	4743.951538	4743.951538	4743.951538	left	0.0	2	-32.0	11	right	left	8262.675129
4744.304536	3518.3705929999996	trials	BSD015	p105	244	4744.304536	4744.356536	4744.800868	4744.806201	4744.933534	4745.695031	4745.695031	right	1.0	3	-31.0	11	right	right	8262.675129
4746.034029	3516.641099999999	trials	BSD015	p105	245	4746.034029	4746.116696	4746.560694	4746.560694	4746.71436	4747.109858	4747.109858	left	0.0	4	-30.0	11	right	left	8262.675129
4747.808855	3514.866273999999	trials	BSD015	p105	246	4747.808855	4747.951688	4748.499186	4748.504686	4748.545519	4754.869161	4754.869161	right	1.0	5	-29.0	11	right	right	8262.675129
4755.506325	3507.168803999999	trials	BSD015	p105	247	4755.506325	4755.600991	4756.819486	4756.824986	4756.966152	4758.185981	4758.185981	right	1.0	6	-28.0	11	right	right	8262.675129
4758.623646	3504.0514829999993	trials	BSD015	p105	248	4758.623646	4758.714479	4759.182143	4759.187643	4759.359309	4760.957803	4760.957803	right	1.0	7	-27.0	11	right	right	8262.675129
4761.404134	3501.270994999999	trials	BSD015	p105	249	4761.404134	4761.609467	4762.204465	4762.209798	4762.423797	4763.579792	4763.579792	right	1.0	8	-26.0	11	right	right	8262.675129
4764.788954	3497.8861749999996	trials	BSD015	p105	250	4764.788954	4764.817621	4765.387952	4765.395118	4765.531285	4766.186449	4766.186449	right	0.0	9	-25.0	11	right	right	8262.675129
4766.551447	3496.1236819999995	trials	BSD015	p105	251	4766.551447	4766.622614	4767.087612	4767.087612	4767.183278	4767.59361	4767.59361	left	0.0	10	-24.0	11	right	left	8262.675129
4767.950608	3494.724520999999	trials	BSD015	p105	252	4767.950608	4768.393273	4768.808105	4768.808105	4768.991937	4768.991937	4768.991937	left	0.0	11	-23.0	11	right	left	8262.675129
4769.564935	3493.110193999999	trials	BSD015	p105	253	4769.564935	4769.612602	4770.058933	4770.0661	4770.174766	4772.099925	4772.099925	right	0.0	12	-22.0	11	right	right	8262.675129
4772.490923	3490.184205999999	trials	BSD015	p105	254	4772.490923	4772.537423	4772.998255	4772.998255	4773.233254	4773.381587	4777.190905	left	0.0	13	-21.0	11	right	right	8262.675129
4777.655903	3485.0192259999994	trials	BSD015	p105	255	4777.655903	4777.719903	4778.135901	4778.135901	4778.2514	4781.118722	4781.118722	left	0.0	14	-20.0	11	right	left	8262.675129
4781.857886	3480.8172429999995	trials	BSD015	p105	256	4781.857886	4781.933052	4782.40205	4782.40205	4782.652716	4782.652716	4784.19071	left	0.0	15	-19.0	11	right	right	8262.675129
4785.569871	3477.1052579999996	trials	BSD015	p105	257	4785.569871	4785.634704	4786.169535	4786.169535	4786.275868	4786.275868	4786.275868	left	0.0	16	-18.0	11	right	left	8262.675129
4786.953366	3475.7217629999996	trials	BSD015	p105	258	4786.953366	4787.071532	4787.625696	4787.631196	4787.646863	4791.087016	4791.087016	right	1.0	17	-17.0	11	right	right	8262.675129
4791.818013	3470.857115999999	trials	BSD015	p105	259	4791.818013	4791.869346	4792.358677	4792.364177	4793.944504	4793.944504	4793.944504	right	1.0	18	-16.0	11	right	right	8262.675129
4794.393169	3468.2819599999993	trials	BSD015	p105	260	4794.393169	4794.768334	4795.174666	4795.180166	4795.401498	4796.200495	4797.769156	right	1.0	19	-15.0	11	right	right	8262.675129
4798.091988	3464.583140999999	trials	BSD015	p105	261	4798.091988	4798.214654	4798.892651	4798.892651	4799.21115	4799.21115	4799.21115	left	0.0	20	-14.0	11	right	left	8262.675129
4799.625982	3463.0491469999997	trials	BSD015	p105	262	4799.625982	4799.767814	4800.311312	4800.316812	4800.403145	4801.318141	4801.318141	right	1.0	21	-13.0	11	right	right	8262.675129
4801.775306	3460.8998229999997	trials	BSD015	p105	263	4801.775306	4802.100972	4802.587303	4802.592636	4802.736802	4808.675445	4808.675445	right	1.0	22	-12.0	11	right	right	8262.675129
4809.311943	3453.3631859999996	trials	BSD015	p105	264	4809.311943	4809.392776	4810.11844	4810.123773	4815.442252	4815.442252	4815.442252	right	1.0	23	-11.0	11	right	right	8262.675129
4816.237415	3446.4377139999997	trials	BSD015	p105	265	4816.237415	4816.63858	4817.105745	4817.113078	4817.745242	4817.745242	4817.745242	right	0.0	24	-10.0	11	right	right	8262.675129
4818.173241	3444.501887999999	trials	BSD015	p105	266	4818.173241	4818.232574	4819.05757	4819.064737	4819.362403	4819.878234	4819.878234	right	0.0	25	-9.0	11	right	right	8262.675129
4820.265899	3442.4092299999993	trials	BSD015	p105	267	4820.265899	4820.878397	4821.472228	4821.479394	4821.59756	4919.020504	4951.440374	right	0.0	26	-8.0	11	right	left	8262.675129
4952.718203	3309.956925999999	trials	BSD015	p105	268	4952.718203	4953.403533	4954.151197	4954.151197	4954.314196	4956.367688	4956.367688	left	0.0	27	-7.0	11	right	left	8262.675129
4957.066852	3305.6082769999994	trials	BSD015	p105	269	4957.066852	4957.091185	4957.641183	4957.646683	4957.659683	4959.99934	4959.99934	right	1.0	28	-6.0	11	right	right	8262.675129
4960.978836	3301.696292999999	trials	BSD015	p105	270	4960.978836	4961.399501	4961.952666	4961.958166	4961.998665	4962.57433	4964.415489	right	1.0	29	-5.0	11	right	left	8262.675129
4964.890987	3297.7841419999995	trials	BSD015	p105	271	4964.890987	4965.06182	4965.541485	4965.541485	4965.650317	4966.358648	4966.358648	left	0.0	30	-4.0	11	right	left	8262.675129
4966.791146	3295.8839829999997	trials	BSD015	p105	272	4966.791146	4967.161145	4967.688976	4967.694476	4967.704976	4970.918463	4970.918463	right	1.0	31	-3.0	11	right	right	8262.675129
4971.572794	3291.1023349999996	trials	BSD015	p105	273	4971.572794	4972.217625	4972.744289	4972.749622	4972.877289	4975.555611	4975.555611	right	1.0	32	-2.0	11	right	right	8262.675129
4976.076276	3286.5988529999995	trials	BSD015	p105	274	4976.076276	4976.584107	4977.054939	4977.060438	4977.769602	4977.769602	4979.684095	right	1.0	33	-1.0	11	right	right	8262.675129
4980.057593	3282.617535999999	trials	BSD015	p105	275	4980.057593	4980.160093	4980.766424	4980.771924	4980.891423	4982.354417	4982.354417	left	1.0	0	0.0	12	left	left	8262.675129
4982.982581	3279.692547999999	trials	BSD015	p105	276	4982.982581	4983.072914	4983.488413	4983.493913	4983.605746	4985.025407	4985.025407	left	1.0	1	-10.0	12	left	left	8262.675129
4985.547571	3277.127557999999	trials	BSD015	p105	277	4985.547571	4985.576238	4985.94507	4985.952403	4986.224235	4986.224235	4986.224235	left	0.0	2	-9.0	12	left	left	8262.675129
4986.655067	3276.0200619999996	trials	BSD015	p105	278	4986.655067	4986.727566	4987.146565	4987.152065	4988.770058	4988.770058	4988.770058	left	1.0	3	-8.0	12	left	left	8262.675129
4989.212723	3273.4624059999996	trials	BSD015	p105	279	4989.212723	4989.302723	4989.660888	4989.666388	4991.244048	4991.244048	4991.244048	left	1.0	4	-7.0	12	left	left	8262.675129
4991.71838	3270.956748999999	trials	BSD015	p105	280	4991.71838	4991.822379	4992.142211	4992.147545	4992.255711	4992.983541	4992.983541	left	1.0	5	-6.0	12	left	left	8262.675129
4993.495039	3269.180089999999	trials	BSD015	p105	281	4993.495039	4993.589206	4993.953371	4993.958871	4994.054371	4995.677864	4995.677864	left	1.0	6	-5.0	12	left	left	8262.675129
4996.107862	3266.5672669999994	trials	BSD015	p105	282	4996.107862	4996.207695	4996.577694	4996.583194	4996.679027	4998.720852	4998.720852	left	1.0	7	-4.0	12	left	left	8262.675129
4999.247016	3263.428112999999	trials	BSD015	p105	283	4999.247016	4999.505182	4999.851347	4999.856847	4999.92918	5001.997172	5001.997172	left	1.0	8	-3.0	12	left	left	8262.675129
5002.53067	3260.144458999999	trials	BSD015	p105	284	5002.53067	5002.60567	5002.954335	5002.959835	5004.914327	5004.914327	5004.914327	left	1.0	9	-2.0	12	left	left	8262.675129
5005.419158	3257.2559709999996	trials	BSD015	p105	285	5005.419158	5005.486491	5005.814657	5005.820157	5005.865157	5007.749816	5007.749816	left	1.0	10	-1.0	12	left	left	8262.675129
5008.29048	3254.3846489999996	trials	BSD015	p105	286	5008.29048	5008.486146	5008.849978	5008.849978	5008.912311	5009.362476	5009.362476	left	0.0	0	0.0	13	right	left	8262.675129
5009.814474	3252.8606549999995	trials	BSD015	p105	287	5009.814474	5009.869141	5010.289639	5010.289639	5010.601638	5010.601638	5010.601638	left	0.0	1	-12.0	13	right	left	8262.675129
5011.109469	3251.5656599999993	trials	BSD015	p105	288	5011.109469	5011.140802	5011.520967	5011.520967	5011.8043	5011.8043	5011.8043	left	0.0	2	-11.0	13	right	left	8262.675129
5012.864295	3249.810833999999	trials	BSD015	p105	289	5012.864295	5012.969128	5013.699792	5013.699792	5013.935791	5014.252956	5014.252956	left	0.0	3	-10.0	13	right	left	8262.675129
5014.883787	3247.7913419999995	trials	BSD015	p105	290	5014.883787	5015.018787	5015.460785	5015.466285	5015.476285	5018.29044	5018.29044	right	1.0	4	-9.0	13	right	right	8262.675129
5019.364269	3243.3108599999996	trials	BSD015	p105	291	5019.364269	5019.533435	5019.9471	5019.9526	5020.1076	5020.81093	5020.81093	right	1.0	5	-8.0	13	right	right	8262.675129
5021.138096	3241.5370329999996	trials	BSD015	p105	292	5021.138096	5021.367928	5022.010425	5022.017759	5022.110092	5022.280258	5022.280258	right	0.0	6	-7.0	13	right	right	8262.675129
5022.731256	3239.9438729999993	trials	BSD015	p105	293	5022.731256	5022.836089	5023.30642	5023.30642	5023.479086	5023.645585	5026.300908	left	0.0	7	-6.0	13	right	right	8262.675129
5026.69224	3235.982888999999	trials	BSD015	p105	294	5026.69224	5027.50457	5027.903235	5027.908735	5028.054068	5030.469558	5030.469558	right	1.0	8	-5.0	13	right	right	8262.675129
5030.992556	3231.682572999999	trials	BSD015	p105	295	5030.992556	5031.78372	5032.190551	5032.196051	5034.371543	5034.371543	5034.371543	right	1.0	9	-4.0	13	right	right	8262.675129
5035.04104	3227.634088999999	trials	BSD015	p105	296	5035.04104	5035.94287	5036.416701	5036.422201	5038.253694	5038.40736	5038.40736	right	1.0	10	-3.0	13	right	right	8262.675129
5039.385856	3223.2892729999994	trials	BSD015	p105	297	5039.385856	5039.590688	5040.010853	5040.016353	5040.144686	5042.371511	5042.371511	right	1.0	11	-2.0	13	right	right	8262.675129
5042.876175	3219.798953999999	trials	BSD015	p105	298	5042.876175	5043.057174	5043.504173	5043.509673	5046.874826	5046.874826	5046.874826	right	1.0	12	-1.0	13	right	right	8262.675129
5047.59049	3215.0846389999997	trials	BSD015	p105	299	5047.59049	5047.816155	5048.28832	5048.28832	5049.073817	5049.073817	5049.073817	right	0.0	0	0.0	14	left	right	8262.675129
5049.452649	3213.2224799999995	trials	BSD015	p105	300	5049.452649	5050.203479	5050.644311	5050.644311	5050.751644	5051.299808	5051.299808	right	0.0	1	-17.0	14	left	right	8262.675129
5051.71214	3210.9629889999997	trials	BSD015	p105	301	5051.71214	5052.103138	5052.575636	5052.58097	5052.635303	5054.563795	5054.563795	left	1.0	2	-16.0	14	left	left	8262.675129
5055.12996	3207.545168999999	trials	BSD015	p105	302	5055.12996	5055.162293	5055.541791	5055.547125	5055.621458	5057.211285	5057.211285	left	1.0	3	-15.0	14	left	left	8262.675129
5057.709116	3204.9660129999993	trials	BSD015	p105	303	5057.709116	5057.740616	5058.120448	5058.125948	5058.202114	5059.676108	5059.676108	left	1.0	4	-14.0	14	left	left	8262.675129
5060.07794	3202.597188999999	trials	BSD015	p105	304	5060.07794	5060.119773	5060.474938	5060.480271	5060.553771	5062.157265	5062.157265	left	1.0	5	-13.0	14	left	left	8262.675129
5062.578263	3200.096865999999	trials	BSD015	p105	305	5062.578263	5062.625263	5062.982928	5062.988261	5063.049928	5064.875587	5064.875587	left	1.0	6	-12.0	14	left	left	8262.675129
5065.551085	3197.1240439999992	trials	BSD015	p105	306	5065.551085	5065.629751	5065.972583	5065.979916	5066.007249	5066.65858	5066.65858	left	0.0	7	-11.0	14	left	left	8262.675129
5067.096078	3195.5790509999997	trials	BSD015	p105	307	5067.096078	5067.174911	5067.54141	5067.546743	5069.229403	5069.229403	5069.229403	left	1.0	8	-10.0	14	left	left	8262.675129
5069.636402	3193.038726999999	trials	BSD015	p105	308	5069.636402	5069.772568	5070.151066	5070.156566	5070.231732	5072.236558	5072.236558	left	1.0	9	-9.0	14	left	left	8262.675129
5072.822389	3189.8527399999994	trials	BSD015	p105	309	5072.822389	5072.844055	5073.24522	5073.25072	5075.712377	5075.712377	5075.712377	left	1.0	10	-8.0	14	left	left	8262.675129
5076.221875	3186.453253999999	trials	BSD015	p105	310	5076.221875	5076.357708	5076.71404	5076.71954	5076.777873	5079.07253	5079.07253	left	1.0	11	-7.0	14	left	left	8262.675129
5079.585195	3183.0899339999996	trials	BSD015	p105	311	5079.585195	5079.802194	5080.155026	5080.160526	5080.234026	5083.083014	5083.083014	left	1.0	12	-6.0	14	left	left	8262.675129
5083.581346	3179.0937829999993	trials	BSD015	p105	312	5083.581346	5083.666012	5084.126844	5084.134177	5084.362176	5084.362176	5084.362176	left	0.0	13	-5.0	14	left	left	8262.675129
5084.763841	3177.9112879999993	trials	BSD015	p105	313	5084.763841	5084.830174	5085.265506	5085.270839	5085.392505	5087.164831	5087.164831	left	1.0	14	-4.0	14	left	left	8262.675129
5087.584996	3175.0901329999997	trials	BSD015	p105	314	5087.584996	5087.713163	5088.181994	5088.187494	5090.138486	5090.696151	5090.696151	left	1.0	15	-3.0	14	left	left	8262.675129
5091.122482	3171.5526469999995	trials	BSD015	p105	315	5091.122482	5091.299482	5091.695813	5091.701313	5091.788646	5093.876971	5093.876971	left	1.0	16	-2.0	14	left	left	8262.675129
5094.346136	3168.328992999999	trials	BSD015	p105	316	5094.346136	5094.445302	5094.837967	5094.843301	5094.882967	5096.598294	5096.598294	left	1.0	17	-1.0	14	left	left	8262.675129
5097.111958	3165.563170999999	trials	BSD015	p105	317	5097.111958	5097.211958	5097.61379	5097.61379	5097.854289	5097.854289	5097.854289	left	0.0	0	0.0	15	right	left	8262.675129
5098.303287	3164.3718419999996	trials	BSD015	p105	318	5098.303287	5098.395786	5098.794118	5098.794118	5099.11945	5099.11945	5101.072276	left	0.0	1	-30.0	15	right	left	8262.675129
5101.557274	3161.1178549999995	trials	BSD015	p105	319	5101.557274	5101.680273	5102.123105	5102.130438	5102.165438	5102.611603	5102.611603	right	0.0	2	-29.0	15	right	right	8262.675129
5103.2696	3159.4055289999997	trials	BSD015	p105	320	5103.2696	5103.374767	5103.812431	5103.812431	5104.499429	5104.499429	5104.499429	left	0.0	3	-28.0	15	right	left	8262.675129
5105.03876	3157.636368999999	trials	BSD015	p105	321	5105.03876	5105.196259	5105.631424	5105.638758	5105.714257	5106.536254	5106.536254	right	0.0	4	-27.0	15	right	right	8262.675129
5106.882919	3155.7922099999996	trials	BSD015	p105	322	5106.882919	5107.007419	5107.54425	5107.54425	5107.581083	5107.968248	5109.622242	left	0.0	5	-26.0	15	right	right	8262.675129
5111.074569	3151.600559999999	trials	BSD015	p105	323	5111.074569	5111.289235	5111.971566	5111.971566	5112.113065	5112.767396	5112.767396	left	0.0	6	-25.0	15	right	left	8262.675129
5113.26956	3149.4055689999996	trials	BSD015	p105	324	5113.26956	5113.343227	5113.890225	5113.890225	5114.09139	5114.09139	5115.75655	left	0.0	7	-24.0	15	right	right	8262.675129
5116.069382	3146.6057469999996	trials	BSD015	p105	325	5116.069382	5116.175215	5116.62288	5116.62288	5116.793546	5118.392873	5118.392873	left	0.0	8	-23.0	15	right	left	8262.675129
5122.214358	3140.460770999999	trials	BSD015	p105	326	5122.214358	5122.289858	5122.835022	5122.835022	5122.917188	5122.917188	5122.917188	left	0.0	9	-22.0	15	right	left	8262.675129
5123.517019	3139.1581099999994	trials	BSD015	p105	327	5123.517019	5123.570352	5124.275683	5124.281016	5124.404016	5126.665673	5126.665673	right	1.0	10	-21.0	15	right	right	8262.675129
5127.296504	3135.3786249999994	trials	BSD015	p105	328	5127.296504	5127.63017	5128.3445	5128.351833	5128.453333	5128.821331	5128.821331	right	0.0	11	-20.0	15	right	right	8262.675129
5129.17483	3133.5002989999994	trials	BSD015	p105	329	5129.17483	5129.322496	5129.864661	5129.864661	5130.283492	5130.283492	5132.132485	left	0.0	12	-19.0	15	right	left	8262.675129
5132.54315	3130.131978999999	trials	BSD015	p105	330	5132.54315	5132.666649	5133.068648	5133.068648	5133.129648	5133.42598	5135.06514	left	0.0	13	-18.0	15	right	left	8262.675129
5135.470472	3127.2046569999993	trials	BSD015	p105	331	5135.470472	5135.624138	5136.137136	5136.144302	5136.186135	5137.101798	5137.101798	right	0.0	14	-17.0	15	right	right	8262.675129
5137.58563	3125.0894989999997	trials	BSD015	p105	332	5137.58563	5137.861795	5138.644625	5138.651959	5138.771792	5139.28829	5139.28829	right	0.0	15	-16.0	15	right	right	8262.675129
5139.644121	3123.031007999999	trials	BSD015	p105	333	5139.644121	5139.712455	5140.183453	5140.183453	5140.215953	5141.296615	5141.296615	left	0.0	16	-15.0	15	right	left	8262.675129
5141.790113	3120.8850159999993	trials	BSD015	p105	334	5141.790113	5141.862279	5142.294278	5142.294278	5142.51261	5142.51261	5142.51261	left	0.0	17	-14.0	15	right	left	8262.675129
5142.940775	3119.7343539999993	trials	BSD015	p105	335	5142.940775	5142.989275	5143.415773	5143.421273	5143.463773	5146.385428	5146.385428	right	1.0	18	-13.0	15	right	right	8262.675129
5147.634423	3115.040705999999	trials	BSD015	p105	336	5147.634423	5147.685423	5148.078421	5148.083921	5148.23192	5150.994909	5150.994909	right	1.0	19	-12.0	15	right	right	8262.675129
5151.857906	3110.817222999999	trials	BSD015	p105	337	5151.857906	5151.877906	5152.304404	5152.309904	5154.13223	5154.13223	5154.13223	right	1.0	20	-11.0	15	right	right	8262.675129
5155.412892	3107.262236999999	trials	BSD015	p105	338	5155.412892	5156.013389	5156.486721	5156.492054	5158.717212	5158.717212	5158.717212	right	1.0	21	-10.0	15	right	right	8262.675129
5159.421876	3103.253252999999	trials	BSD015	p105	339	5159.421876	5159.707041	5160.129373	5160.134873	5160.283872	5164.967187	5164.967187	right	1.0	22	-9.0	15	right	right	8262.675129
5165.432185	3097.2429439999996	trials	BSD015	p105	340	5165.432185	5166.770346	5167.175178	5167.180511	5167.252344	5171.115329	5171.115329	right	1.0	23	-8.0	15	right	right	8262.675129
5171.71016	3090.9649689999997	trials	BSD015	p105	341	5171.71016	5172.760322	5173.240654	5173.24782	5173.801818	5173.801818	5173.801818	right	0.0	24	-7.0	15	right	right	8262.675129
5174.223316	3088.4518129999997	trials	BSD015	p105	342	5174.223316	5174.712148	5175.163646	5175.169146	5175.296146	5178.085801	5178.085801	right	1.0	25	-6.0	15	right	right	8262.675129
5178.780465	3083.8946639999995	trials	BSD015	p105	343	5178.780465	5179.160463	5179.649795	5179.655295	5182.970948	5185.562771	5185.562771	right	1.0	26	-5.0	15	right	right	8262.675129
5186.247435	3076.427693999999	trials	BSD015	p105	344	5186.247435	5186.373768	5186.965766	5186.965766	5187.055599	5187.777429	5187.777429	left	0.0	27	-4.0	15	right	left	8262.675129
5188.30526	3074.369868999999	trials	BSD015	p105	345	5188.30526	5188.38876	5188.755258	5188.755258	5189.135257	5189.135257	5189.135257	left	0.0	28	-3.0	15	right	left	8262.675129
5189.556422	3073.1187069999996	trials	BSD015	p105	346	5189.556422	5189.609922	5190.183586	5190.189086	5190.317752	5193.006741	5193.006741	right	1.0	29	-2.0	15	right	right	8262.675129
5194.131904	3068.5432249999994	trials	BSD015	p105	347	5194.131904	5194.675401	5195.135066	5195.140399	5198.851718	5198.851718	5198.851718	right	1.0	30	-1.0	15	right	right	8262.675129
5200.256379	3062.418749999999	trials	BSD015	p105	348	5200.256379	5200.768544	5201.245875	5201.245875	5201.435874	5201.435874	5201.435874	right	0.0	0	0.0	16	left	right	8262.675129
5201.816539	3060.858589999999	trials	BSD015	p105	349	5201.816539	5202.353704	5202.782369	5202.782369	5203.163201	5203.163201	5203.163201	right	0.0	1	-25.0	16	left	right	8262.675129
5203.739532	3058.9355969999997	trials	BSD015	p105	350	5203.739532	5204.021364	5204.756694	5204.762194	5204.795861	5206.816019	5206.816019	left	1.0	2	-24.0	16	left	left	8262.675129
5207.498683	3055.1764459999995	trials	BSD015	p105	351	5207.498683	5207.52435	5207.983348	5207.988848	5208.019681	5209.656841	5209.656841	left	1.0	3	-23.0	16	left	left	8262.675129
5210.109506	3052.5656229999995	trials	BSD015	p105	352	5210.109506	5210.229672	5210.570671	5210.576171	5213.057994	5213.110994	5213.110994	left	1.0	4	-22.0	16	left	left	8262.675129
5213.720159	3048.954969999999	trials	BSD015	p105	353	5213.720159	5213.816825	5214.22199	5214.227323	5214.303323	5216.458314	5216.458314	left	1.0	5	-21.0	16	left	left	8262.675129
5216.952146	3045.7229829999997	trials	BSD015	p105	354	5216.952146	5216.986312	5217.43331	5217.440644	5217.748476	5217.748476	5217.748476	left	0.0	6	-20.0	16	left	left	8262.675129
5218.161141	3044.5139879999997	trials	BSD015	p105	355	5218.161141	5218.488139	5218.905638	5218.912804	5219.139137	5219.139137	5221.194795	left	0.0	7	-19.0	16	left	right	8262.675129
5221.548294	3041.126834999999	trials	BSD015	p105	356	5221.548294	5221.630294	5222.112958	5222.118125	5222.217791	5224.214283	5224.214283	left	1.0	8	-18.0	16	left	left	8262.675129
5224.802114	3037.873014999999	trials	BSD015	p105	357	5224.802114	5224.93778	5225.278946	5225.284446	5226.148609	5226.148609	5226.148609	left	1.0	9	-17.0	16	left	left	8262.675129
5226.60594	3036.069188999999	trials	BSD015	p105	358	5226.60594	5226.699773	5227.122105	5227.127605	5229.23693	5229.23693	5229.23693	left	1.0	10	-16.0	16	left	left	8262.675129
5229.879594	3032.7955349999993	trials	BSD015	p105	359	5229.879594	5229.938427	5230.460592	5230.467925	5230.738924	5230.738924	5230.738924	left	0.0	11	-15.0	16	left	left	8262.675129
5231.102422	3031.5727069999994	trials	BSD015	p105	360	5231.102422	5231.302922	5231.75992	5231.76542	5233.501913	5233.501913	5233.501913	left	1.0	12	-14.0	16	left	left	8262.675129
5234.055744	3028.619384999999	trials	BSD015	p105	361	5234.055744	5234.148577	5234.681741	5234.687241	5234.800241	5236.460568	5236.460568	left	1.0	13	-13.0	16	left	left	8262.675129
5237.268564	3025.4065649999993	trials	BSD015	p105	362	5237.268564	5237.335397	5237.894228	5237.901562	5237.931062	5238.238894	5238.238894	left	0.0	14	-12.0	16	left	left	8262.675129
5238.732892	3023.9422369999993	trials	BSD015	p105	363	5238.732892	5238.829891	5239.360056	5239.360056	5239.468889	5240.225886	5240.225886	right	0.0	15	-11.0	16	left	right	8262.675129
5240.578218	3022.0969109999996	trials	BSD015	p105	364	5240.578218	5240.668551	5241.150715	5241.156215	5241.276382	5243.992537	5243.992537	left	1.0	16	-10.0	16	left	left	8262.675129
5244.567868	3018.107260999999	trials	BSD015	p105	365	5244.567868	5244.605535	5245.005367	5245.010867	5246.68436	5247.991188	5247.991188	left	1.0	17	-9.0	16	left	left	8262.675129
5248.483019	3014.192109999999	trials	BSD015	p105	366	5248.483019	5248.593852	5248.977851	5248.985184	5249.357516	5249.357516	5249.357516	left	0.0	18	-8.0	16	left	left	8262.675129
5249.764181	3012.9109479999997	trials	BSD015	p105	367	5249.764181	5250.06018	5250.535011	5250.542345	5250.625678	5250.942343	5250.942343	left	0.0	19	-7.0	16	left	left	8262.675129
5251.351175	3011.3239539999995	trials	BSD015	p105	368	5251.351175	5251.478007	5251.958506	5251.958506	5252.361171	5252.361171	5256.806653	right	0.0	20	-6.0	16	left	right	8262.675129
5257.179151	3005.495977999999	trials	BSD015	p105	369	5257.179151	5257.371651	5257.867482	5257.867482	5257.985315	5258.690979	5258.690979	right	0.0	21	-5.0	16	left	right	8262.675129
5259.073477	3003.6016519999994	trials	BSD015	p105	370	5259.073477	5259.24481	5259.756308	5259.761641	5259.772974	5263.24796	5263.24796	left	1.0	22	-4.0	16	left	left	8262.675129
5263.683625	2998.9915039999996	trials	BSD015	p105	371	5263.683625	5263.747458	5264.14929	5264.15479	5264.206457	5268.396606	5268.396606	left	1.0	23	-3.0	16	left	left	8262.675129
5268.873771	2993.8013579999997	trials	BSD015	p105	372	5268.873771	5268.943271	5269.312936	5269.318269	5271.216429	5271.216429	5271.216429	left	1.0	24	-2.0	16	left	left	8262.675129
5271.842926	2990.832202999999	trials	BSD015	p105	373	5271.842926	5271.871926	5272.264424	5272.269924	5272.362424	5276.288908	5276.288908	left	1.0	25	-1.0	16	left	left	8262.675129
5276.691907	2985.983221999999	trials	BSD015	p105	374	5276.691907	5276.828406	5277.240404	5277.240404	5277.55607	5277.55607	5279.395396	left	0.0	0	0.0	17	right	left	8262.675129
5279.811727	2982.863401999999	trials	BSD015	p105	375	5279.811727	5280.01906	5280.574558	5280.579891	5280.633224	5282.63255	5282.63255	right	1.0	1	-16.0	17	right	right	8262.675129
5283.146047	2979.529081999999	trials	BSD015	p105	376	5283.146047	5283.209214	5283.863711	5283.869045	5283.987044	5285.798037	5285.798037	right	1.0	2	-15.0	17	right	right	8262.675129
5286.6717	2976.0034289999994	trials	BSD015	p105	377	5286.6717	5287.068032	5287.566196	5287.571696	5287.588696	5289.25769	5289.25769	right	1.0	3	-14.0	17	right	right	8262.675129
5289.736188	2972.9389409999994	trials	BSD015	p105	378	5289.736188	5289.941854	5290.661351	5290.666851	5291.883346	5291.883346	5291.883346	right	1.0	4	-13.0	17	right	right	8262.675129
5292.327511	2970.347617999999	trials	BSD015	p105	379	5292.327511	5292.63151	5293.178841	5293.178841	5293.524673	5293.524673	5293.524673	left	0.0	5	-12.0	17	right	left	8262.675129
5294.009337	2968.665791999999	trials	BSD015	p105	380	5294.009337	5294.145337	5294.729168	5294.729168	5295.078	5295.078	5296.320828	left	0.0	6	-11.0	17	right	right	8262.675129
5296.632494	2966.042634999999	trials	BSD015	p105	381	5296.632494	5296.782493	5297.217158	5297.217158	5297.40349	5297.40349	5297.40349	left	0.0	7	-10.0	17	right	left	8262.675129
5298.415986	2964.2591429999993	trials	BSD015	p105	382	5298.415986	5298.516986	5298.979651	5298.986984	5299.08265	5299.510815	5299.510815	right	0.0	8	-9.0	17	right	right	8262.675129
5300.154813	2962.520315999999	trials	BSD015	p105	383	5300.154813	5300.679477	5301.187809	5301.193309	5301.336475	5302.258138	5302.258138	right	1.0	9	-8.0	17	right	right	8262.675129
5302.711469	2959.9636599999994	trials	BSD015	p105	384	5302.711469	5302.814802	5303.466133	5303.466133	5303.870798	5303.870798	5303.870798	left	0.0	10	-7.0	17	right	left	8262.675129
5304.373629	2958.3014999999996	trials	BSD015	p105	385	5304.373629	5304.460633	5304.837294	5304.837294	5304.868294	5305.609124	5305.609124	left	0.0	11	-6.0	17	right	left	8262.675129
5305.992456	2956.6826729999993	trials	BSD015	p105	386	5305.992456	5306.498287	5306.909952	5306.909952	5307.132285	5307.132285	5307.132285	left	0.0	12	-5.0	17	right	left	8262.675129
5307.773282	2954.901846999999	trials	BSD015	p105	387	5307.773282	5307.844615	5308.32378	5308.329113	5308.495613	5311.505767	5311.505767	right	1.0	13	-4.0	17	right	right	8262.675129
5312.513097	2950.1620319999993	trials	BSD015	p105	388	5312.513097	5312.584096	5312.995761	5313.001095	5313.141927	5314.864087	5314.864087	right	1.0	14	-3.0	17	right	right	8262.675129
5315.92325	2946.7518789999995	trials	BSD015	p105	389	5315.92325	5315.95475	5316.368415	5316.373748	5316.517247	5318.45224	5318.45224	right	1.0	15	-2.0	17	right	right	8262.675129
5319.23407	2943.441058999999	trials	BSD015	p105	390	5319.23407	5319.30557	5320.116066	5320.121566	5321.797226	5321.797226	5321.797226	right	1.0	16	-1.0	17	right	right	8262.675129
5322.272224	2940.402904999999	trials	BSD015	p105	391	5322.272224	5322.61089	5323.039721	5323.039721	5323.163054	5323.799218	5323.799218	right	0.0	0	0.0	18	left	right	8262.675129
5324.369049	2938.3060799999994	trials	BSD015	p105	392	5324.369049	5325.212213	5325.716711	5325.72221	5325.850377	5328.087201	5328.087201	left	1.0	1	-16.0	18	left	left	8262.675129
5328.663365	2934.011763999999	trials	BSD015	p105	393	5328.663365	5328.710365	5329.111364	5329.118697	5329.249196	5329.29903	5332.077352	left	0.0	2	-15.0	18	left	right	8262.675129
5332.391684	2930.283444999999	trials	BSD015	p105	394	5332.391684	5332.453017	5332.874682	5332.880015	5332.934682	5335.406672	5335.406672	left	1.0	3	-14.0	18	left	left	8262.675129
5335.976669	2926.6984599999996	trials	BSD015	p105	395	5335.976669	5336.031836	5336.377835	5336.383168	5338.411326	5338.411326	5338.411326	left	1.0	4	-13.0	18	left	left	8262.675129
5338.945824	2923.729304999999	trials	BSD015	p105	396	5338.945824	5338.983324	5339.480989	5339.486489	5339.566822	5342.694809	5342.694809	left	1.0	5	-12.0	18	left	left	8262.675129
5343.145807	2919.5293219999994	trials	BSD015	p105	397	5343.145807	5343.259474	5343.655305	5343.660639	5345.609798	5345.609798	5347.131458	left	1.0	6	-11.0	18	left	left	8262.675129
5347.526123	2915.1490059999996	trials	BSD015	p105	398	5347.526123	5347.708623	5348.104621	5348.109954	5348.22812	5351.896939	5351.896939	left	1.0	7	-10.0	18	left	left	8262.675129
5352.628103	2910.0470259999993	trials	BSD015	p105	399	5352.628103	5352.682269	5353.177101	5353.182601	5353.232267	5355.222259	5355.222259	left	1.0	8	-9.0	18	left	left	8262.675129
5356.040089	2906.635039999999	trials	BSD015	p105	400	5356.040089	5356.069922	5356.536254	5356.541754	5356.649753	5359.214077	5359.214077	left	1.0	9	-8.0	18	left	left	8262.675129
5359.878741	2902.796387999999	trials	BSD015	p105	401	5359.878741	5359.99274	5360.434572	5360.441905	5360.600904	5360.85707	5360.85707	left	0.0	10	-7.0	18	left	left	8262.675129
5361.280068	2901.3950609999993	trials	BSD015	p105	402	5361.280068	5361.416068	5361.883566	5361.888899	5364.567222	5364.567222	5364.567222	left	1.0	11	-6.0	18	left	left	8262.675129
5365.286219	2897.3889099999997	trials	BSD015	p105	403	5365.286219	5365.388552	5365.826717	5365.832217	5365.958383	5367.019379	5367.019379	left	1.0	12	-5.0	18	left	left	8262.675129
5367.627376	2895.047752999999	trials	BSD015	p105	404	5367.627376	5367.666876	5368.177707	5368.183207	5368.200041	5373.44852	5373.44852	left	1.0	13	-4.0	18	left	left	8262.675129
5373.948351	2888.7267779999993	trials	BSD015	p105	405	5373.948351	5374.155683	5374.585682	5374.591182	5375.594011	5375.594011	5375.594011	left	1.0	14	-3.0	18	left	left	8262.675129
5376.149842	2886.5252869999995	trials	BSD015	p105	406	5376.149842	5376.279342	5376.693007	5376.698507	5376.760006	5379.815661	5379.815661	left	1.0	15	-2.0	18	left	left	8262.675129
5380.770324	2881.904804999999	trials	BSD015	p105	407	5380.770324	5380.856823	5381.327488	5381.332821	5381.352321	5386.158635	5386.158635	left	1.0	16	-1.0	18	left	left	8262.675129
5386.677633	2875.997495999999	trials	BSD015	p105	408	5386.677633	5386.800633	5387.235631	5387.235631	5387.41813	5387.41813	5389.012291	left	0.0	0	0.0	19	right	right	8262.675129
5389.361623	2873.3135059999995	trials	BSD015	p105	409	5389.361623	5389.491122	5390.026287	5390.026287	5390.05262	5390.259119	5390.259119	left	0.0	1	-55.0	19	right	left	8262.675129
5391.236282	2871.4388469999994	trials	BSD015	p105	410	5391.236282	5391.296282	5391.887946	5391.893279	5392.025779	5393.137108	5393.137108	right	1.0	2	-54.0	19	right	right	8262.675129
5393.651772	2869.023356999999	trials	BSD015	p105	411	5393.651772	5394.253103	5394.723601	5394.723601	5395.189433	5395.189433	5395.189433	left	0.0	3	-53.0	19	right	left	8262.675129
5395.677764	2866.9973649999993	trials	BSD015	p105	412	5395.677764	5395.749597	5396.249428	5396.249428	5396.393094	5396.393094	5397.702756	left	0.0	4	-52.0	19	right	right	8262.675129
5398.077254	2864.5978749999995	trials	BSD015	p105	413	5398.077254	5398.267754	5398.736585	5398.736585	5398.910918	5398.910918	5400.464912	left	0.0	5	-51.0	19	right	right	8262.675129
5400.87091	2861.8042189999996	trials	BSD015	p105	414	5400.87091	5401.004409	5401.537907	5401.543407	5410.479705	5413.317693	5413.317693	right	1.0	6	-50.0	19	right	right	8262.675129
5413.736192	2848.938936999999	trials	BSD015	p105	415	5413.736192	5414.214523	5414.669688	5414.677021	5414.787688	5414.91352	5414.91352	right	0.0	7	-49.0	19	right	right	8262.675129
5415.759684	2846.9154449999996	trials	BSD015	p105	416	5415.759684	5415.833183	5416.293848	5416.299348	5416.429848	5419.786001	5419.786001	right	1.0	8	-48.0	19	right	right	8262.675129
5420.980163	2841.694965999999	trials	BSD015	p105	417	5420.980163	5421.177995	5421.61916	5421.626494	5421.953492	5421.953492	5423.801152	right	0.0	9	-47.0	19	right	left	8262.675129
5424.267816	2838.4073129999997	trials	BSD015	p105	418	5424.267816	5424.363649	5424.826981	5424.826981	5425.047813	5425.047813	5426.629974	left	0.0	10	-46.0	19	right	right	8262.675129
5426.951806	2835.7233229999993	trials	BSD015	p105	419	5426.951806	5427.041472	5427.52697	5427.52697	5427.741302	5427.793469	5427.793469	left	0.0	11	-45.0	19	right	left	8262.675129
5428.4368	2834.238328999999	trials	BSD015	p105	420	5428.4368	5428.639632	5429.07763	5429.07763	5429.290963	5429.290963	5429.290963	left	0.0	12	-44.0	19	right	left	8262.675129
5430.270959	2832.404169999999	trials	BSD015	p105	421	5430.270959	5430.402625	5430.93729	5430.942623	5431.822786	5431.822786	5431.822786	right	1.0	13	-43.0	19	right	right	8262.675129
5432.304284	2830.3708449999995	trials	BSD015	p105	422	5432.304284	5432.403617	5432.955948	5432.955948	5433.013115	5433.289114	5433.289114	left	0.0	14	-42.0	19	right	left	8262.675129
5433.981611	2828.693517999999	trials	BSD015	p105	423	5433.981611	5434.121777	5434.606108	5434.611608	5434.730941	5438.42526	5438.42526	right	1.0	15	-41.0	19	right	right	8262.675129
5439.401922	2823.2732069999993	trials	BSD015	p105	424	5439.401922	5439.471589	5439.876921	5439.882421	5442.302578	5442.302578	5442.302578	right	1.0	16	-40.0	19	right	right	8262.675129
5442.875742	2819.799386999999	trials	BSD015	p105	425	5442.875742	5443.368407	5443.797905	5443.805238	5444.250236	5444.250236	5444.250236	right	0.0	17	-39.0	19	right	right	8262.675129
5444.718901	2817.956227999999	trials	BSD015	p105	426	5444.718901	5445.0824	5445.586898	5445.592398	5449.554549	5449.554549	5449.554549	right	1.0	18	-38.0	19	right	right	8262.675129
5450.218713	2812.456415999999	trials	BSD015	p105	427	5450.218713	5450.775377	5451.241708	5451.247208	5454.577195	5454.577195	5454.577195	right	1.0	19	-37.0	19	right	right	8262.675129
5455.290526	2807.3846029999995	trials	BSD015	p105	428	5455.290526	5456.371688	5456.873853	5456.879353	5456.991685	5458.641179	5458.641179	right	1.0	20	-36.0	19	right	right	8262.675129
5459.631008	2803.044120999999	trials	BSD015	p105	429	5459.631008	5459.697341	5460.348672	5460.356005	5460.558838	5460.558838	5460.558838	right	0.0	21	-35.0	19	right	right	8262.675129
5461.443834	2801.2312949999996	trials	BSD015	p105	430	5461.443834	5461.7305	5462.461497	5462.461497	5462.938328	5462.938328	5462.938328	left	0.0	22	-34.0	19	right	left	8262.675129
5463.545993	2799.1291359999996	trials	BSD015	p105	431	5463.545993	5463.714159	5464.24599	5464.253156	5464.349156	5464.563488	5465.875483	right	0.0	23	-33.0	19	right	left	8262.675129
5466.518314	2796.1568149999994	trials	BSD015	p105	432	5466.518314	5466.617147	5467.036312	5467.036312	5467.257978	5467.257978	5467.257978	left	0.0	24	-32.0	19	right	left	8262.675129
5467.846475	2794.828653999999	trials	BSD015	p105	433	5467.846475	5468.287807	5468.753805	5468.761138	5468.860471	5469.568135	5469.568135	right	0.0	25	-31.0	19	right	right	8262.675129
5470.042467	2792.632661999999	trials	BSD015	p105	434	5470.042467	5471.022296	5471.767126	5471.767126	5471.832793	5471.958959	5471.958959	left	0.0	26	-30.0	19	right	left	8262.675129
5472.820455	2789.8546739999992	trials	BSD015	p105	435	5472.820455	5472.864289	5473.33462	5473.341953	5473.433953	5474.091284	5474.091284	right	0.0	27	-29.0	19	right	right	8262.675129
5474.542949	2788.1321799999996	trials	BSD015	p105	436	5474.542949	5474.701115	5475.139113	5475.139113	5475.147779	5476.815606	5476.815606	left	0.0	28	-28.0	19	right	left	8262.675129
5477.54877	2785.126358999999	trials	BSD015	p105	437	5477.54877	5477.586603	5477.984268	5477.984268	5478.2346	5478.2346	5478.2346	left	0.0	29	-27.0	19	right	left	8262.675129
5478.761765	2783.913363999999	trials	BSD015	p105	438	5478.761765	5479.046431	5479.446929	5479.446929	5479.702261	5479.702261	5479.702261	left	0.0	30	-26.0	19	right	left	8262.675129
5480.443592	2782.2315369999997	trials	BSD015	p105	439	5480.443592	5480.551258	5481.041589	5481.047089	5481.094756	5482.115418	5482.115418	right	1.0	31	-25.0	19	right	right	8262.675129
5482.817582	2779.8575469999996	trials	BSD015	p105	440	5482.817582	5483.500579	5484.014911	5484.014911	5484.24741	5484.24741	5484.24741	left	0.0	32	-24.0	19	right	left	8262.675129
5484.730908	2777.944220999999	trials	BSD015	p105	441	5484.730908	5484.804408	5485.345572	5485.350905	5485.390072	5486.7309	5486.7309	right	1.0	33	-23.0	19	right	right	8262.675129
5487.244231	2775.4308979999996	trials	BSD015	p105	442	5487.244231	5488.915224	5489.366223	5489.371723	5489.521389	5491.042549	5491.042549	right	1.0	34	-22.0	19	right	right	8262.675129
5491.527381	2771.1477479999994	trials	BSD015	p105	443	5491.527381	5492.492043	5492.950875	5492.956375	5493.105041	5493.663872	5493.663872	right	1.0	35	-21.0	19	right	right	8262.675129
5494.026537	2768.6485919999996	trials	BSD015	p105	444	5494.026537	5494.318703	5494.899867	5494.899867	5495.193866	5495.193866	5495.193866	left	0.0	36	-20.0	19	right	left	8262.675129
5495.720197	2766.9549319999996	trials	BSD015	p105	445	5495.720197	5495.906696	5496.401528	5496.401528	5496.474194	5496.641027	5496.641027	left	0.0	37	-19.0	19	right	left	8262.675129
5497.754522	2764.920606999999	trials	BSD015	p105	446	5497.754522	5497.850022	5498.289187	5498.294687	5501.003176	5501.003176	5501.003176	right	1.0	38	-18.0	19	right	right	8262.675129
5501.628174	2761.046954999999	trials	BSD015	p105	447	5501.628174	5502.708836	5503.111668	5503.117001	5505.12366	5505.12366	5505.12366	right	1.0	39	-17.0	19	right	right	8262.675129
5506.57132	2756.1038089999993	trials	BSD015	p105	448	5506.57132	5507.164318	5507.58565	5507.592983	5508.22348	5508.22348	5508.22348	right	0.0	40	-16.0	19	right	right	8262.675129
5508.565646	2754.1094829999993	trials	BSD015	p105	449	5508.565646	5508.749312	5509.390976	5509.396309	5509.527475	5512.830295	5512.830295	right	1.0	41	-15.0	19	right	right	8262.675129
5513.667292	2749.007836999999	trials	BSD015	p105	450	5513.667292	5513.806958	5514.26029	5514.265623	5519.330936	5519.330936	5519.330936	right	1.0	42	-14.0	19	right	right	8262.675129
5520.315599	2742.3595299999997	trials	BSD015	p105	451	5520.315599	5521.549261	5522.331424	5522.336757	5526.118409	5526.118409	5526.118409	right	1.0	43	-13.0	19	right	right	8262.675129
5526.895406	2735.7797229999996	trials	BSD015	p105	452	5526.895406	5527.189571	5527.686736	5527.692069	5529.693061	5529.693061	5529.693061	right	1.0	44	-12.0	19	right	right	8262.675129
5530.86989	2731.8052389999993	trials	BSD015	p105	453	5530.86989	5530.897056	5531.437054	5531.442388	5533.704712	5533.704712	5533.704712	right	1.0	45	-11.0	19	right	right	8262.675129
5534.223543	2728.451585999999	trials	BSD015	p105	454	5534.223543	5534.735541	5535.183206	5535.190539	5535.280539	5535.929203	5535.929203	right	0.0	46	-10.0	19	right	right	8262.675129
5536.335035	2726.340093999999	trials	BSD015	p105	455	5536.335035	5536.7717	5537.346197	5537.346197	5537.423864	5537.58903	5537.58903	left	0.0	47	-9.0	19	right	left	8262.675129
5538.237194	2724.437934999999	trials	BSD015	p105	456	5538.237194	5538.340693	5538.777858	5538.783358	5538.934691	5539.308023	5539.308023	right	1.0	48	-8.0	19	right	right	8262.675129
5539.808354	2722.8667749999995	trials	BSD015	p105	457	5539.808354	5539.94102	5540.458852	5540.458852	5540.499351	5541.162682	5541.162682	left	0.0	49	-7.0	19	right	left	8262.675129
5541.831179	2720.8439499999995	trials	BSD015	p105	458	5541.831179	5541.868346	5542.41801	5542.41801	5542.676843	5543.204174	5543.204174	left	0.0	50	-6.0	19	right	left	8262.675129
5543.622839	2719.0522899999996	trials	BSD015	p105	459	5543.622839	5543.797005	5544.205503	5544.205503	5544.26267	5544.482669	5545.539331	left	0.0	51	-5.0	19	right	right	8262.675129
5545.986996	2716.6881329999997	trials	BSD015	p105	460	5545.986996	5546.120662	5546.613494	5546.613494	5546.69866	5547.013659	5547.013659	left	0.0	52	-4.0	19	right	left	8262.675129
5548.007988	2714.667140999999	trials	BSD015	p105	461	5548.007988	5548.031488	5548.484319	5548.484319	5548.703485	5548.703485	5550.165813	left	0.0	53	-3.0	19	right	right	8262.675129
5557.214451	2705.4606779999995	trials	BSD015	p105	462	5557.214451	5557.335117	5557.957448	5557.957448	5558.535779	5558.535779	5706.956352	left	0.0	54	-2.0	19	right	right	8262.675129
5707.881182	2554.793946999999	trials	BSD015	p105	463	5707.881182	5708.612179	5709.550675	5709.556175	5709.681175	5713.771992	5713.771992	right	1.0	55	-1.0	19	right	right	8262.675129
5714.484822	2548.190306999999	trials	BSD015	p105	464	5714.484822	5714.531489	5716.098982	5716.098982	5716.497481	5720.538798	5720.538798	right	0.0	0	0.0	20	left	right	8262.675129
5721.609127	2541.0660019999996	trials	BSD015	p105	465	5721.609127	5721.638293	5722.463624	5722.468957	5723.625786	5723.625786	5723.625786	left	1.0	1	-20.0	20	left	left	8262.675129
5724.321949	2538.353179999999	trials	BSD015	p105	466	5724.321949	5724.440282	5724.877947	5724.883447	5724.97028	5728.640099	5728.640099	left	1.0	2	-19.0	20	left	left	8262.675129
5729.16993	2533.5051989999993	trials	BSD015	p105	467	5729.16993	5729.196763	5729.669761	5729.677095	5729.897427	5730.492258	5730.492258	left	0.0	3	-18.0	20	left	left	8262.675129
5731.033923	2531.6412059999993	trials	BSD015	p105	468	5731.033923	5731.115589	5731.476088	5731.483421	5731.57442	5732.209251	5732.209251	left	0.0	4	-17.0	20	left	left	8262.675129
5732.659249	2530.015879999999	trials	BSD015	p105	469	5732.659249	5732.758749	5733.154081	5733.159581	5733.283747	5734.676908	5734.676908	left	1.0	5	-16.0	20	left	left	8262.675129
5735.145406	2527.5297229999996	trials	BSD015	p105	470	5735.145406	5735.221906	5735.655404	5735.660904	5735.76407	5737.349731	5737.349731	left	1.0	6	-15.0	20	left	left	8262.675129
5737.985228	2524.6899009999997	trials	BSD015	p105	471	5737.985228	5738.061061	5738.453893	5738.459226	5738.586392	5739.890054	5739.890054	left	1.0	7	-14.0	20	left	left	8262.675129
5740.438052	2522.237076999999	trials	BSD015	p105	472	5740.438052	5740.464718	5740.848217	5740.85555	5741.084716	5741.57638	5741.57638	left	0.0	8	-13.0	20	left	left	8262.675129
5742.077545	2520.597583999999	trials	BSD015	p105	473	5742.077545	5742.148045	5742.622543	5742.627876	5742.727042	5744.725868	5744.725868	left	1.0	9	-12.0	20	left	left	8262.675129
5745.334032	2517.3410969999995	trials	BSD015	p105	474	5745.334032	5745.477531	5745.832863	5745.838197	5747.59469	5749.11035	5749.11035	left	1.0	10	-11.0	20	left	left	8262.675129
5749.578348	2513.0967809999993	trials	BSD015	p105	475	5749.578348	5749.647681	5750.00668	5750.01218	5750.144013	5753.653665	5753.653665	left	1.0	11	-10.0	20	left	left	8262.675129
5754.097497	2508.5776319999995	trials	BSD015	p105	476	5754.097497	5754.180497	5754.556495	5754.561828	5756.358321	5756.768653	5758.042648	left	1.0	12	-9.0	20	left	left	8262.675129
5758.510146	2504.1649829999997	trials	BSD015	p105	477	5758.510146	5758.853311	5759.222976	5759.22831	5760.370972	5760.577471	5760.577471	left	1.0	13	-8.0	20	left	left	8262.675129
5761.003303	2501.671825999999	trials	BSD015	p105	478	5761.003303	5761.035803	5761.511967	5761.519301	5761.736133	5761.736133	5761.736133	left	0.0	14	-7.0	20	left	left	8262.675129
5762.256798	2500.418330999999	trials	BSD015	p105	479	5762.256798	5762.330797	5762.771129	5762.776629	5762.896795	5764.741621	5764.741621	left	1.0	15	-6.0	20	left	left	8262.675129
5765.359452	2497.3156769999996	trials	BSD015	p105	480	5765.359452	5765.414618	5765.83545	5765.840783	5765.948283	5769.512769	5769.512769	left	1.0	16	-5.0	20	left	left	8262.675129
5769.977933	2492.697195999999	trials	BSD015	p105	481	5769.977933	5770.069933	5770.437598	5770.443098	5770.503431	5773.687419	5773.687419	left	1.0	17	-4.0	20	left	left	8262.675129
5774.077084	2488.5980449999997	trials	BSD015	p105	482	5774.077084	5774.136083	5774.487582	5774.494915	5774.741581	5775.517911	5775.517911	left	0.0	18	-3.0	20	left	left	8262.675129
5775.943576	2486.7315529999996	trials	BSD015	p105	483	5775.943576	5776.138075	5776.56474	5776.57024	5778.191401	5779.474729	5779.474729	left	1.0	19	-2.0	20	left	left	8262.675129
5779.97056	2482.7045689999995	trials	BSD015	p105	484	5779.97056	5780.067726	5780.423058	5780.428392	5782.021719	5782.021719	5782.021719	left	1.0	20	-1.0	20	left	left	8262.675129
5782.553716	2480.121412999999	trials	BSD015	p105	485	5782.553716	5782.669383	5783.101714	5783.101714	5783.46738	5783.46738	5783.46738	left	0.0	0	0.0	21	right	left	8262.675129
5784.08121	2478.593918999999	trials	BSD015	p105	486	5784.08121	5784.10321	5784.557042	5784.557042	5784.646708	5784.882707	5784.882707	left	0.0	1	-41.0	21	right	left	8262.675129
5785.400872	2477.274256999999	trials	BSD015	p105	487	5785.400872	5785.538371	5786.093036	5786.093036	5786.491201	5786.491201	5788.34586	left	0.0	2	-40.0	21	right	right	8262.675129
5788.850191	2473.824937999999	trials	BSD015	p105	488	5788.850191	5788.885025	5789.368356	5789.368356	5789.433522	5789.697188	5789.697188	left	0.0	3	-39.0	21	right	left	8262.675129
5790.764684	2471.9104449999995	trials	BSD015	p105	489	5790.764684	5790.857017	5791.297848	5791.303182	5791.392514	5792.604176	5792.604176	right	1.0	4	-38.0	21	right	right	8262.675129
5793.143507	2469.5316219999995	trials	BSD015	p105	490	5793.143507	5793.216507	5794.034504	5794.040004	5794.162503	5795.338332	5795.338332	right	1.0	5	-37.0	21	right	right	8262.675129
5795.775164	2466.8999649999996	trials	BSD015	p105	491	5795.775164	5795.830997	5796.403994	5796.403994	5796.612994	5796.612994	5796.612994	left	0.0	6	-36.0	21	right	left	8262.675129
5797.268324	2465.4068049999996	trials	BSD015	p105	492	5797.268324	5797.385657	5798.166821	5798.172321	5801.115809	5801.326975	5801.326975	right	1.0	7	-35.0	21	right	right	8262.675129
5802.888635	2459.786493999999	trials	BSD015	p105	493	5802.888635	5802.968302	5803.527466	5803.534799	5804.119464	5804.119464	5804.119464	right	0.0	8	-34.0	21	right	right	8262.675129
5804.871961	2457.8031679999995	trials	BSD015	p105	494	5804.871961	5805.059626	5805.568958	5805.574291	5807.484617	5807.484617	5807.484617	right	1.0	9	-33.0	21	right	right	8262.675129
5808.483113	2454.192015999999	trials	BSD015	p105	495	5808.483113	5808.727445	5809.116777	5809.122277	5811.275768	5811.275768	5811.275768	right	1.0	10	-32.0	21	right	right	8262.675129
5812.276431	2450.398697999999	trials	BSD015	p105	496	5812.276431	5812.702929	5813.136427	5813.141761	5815.968916	5815.968916	5815.968916	right	1.0	11	-31.0	21	right	right	8262.675129
5816.828079	2445.8470499999994	trials	BSD015	p105	497	5816.828079	5817.176411	5817.55691	5817.56241	5820.675731	5820.675731	5820.675731	right	1.0	12	-30.0	21	right	right	8262.675129
5821.501561	2441.1735679999992	trials	BSD015	p105	498	5821.501561	5821.779226	5822.291058	5822.296391	5824.366883	5824.366883	5824.366883	right	1.0	13	-29.0	21	right	right	8262.675129
5825.040213	2437.634915999999	trials	BSD015	p105	499	5825.040213	5825.795544	5826.261208	5826.266542	5826.355208	5828.3542	5830.414192	right	1.0	14	-28.0	21	right	right	8262.675129
5830.914856	2431.760272999999	trials	BSD015	p105	500	5830.914856	5830.996023	5831.74102	5831.74652	5834.003511	5834.003511	5834.003511	right	1.0	15	-27.0	21	right	right	8262.675129
5834.554342	2428.120786999999	trials	BSD015	p105	501	5834.554342	5835.209673	5835.663671	5835.669171	5839.725154	5839.946154	5839.946154	right	1.0	16	-26.0	21	right	right	8262.675129
5841.807479	2420.8676499999992	trials	BSD015	p105	502	5841.807479	5841.881813	5842.360811	5842.366311	5844.344136	5844.344136	5844.344136	right	1.0	17	-25.0	21	right	right	8262.675129
5845.516131	2417.158997999999	trials	BSD015	p105	503	5845.516131	5845.549131	5846.155295	5846.155295	5846.386128	5846.616627	5846.616627	left	0.0	18	-24.0	21	right	left	8262.675129
5847.099958	2415.5751709999995	trials	BSD015	p105	504	5847.099958	5847.134458	5847.493457	5847.493457	5847.678956	5847.678956	5848.780452	left	0.0	19	-23.0	21	right	left	8262.675129
5849.249116	2413.4260129999993	trials	BSD015	p105	505	5849.249116	5849.302949	5849.798948	5849.806281	5850.209613	5850.209613	5850.209613	right	0.0	20	-22.0	21	right	right	8262.675129
5850.918776	2411.756352999999	trials	BSD015	p105	506	5850.918776	5851.019109	5851.518774	5851.518774	5851.998772	5851.998772	5851.998772	left	0.0	21	-21.0	21	right	left	8262.675129
5852.61327	2410.0618589999995	trials	BSD015	p105	507	5852.61327	5852.653769	5853.151601	5853.158934	5853.223767	5853.805431	5853.805431	right	0.0	22	-20.0	21	right	right	8262.675129
5854.446429	2408.2286999999997	trials	BSD015	p105	508	5854.446429	5855.240092	5855.93759	5855.942923	5861.005736	5861.074402	5861.074402	right	1.0	23	-19.0	21	right	right	8262.675129
5861.896899	2400.778229999999	trials	BSD015	p105	509	5861.896899	5862.322397	5862.757229	5862.762729	5862.911562	5867.192378	5869.539035	right	1.0	24	-18.0	21	right	right	8262.675129
5870.991363	2391.683765999999	trials	BSD015	p105	510	5870.991363	5871.041696	5871.487361	5871.494694	5871.873193	5871.873193	5871.873193	right	0.0	25	-17.0	21	right	right	8262.675129
5872.248024	2390.427104999999	trials	BSD015	p105	511	5872.248024	5872.410024	5873.015188	5873.015188	5873.067521	5873.528686	5876.287175	left	0.0	26	-16.0	21	right	right	8262.675129
5876.66784	2386.007288999999	trials	BSD015	p105	512	5876.66784	5876.709507	5877.279838	5877.279838	5877.48417	5877.668836	5877.668836	left	0.0	27	-15.0	21	right	left	8262.675129
5878.252667	2384.4224619999995	trials	BSD015	p105	513	5878.252667	5878.276834	5878.690332	5878.690332	5878.777498	5878.831831	5881.171322	left	0.0	28	-14.0	21	right	left	8262.675129
5881.59382	2381.0813089999992	trials	BSD015	p105	514	5881.59382	5881.662153	5882.001152	5882.001152	5882.278318	5882.278318	5882.278318	left	0.0	29	-13.0	21	right	left	8262.675129
5882.700649	2379.974479999999	trials	BSD015	p105	515	5882.700649	5883.346313	5883.878645	5883.878645	5883.910478	5884.173643	5886.666633	left	0.0	30	-12.0	21	right	right	8262.675129
5887.136298	2375.538830999999	trials	BSD015	p105	516	5887.136298	5887.250798	5887.730129	5887.730129	5887.749129	5887.870462	5890.310285	left	0.0	31	-11.0	21	right	right	8262.675129
5890.680284	2371.9948449999993	trials	BSD015	p105	517	5890.680284	5890.91895	5891.647947	5891.653447	5892.788776	5892.944608	5892.944608	right	1.0	32	-10.0	21	right	right	8262.675129
5893.585272	2369.089856999999	trials	BSD015	p105	518	5893.585272	5893.647939	5894.656101	5894.661601	5894.791601	5897.700589	5897.700589	right	1.0	33	-9.0	21	right	right	8262.675129
5898.501253	2364.173875999999	trials	BSD015	p105	519	5898.501253	5899.16375	5899.600082	5899.605582	5901.221075	5901.221075	5901.221075	right	1.0	34	-8.0	21	right	right	8262.675129
5902.319571	2360.3555579999993	trials	BSD015	p105	520	5902.319571	5902.490737	5902.967568	5902.972901	5903.979731	5903.979731	5903.979731	right	1.0	35	-7.0	21	right	right	8262.675129
5904.609728	2358.065400999999	trials	BSD015	p105	521	5904.609728	5905.970056	5906.388721	5906.394054	5907.078385	5907.078385	5907.078385	right	1.0	36	-6.0	21	right	right	8262.675129
5907.496717	2355.1784119999993	trials	BSD015	p105	522	5907.496717	5907.553883	5908.202381	5908.202381	5908.254214	5908.254214	5910.480371	left	0.0	37	-5.0	21	right	right	8262.675129
5910.96037	2351.7147589999995	trials	BSD015	p105	523	5910.96037	5911.163369	5911.728866	5911.728866	5911.993532	5911.993532	5911.993532	left	0.0	38	-4.0	21	right	left	8262.675129
5912.659029	2350.016099999999	trials	BSD015	p105	524	5912.659029	5912.759362	5913.220694	5913.226194	5913.371693	5918.208174	5918.208174	right	1.0	39	-3.0	21	right	right	8262.675129
5919.367669	2343.307459999999	trials	BSD015	p105	525	5919.367669	5919.637168	5920.262666	5920.268166	5920.394832	5922.462657	5922.462657	right	1.0	40	-2.0	21	right	right	8262.675129
5924.08515	2338.5899789999994	trials	BSD015	p105	526	5924.08515	5924.137483	5924.532982	5924.538482	5926.77514	5926.77514	5926.77514	right	1.0	41	-1.0	21	right	right	8262.675129
5927.52947	2335.145658999999	trials	BSD015	p105	527	5927.52947	5927.864635	5928.572799	5928.572799	5928.764965	5928.764965	5928.764965	right	0.0	0	0.0	22	left	right	8262.675129
5929.347296	2333.3278329999994	trials	BSD015	p105	528	5929.347296	5930.585958	5931.016123	5931.016123	5931.543954	5931.543954	5931.543954	right	0.0	1	-29.0	22	left	right	8262.675129
5931.963786	2330.711342999999	trials	BSD015	p105	529	5931.963786	5932.074285	5932.646616	5932.652116	5932.670783	5935.511271	5935.511271	left	1.0	2	-28.0	22	left	left	8262.675129
5936.334935	2326.3401939999994	trials	BSD015	p105	530	5936.334935	5936.360768	5936.767933	5936.773433	5936.843599	5940.108086	5940.108086	left	1.0	3	-27.0	22	left	left	8262.675129
5940.480918	2322.194210999999	trials	BSD015	p105	531	5940.480918	5940.555751	5940.87375	5940.87925	5942.944742	5942.944742	5942.944742	left	1.0	4	-26.0	22	left	left	8262.675129
5943.557739	2319.1173899999994	trials	BSD015	p105	532	5943.557739	5943.607406	5944.046737	5944.05407	5944.266403	5944.266403	5945.592898	left	0.0	5	-25.0	22	left	left	8262.675129
5946.077062	2316.598066999999	trials	BSD015	p105	533	5946.077062	5946.140395	5946.57356	5946.580894	5946.75306	5946.75306	5948.495719	left	0.0	6	-24.0	22	left	left	8262.675129
5948.930884	2313.744244999999	trials	BSD015	p105	534	5948.930884	5949.065384	5949.421382	5949.426882	5951.285708	5951.285708	5951.285708	left	1.0	7	-23.0	22	left	left	8262.675129
5951.79154	2310.883588999999	trials	BSD015	p105	535	5951.79154	5951.898872	5952.329871	5952.337204	5952.427204	5952.55037	5954.174863	left	0.0	8	-22.0	22	left	left	8262.675129
5954.603528	2308.0716009999996	trials	BSD015	p105	536	5954.603528	5954.677695	5955.140359	5955.145859	5956.956186	5956.956186	5956.956186	left	1.0	9	-21.0	22	left	left	8262.675129
5957.499017	2305.176111999999	trials	BSD015	p105	537	5957.499017	5957.581016	5958.012348	5958.017681	5958.118681	5960.297506	5960.297506	left	1.0	10	-20.0	22	left	left	8262.675129
5961.057002	2301.6181269999997	trials	BSD015	p105	538	5961.057002	5961.139835	5961.705667	5961.711	5961.727833	5964.238156	5964.238156	left	1.0	11	-19.0	22	left	left	8262.675129
5964.861487	2297.813641999999	trials	BSD015	p105	539	5964.861487	5965.041153	5965.584984	5965.590318	5967.612476	5967.612476	5967.612476	left	1.0	12	-18.0	22	left	left	8262.675129
5968.611806	2294.0633229999994	trials	BSD015	p105	540	5968.611806	5968.651972	5969.048971	5969.05447	5969.085804	5971.574627	5971.574627	left	1.0	13	-17.0	22	left	left	8262.675129
5973.100621	2289.5745079999997	trials	BSD015	p105	541	5973.100621	5973.219621	5973.653952	5973.661285	5973.702452	5974.09445	5974.09445	left	0.0	14	-16.0	22	left	left	8262.675129
5974.566948	2288.1081809999996	trials	BSD015	p105	542	5974.566948	5974.662615	5975.178946	5975.184446	5977.559436	5977.559436	5977.559436	left	1.0	15	-15.0	22	left	left	8262.675129
5978.494933	2284.1801959999993	trials	BSD015	p105	543	5978.494933	5978.745932	5979.341763	5979.347263	5979.398429	5981.723753	5981.723753	left	1.0	16	-14.0	22	left	left	8262.675129
5982.376417	2280.298711999999	trials	BSD015	p105	544	5982.376417	5982.501083	5982.933082	5982.940415	5982.945582	5983.306914	5983.306914	left	0.0	17	-13.0	22	left	left	8262.675129
5983.872411	2278.802717999999	trials	BSD015	p105	545	5983.872411	5983.936244	5984.339243	5984.344576	5986.214902	5986.214902	5986.214902	left	1.0	18	-12.0	22	left	left	8262.675129
5987.115898	2275.5592309999993	trials	BSD015	p105	546	5987.115898	5988.101061	5988.544226	5988.549726	5988.601226	5990.93605	5990.93605	left	1.0	19	-11.0	22	left	left	8262.675129
5991.776046	2270.8990829999993	trials	BSD015	p105	547	5991.776046	5991.849379	5992.271878	5992.279211	5992.45971	5992.45971	5992.45971	left	0.0	20	-10.0	22	left	left	8262.675129
5992.962708	2269.7124209999993	trials	BSD015	p105	548	5992.962708	5993.048041	5993.470039	5993.475373	5995.87053	5995.87053	5995.87053	left	1.0	21	-9.0	22	left	left	8262.675129
5996.681193	2265.993935999999	trials	BSD015	p105	549	5996.681193	5996.952526	5997.39419	5997.399524	6002.131338	6002.131338	6005.021993	left	1.0	22	-8.0	22	left	left	8262.675129
6005.691657	2256.983471999999	trials	BSD015	p105	550	6005.691657	6005.77999	6006.330821	6006.336321	6009.467142	6011.670967	6011.670967	left	1.0	23	-7.0	22	left	left	8262.675129
6012.172131	2250.502997999999	trials	BSD015	p105	551	6012.172131	6012.203131	6012.634463	6012.639963	6013.731792	6013.731792	6013.731792	left	1.0	24	-6.0	22	left	left	8262.675129
6014.255956	2248.4191729999993	trials	BSD015	p105	552	6014.255956	6014.330623	6014.760454	6014.765788	6014.873121	6020.105933	6020.105933	left	1.0	25	-5.0	22	left	left	8262.675129
6020.698931	2241.9761979999994	trials	BSD015	p105	553	6020.698931	6020.841097	6021.311928	6021.319095	6021.434094	6021.434094	6021.434094	left	0.0	26	-4.0	22	left	left	8262.675129
6023.43092	2239.2442089999995	trials	BSD015	p105	554	6023.43092	6023.523253	6024.034084	6024.039584	6026.077242	6026.077242	6026.077242	left	1.0	27	-3.0	22	left	left	8262.675129
6026.79724	2235.8778889999994	trials	BSD015	p105	555	6026.79724	6026.935906	6027.621903	6027.621903	6027.669236	6027.805902	6027.805902	right	0.0	28	-2.0	22	left	right	8262.675129
6028.181567	2234.4935619999997	trials	BSD015	p105	556	6028.181567	6028.2514	6028.766065	6028.771398	6028.829731	6033.311047	6033.311047	left	1.0	29	-1.0	22	left	left	8262.675129
6034.940707	2227.7344219999995	trials	BSD015	p105	557	6034.940707	6035.027373	6035.361539	6035.361539	6035.376205	6037.206698	6037.206698	left	0.0	0	0.0	23	right	left	8262.675129
6037.650529	2225.0245999999997	trials	BSD015	p105	558	6037.650529	6037.711529	6038.143361	6038.143361	6038.218861	6038.757858	6038.757858	left	0.0	1	-40.0	23	right	left	8262.675129
6039.163857	2223.5112719999997	trials	BSD015	p105	559	6039.163857	6039.268856	6039.720021	6039.720021	6039.924854	6039.924854	6041.752013	left	0.0	2	-39.0	23	right	left	8262.675129
6042.198178	2220.4769509999996	trials	BSD015	p105	560	6042.198178	6042.370511	6043.051508	6043.051508	6043.272007	6043.475673	6045.685497	left	0.0	3	-38.0	23	right	right	8262.675129
6046.160995	2216.514133999999	trials	BSD015	p105	561	6046.160995	6046.418328	6047.51199	6047.519157	6047.831989	6048.075154	6048.075154	right	0.0	4	-37.0	23	right	right	8262.675129
6048.384487	2214.290641999999	trials	BSD015	p105	562	6048.384487	6048.438653	6049.017817	6049.017817	6049.16215	6050.004313	6050.004313	left	0.0	5	-36.0	23	right	left	8262.675129
6050.576311	2212.0988179999995	trials	BSD015	p105	563	6050.576311	6050.651477	6051.178642	6051.178642	6051.523307	6051.523307	6053.393966	left	0.0	6	-35.0	23	right	right	8262.675129
6053.731632	2208.9434969999993	trials	BSD015	p105	564	6053.731632	6054.035297	6054.568128	6054.568128	6054.740461	6054.740461	6054.740461	left	0.0	7	-34.0	23	right	left	8262.675129
6055.381459	2207.293669999999	trials	BSD015	p105	565	6055.381459	6055.499958	6055.966123	6055.971623	6057.572116	6057.572116	6057.572116	right	1.0	8	-33.0	23	right	right	8262.675129
6058.044115	2204.6310139999996	trials	BSD015	p105	566	6058.044115	6058.120114	6058.919944	6058.925278	6059.147943	6061.094102	6061.094102	right	1.0	9	-32.0	23	right	right	8262.675129
6062.062765	2200.6123639999996	trials	BSD015	p105	567	6062.062765	6062.316931	6062.710096	6062.715596	6063.534926	6063.534926	6063.534926	right	1.0	10	-31.0	23	right	right	8262.675129
6064.08559	2198.5895389999996	trials	BSD015	p105	568	6064.08559	6064.14309	6065.163919	6065.171253	6065.700751	6065.700751	6065.700751	right	0.0	11	-30.0	23	right	right	8262.675129
6066.086749	2196.5883799999992	trials	BSD015	p105	569	6066.086749	6066.531581	6066.972912	6066.980245	6067.617743	6067.617743	6067.617743	right	0.0	12	-29.0	23	right	right	8262.675129
6067.998575	2194.6765539999997	trials	BSD015	p105	570	6067.998575	6068.088741	6068.585406	6068.585406	6068.598406	6068.982571	6068.982571	left	0.0	13	-28.0	23	right	left	8262.675129
6069.461402	2193.2137269999994	trials	BSD015	p105	571	6069.461402	6069.709901	6070.218899	6070.218899	6070.321565	6070.559064	6070.559064	left	0.0	14	-27.0	23	right	left	8262.675129
6070.96423	2191.7108989999997	trials	BSD015	p105	572	6070.96423	6071.065729	6071.530727	6071.536227	6071.67206	6074.684215	6076.645373	right	1.0	15	-26.0	23	right	right	8262.675129
6076.995539	2185.6795899999997	trials	BSD015	p105	573	6076.995539	6077.608703	6078.049868	6078.055368	6078.222034	6086.040503	6086.040503	right	1.0	16	-25.0	23	right	right	8262.675129
6088.353993	2174.3211359999996	trials	BSD015	p105	574	6088.353993	6088.777825	6089.318323	6089.323823	6092.239644	6092.239644	6092.239644	right	1.0	17	-24.0	23	right	right	8262.675129
6093.020975	2169.654153999999	trials	BSD015	p105	575	6093.020975	6094.231636	6094.703135	6094.708635	6100.391612	6100.391612	6100.391612	right	1.0	18	-23.0	23	right	right	8262.675129
6101.075942	2161.599186999999	trials	BSD015	p105	576	6101.075942	6102.104772	6102.637936	6102.643436	6104.412762	6104.412762	6104.412762	right	1.0	19	-22.0	23	right	right	8262.675129
6105.286426	2157.3887029999996	trials	BSD015	p105	577	6105.286426	6106.201755	6106.710253	6106.715753	6106.814086	6109.568075	6109.568075	right	1.0	20	-21.0	23	right	right	8262.675129
6110.458572	2152.2165569999997	trials	BSD015	p105	578	6110.458572	6111.073402	6111.505067	6111.510567	6112.286731	6112.286731	6112.286731	right	1.0	21	-20.0	23	right	right	8262.675129
6112.698896	2149.9762329999994	trials	BSD015	p105	579	6112.698896	6113.457893	6113.918058	6113.925391	6114.175723	6114.175723	6114.175723	right	0.0	22	-19.0	23	right	right	8262.675129
6114.636721	2148.0384079999994	trials	BSD015	p105	580	6114.636721	6114.762554	6115.388552	6115.388552	6115.420552	6116.034049	6116.034049	left	0.0	23	-18.0	23	right	left	8262.675129
6116.511881	2146.163247999999	trials	BSD015	p105	581	6116.511881	6116.626547	6117.002045	6117.002045	6117.360711	6117.360711	6118.824371	left	0.0	24	-17.0	23	right	left	8262.675129
6119.412536	2143.2625929999995	trials	BSD015	p105	582	6119.412536	6119.513869	6120.041033	6120.046533	6122.864855	6122.864855	6122.864855	right	1.0	25	-16.0	23	right	right	8262.675129
6123.506686	2139.1684429999996	trials	BSD015	p105	583	6123.506686	6124.236183	6124.704181	6124.709681	6124.855347	6127.031005	6127.031005	right	1.0	26	-15.0	23	right	right	8262.675129
6127.666836	2135.008292999999	trials	BSD015	p105	584	6127.666836	6128.384833	6128.824498	6128.829831	6129.672161	6129.672161	6129.672161	right	1.0	27	-14.0	23	right	right	8262.675129
6130.056993	2132.618135999999	trials	BSD015	p105	585	6130.056993	6130.158659	6130.757157	6130.757157	6130.849157	6131.417488	6131.417488	left	0.0	28	-13.0	23	right	left	8262.675129
6131.842153	2130.8329759999997	trials	BSD015	p105	586	6131.842153	6131.900819	6132.354984	6132.354984	6132.40165	6132.696983	6133.962311	left	0.0	29	-12.0	23	right	left	8262.675129
6134.343309	2128.3318199999994	trials	BSD015	p105	587	6134.343309	6134.601808	6135.147973	6135.153473	6136.123636	6136.123636	6136.123636	right	1.0	30	-11.0	23	right	right	8262.675129
6136.6348	2126.0403289999995	trials	BSD015	p105	588	6136.6348	6136.717967	6137.200798	6137.200798	6137.59963	6137.59963	6138.728792	left	0.0	31	-10.0	23	right	left	8262.675129
6139.18179	2123.4933389999997	trials	BSD015	p105	589	6139.18179	6139.344789	6139.814454	6139.819787	6143.29894	6143.29894	6143.29894	right	1.0	32	-9.0	23	right	right	8262.675129
6143.871605	2118.803523999999	trials	BSD015	p105	590	6143.871605	6144.546435	6144.984933	6144.990433	6145.615264	6145.615264	6145.615264	right	1.0	33	-8.0	23	right	right	8262.675129
6146.73426	2115.940868999999	trials	BSD015	p105	591	6146.73426	6146.959426	6147.402924	6147.408424	6148.243087	6148.243087	6148.243087	right	1.0	34	-7.0	23	right	right	8262.675129
6148.629586	2114.0455429999993	trials	BSD015	p105	592	6148.629586	6148.717919	6149.230416	6149.230416	6149.444416	6149.444416	6151.311075	left	0.0	35	-6.0	23	right	right	8262.675129
6151.674907	2111.0002219999997	trials	BSD015	p105	593	6151.674907	6152.285404	6152.741402	6152.746736	6156.130056	6156.130056	6156.130056	right	1.0	36	-5.0	23	right	right	8262.675129
6157.055218	2105.619910999999	trials	BSD015	p105	594	6157.055218	6157.820715	6158.24738	6158.254714	6158.425713	6159.401876	6159.401876	right	0.0	37	-4.0	23	right	right	8262.675129
6159.804207	2102.870921999999	trials	BSD015	p105	595	6159.804207	6160.714704	6161.116869	6161.122369	6164.99252	6164.99252	6164.99252	right	1.0	38	-3.0	23	right	right	8262.675129
6165.89785	2096.777278999999	trials	BSD015	p105	596	6165.89785	6166.452514	6166.935512	6166.942846	6167.034512	6167.817842	6167.817842	right	0.0	39	-2.0	23	right	right	8262.675129
6168.443673	2094.2314559999995	trials	BSD015	p105	597	6168.443673	6169.826334	6170.288166	6170.293499	6172.53549	6172.53549	6172.53549	right	1.0	40	-1.0	23	right	right	8262.675129
6173.338487	2089.3366419999993	trials	BSD015	p105	598	6173.338487	6174.008484	6174.461816	6174.461816	6174.92598	6174.92598	6174.92598	right	0.0	0	0.0	24	left	right	8262.675129
6175.340645	2087.334483999999	trials	BSD015	p105	599	6175.340645	6175.96581	6176.461641	6176.461641	6176.872139	6176.872139	6176.872139	right	0.0	1	-12.0	24	left	right	8262.675129
6177.218471	2085.456657999999	trials	BSD015	p105	600	6177.218471	6177.251304	6177.813135	6177.818469	6177.839969	6178.757965	6178.757965	left	1.0	2	-11.0	24	left	left	8262.675129
6179.256463	2083.4186659999996	trials	BSD015	p105	601	6179.256463	6179.362629	6179.739961	6179.747294	6180.011793	6180.011793	6181.413954	left	0.0	3	-10.0	24	left	left	8262.675129
6181.766953	2080.908175999999	trials	BSD015	p105	602	6181.766953	6181.963786	6182.331951	6182.337451	6183.981111	6185.329772	6185.329772	left	1.0	4	-9.0	24	left	left	8262.675129
6185.789104	2076.886024999999	trials	BSD015	p105	603	6185.789104	6185.828937	6186.188769	6186.194269	6187.421597	6187.421597	6187.421597	left	1.0	5	-8.0	24	left	left	8262.675129
6187.869929	2074.805199999999	trials	BSD015	p105	604	6187.869929	6187.990595	6188.346427	6188.35176	6189.901754	6189.901754	6189.901754	left	1.0	6	-7.0	24	left	left	8262.675129
6190.363585	2072.3115439999992	trials	BSD015	p105	605	6190.363585	6190.397085	6190.778917	6190.784417	6192.852075	6196.343895	6196.343895	left	1.0	7	-6.0	24	left	left	8262.675129
6196.730226	2065.9449029999996	trials	BSD015	p105	606	6196.730226	6196.834059	6197.185391	6197.192558	6197.652556	6197.652556	6197.652556	left	0.0	8	-5.0	24	left	left	8262.675129
6198.068721	2064.6064079999996	trials	BSD015	p105	607	6198.068721	6198.132054	6198.510719	6198.516219	6200.90671	6202.414704	6202.414704	left	1.0	9	-4.0	24	left	left	8262.675129
6202.842202	2059.8329269999995	trials	BSD015	p105	608	6202.842202	6202.946368	6203.3517	6203.357033	6205.645691	6205.645691	6205.645691	left	1.0	10	-3.0	24	left	left	8262.675129
6206.390021	2056.285107999999	trials	BSD015	p105	609	6206.390021	6206.472687	6206.961519	6206.967019	6207.012019	6210.183006	6210.183006	left	1.0	11	-2.0	24	left	left	8262.675129
6211.397668	2051.2774609999997	trials	BSD015	p105	610	6211.397668	6211.534501	6211.981499	6211.986832	6212.105498	6216.612314	6216.612314	left	1.0	12	-1.0	24	left	left	8262.675129
6217.097812	2045.5773169999993	trials	BSD015	p105	611	6217.097812	6217.161478	6217.518143	6217.518143	6217.835475	6219.19597	6219.19597	left	0.0	0	0.0	25	right	left	8262.675129
6219.630968	2043.044160999999	trials	BSD015	p105	612	6219.630968	6219.801634	6220.155133	6220.155133	6220.482131	6220.482131	6220.482131	left	0.0	1	-41.0	25	right	left	8262.675129
6220.940463	2041.7346659999994	trials	BSD015	p105	613	6220.940463	6221.003129	6221.559294	6221.566627	6221.738293	6223.419953	6223.419953	right	0.0	2	-40.0	25	right	right	8262.675129
6224.388116	2038.2870129999992	trials	BSD015	p105	614	6224.388116	6224.532782	6224.992947	6224.99828	6231.037923	6231.037923	6231.037923	right	1.0	3	-39.0	25	right	right	8262.675129
6232.157918	2030.5172109999994	trials	BSD015	p105	615	6232.157918	6232.804415	6233.524246	6233.529579	6234.990573	6234.990573	6234.990573	right	1.0	4	-38.0	25	right	right	8262.675129
6235.893403	2026.7817259999993	trials	BSD015	p105	616	6235.893403	6236.013403	6236.458068	6236.463401	6236.960066	6236.960066	6238.217727	right	1.0	5	-37.0	25	right	left	8262.675129
6238.765392	2023.909736999999	trials	BSD015	p105	617	6238.765392	6238.812558	6239.26839	6239.26839	6239.349056	6239.505555	6240.822717	left	0.0	6	-36.0	25	right	right	8262.675129
6241.225882	2021.4492469999996	trials	BSD015	p105	618	6241.225882	6241.281715	6241.935212	6241.935212	6242.032212	6242.109545	6242.109545	left	0.0	7	-35.0	25	right	left	8262.675129
6243.193541	2019.4815879999996	trials	BSD015	p105	619	6243.193541	6243.347873	6243.903371	6243.910704	6244.202703	6244.857201	6244.857201	right	0.0	8	-34.0	25	right	right	8262.675129
6245.297366	2017.3777629999995	trials	BSD015	p105	620	6245.297366	6245.328532	6245.824363	6245.824363	6245.884196	6247.339191	6247.339191	left	0.0	9	-33.0	25	right	left	8262.675129
6247.903522	2014.7716069999997	trials	BSD015	p105	621	6247.903522	6247.929855	6248.289854	6248.289854	6248.455353	6248.502019	6249.543349	left	0.0	10	-32.0	25	right	left	8262.675129
6250.00568	2012.669448999999	trials	BSD015	p105	622	6250.00568	6250.343845	6250.838343	6250.843843	6251.069176	6253.878665	6253.878665	right	1.0	11	-31.0	25	right	right	8262.675129
6254.558162	2008.116966999999	trials	BSD015	p105	623	6254.558162	6255.568824	6255.954656	6255.95999	6256.112489	6259.428309	6259.428309	right	1.0	12	-30.0	25	right	right	8262.675129
6260.701971	2001.9731579999989	trials	BSD015	p105	624	6260.701971	6260.935303	6261.467801	6261.475134	6261.806966	6261.806966	6261.806966	right	0.0	13	-29.0	25	right	right	8262.675129
6262.195465	2000.4796639999995	trials	BSD015	p105	625	6262.195465	6262.862629	6263.299294	6263.304793	6263.42346	6265.286619	6265.286619	right	1.0	14	-28.0	25	right	right	8262.675129
6266.074449	1996.6006799999996	trials	BSD015	p105	626	6266.074449	6266.285448	6266.847946	6266.853279	6267.570776	6267.570776	6267.570776	right	1.0	15	-27.0	25	right	right	8262.675129
6267.958275	1994.7168539999993	trials	BSD015	p105	627	6267.958275	6268.092774	6268.669939	6268.669939	6268.798272	6268.798272	6270.756597	left	0.0	16	-26.0	25	right	right	8262.675129
6271.761926	1990.9132029999992	trials	BSD015	p105	628	6271.761926	6271.794426	6272.198258	6272.203758	6272.39159	6273.28192	6273.28192	right	1.0	17	-25.0	25	right	right	8262.675129
6273.789585	1988.8855439999988	trials	BSD015	p105	629	6273.789585	6274.215083	6275.038247	6275.04558	6275.161579	6276.242908	6276.242908	right	0.0	18	-24.0	25	right	right	8262.675129
6276.702907	1985.9722219999994	trials	BSD015	p105	630	6276.702907	6277.537737	6277.905402	6277.910735	6278.051568	6280.724224	6280.724224	right	1.0	19	-23.0	25	right	right	8262.675129
6281.517221	1981.1579079999992	trials	BSD015	p105	631	6281.517221	6282.236051	6282.697549	6282.703049	6282.879215	6284.741708	6284.741708	right	1.0	20	-22.0	25	right	right	8262.675129
6285.824537	1976.8505919999989	trials	BSD015	p105	632	6285.824537	6286.352368	6286.814199	6286.819699	6287.010199	6288.768192	6288.768192	right	1.0	21	-21.0	25	right	right	8262.675129
6289.402689	1973.2724399999997	trials	BSD015	p105	633	6289.402689	6289.832187	6290.280352	6290.287686	6290.410352	6290.88985	6290.88985	right	0.0	22	-20.0	25	right	right	8262.675129
6291.274182	1971.4009469999992	trials	BSD015	p105	634	6291.274182	6291.323681	6291.916512	6291.916512	6292.177511	6292.177511	6293.620672	left	0.0	23	-19.0	25	right	left	8262.675129
6294.011504	1968.6636249999992	trials	BSD015	p105	635	6294.011504	6294.197837	6294.542835	6294.542835	6294.782334	6294.782334	6294.782334	left	0.0	24	-18.0	25	right	left	8262.675129
6295.162333	1967.512795999999	trials	BSD015	p105	636	6295.162333	6295.302999	6295.72183	6295.72183	6295.85733	6295.85733	6295.85733	left	0.0	25	-17.0	25	right	left	8262.675129
6296.898326	1965.7768029999988	trials	BSD015	p105	637	6296.898326	6296.979825	6297.673989	6297.681323	6297.785989	6298.137154	6298.137154	right	0.0	26	-16.0	25	right	right	8262.675129
6298.525486	1964.1496429999997	trials	BSD015	p105	638	6298.525486	6298.582986	6299.060817	6299.060817	6299.19965	6300.309145	6300.309145	left	0.0	27	-15.0	25	right	left	8262.675129
6300.737144	1961.9379849999996	trials	BSD015	p105	639	6300.737144	6300.804977	6301.153642	6301.153642	6301.231308	6301.352308	6302.337471	left	0.0	28	-14.0	25	right	left	8262.675129
6302.836969	1959.8381599999993	trials	BSD015	p105	640	6302.836969	6303.076134	6303.469966	6303.469966	6303.672132	6303.672132	6303.672132	left	0.0	29	-13.0	25	right	left	8262.675129
6304.05863	1958.6164989999988	trials	BSD015	p105	641	6304.05863	6304.16813	6304.793794	6304.800961	6304.919294	6305.775457	6305.775457	right	0.0	30	-12.0	25	right	right	8262.675129
6306.302955	1956.3721739999992	trials	BSD015	p105	642	6306.302955	6306.387621	6306.833286	6306.833286	6306.937786	6307.220784	6307.220784	left	0.0	31	-11.0	25	right	left	8262.675129
6307.777782	1954.8973469999992	trials	BSD015	p105	643	6307.777782	6307.844615	6308.45478	6308.45478	6309.13861	6309.13861	6309.13861	left	0.0	32	-10.0	25	right	left	8262.675129
6309.573108	1953.1020209999997	trials	BSD015	p105	644	6309.573108	6309.724274	6310.084606	6310.084606	6310.204439	6311.218102	6311.218102	left	0.0	33	-9.0	25	right	left	8262.675129
6311.697267	1950.9778619999997	trials	BSD015	p105	645	6311.697267	6311.812099	6312.227431	6312.227431	6312.640929	6312.640929	6312.640929	left	0.0	34	-8.0	25	right	left	8262.675129
6313.081594	1949.593534999999	trials	BSD015	p105	646	6313.081594	6313.191261	6313.646925	6313.646925	6313.899924	6314.739921	6314.739921	left	0.0	35	-7.0	25	right	left	8262.675129
6315.12142	1947.553708999999	trials	BSD015	p105	647	6315.12142	6315.231252	6315.684751	6315.684751	6315.759084	6316.64258	6316.64258	left	0.0	36	-6.0	25	right	left	8262.675129
6317.709909	1944.9652199999991	trials	BSD015	p105	648	6317.709909	6317.753909	6318.133408	6318.133408	6318.439573	6318.439573	6318.439573	left	0.0	37	-5.0	25	right	left	8262.675129
6318.811738	1943.863390999999	trials	BSD015	p105	649	6318.811738	6318.956904	6319.506402	6319.513735	6319.864234	6319.864234	6319.864234	right	0.0	38	-4.0	25	right	right	8262.675129
6320.435732	1942.2393969999994	trials	BSD015	p105	650	6320.435732	6321.271895	6321.917059	6321.917059	6322.006725	6322.217391	6322.217391	left	0.0	39	-3.0	25	right	left	8262.675129
6323.326387	1939.3487419999992	trials	BSD015	p105	651	6323.326387	6323.427053	6323.837051	6323.837051	6324.076217	6324.076217	6324.076217	left	0.0	40	-2.0	25	right	left	8262.675129
6324.879714	1937.7954149999996	trials	BSD015	p105	652	6324.879714	6325.010047	6325.495211	6325.500711	6325.645877	6326.76454	6326.76454	right	1.0	41	-1.0	25	right	right	8262.675129
6327.513537	1935.1615919999995	trials	BSD015	p105	653	6327.513537	6327.57337	6328.404866	6328.404866	6328.535366	6329.209363	6329.209363	right	0.0	0	0.0	26	left	right	8262.675129
6329.578862	1933.096266999999	trials	BSD015	p105	654	6329.578862	6329.634695	6330.172026	6330.177526	6330.231026	6334.691841	6334.691841	left	1.0	1	-25.0	26	left	left	8262.675129
6335.390672	1927.2844569999988	trials	BSD015	p105	655	6335.390672	6335.459172	6335.891336	6335.896836	6336.014336	6336.978332	6336.978332	left	1.0	2	-24.0	26	left	left	8262.675129
6337.503163	1925.171965999999	trials	BSD015	p105	656	6337.503163	6337.573663	6337.951162	6337.958495	6338.25866	6338.25866	6338.25866	left	0.0	3	-23.0	26	left	left	8262.675129
6338.694492	1923.9806369999997	trials	BSD015	p105	657	6338.694492	6338.728658	6339.06699	6339.07249	6343.068474	6343.068474	6343.068474	left	1.0	4	-22.0	26	left	left	8262.675129
6343.741805	1918.9333239999996	trials	BSD015	p105	658	6343.741805	6343.873805	6344.439302	6344.444802	6344.497135	6345.79213	6345.79213	left	1.0	5	-21.0	26	left	left	8262.675129
6346.431128	1916.2440009999991	trials	BSD015	p105	659	6346.431128	6346.472127	6346.932459	6346.939792	6347.058125	6348.632119	6348.632119	left	0.0	6	-20.0	26	left	left	8262.675129
6349.15495	1913.5201789999992	trials	BSD015	p105	660	6349.15495	6349.303949	6349.738281	6349.743781	6349.843447	6351.649607	6351.649607	left	1.0	7	-19.0	26	left	left	8262.675129
6352.543103	1910.1320259999993	trials	BSD015	p105	661	6352.543103	6352.645436	6353.077768	6353.083268	6354.945927	6356.544421	6356.544421	left	1.0	8	-18.0	26	left	left	8262.675129
6357.082585	1905.5925439999992	trials	BSD015	p105	662	6357.082585	6357.137585	6357.488917	6357.49425	6359.490575	6359.490575	6359.490575	left	1.0	9	-17.0	26	left	left	8262.675129
6360.608571	1902.0665579999995	trials	BSD015	p105	663	6360.608571	6360.782237	6361.236235	6361.241735	6363.38606	6363.38606	6363.38606	left	1.0	10	-16.0	26	left	left	8262.675129
6364.17389	1898.5012389999993	trials	BSD015	p105	664	6364.17389	6364.26889	6364.768221	6364.773721	6367.167378	6368.888538	6368.888538	left	1.0	11	-15.0	26	left	left	8262.675129
6369.378869	1893.2962599999992	trials	BSD015	p105	665	6369.378869	6369.456202	6369.848867	6369.854367	6371.833526	6371.833526	6371.833526	left	1.0	12	-14.0	26	left	left	8262.675129
6372.46969	1890.2054389999994	trials	BSD015	p105	666	6372.46969	6372.800022	6373.22002	6373.22552	6373.333353	6375.467678	6375.467678	left	1.0	13	-13.0	26	left	left	8262.675129
6376.571507	1886.1036219999996	trials	BSD015	p105	667	6376.571507	6376.63634	6377.085172	6377.090672	6379.574495	6380.243492	6380.243492	left	1.0	14	-12.0	26	left	left	8262.675129
6380.78399	1881.8911389999994	trials	BSD015	p105	668	6380.78399	6380.89649	6381.286488	6381.291988	6381.348155	6383.889478	6383.889478	left	1.0	15	-11.0	26	left	left	8262.675129
6385.261639	1877.413489999999	trials	BSD015	p105	669	6385.261639	6385.296472	6385.73947	6385.744804	6386.804133	6386.804133	6386.804133	left	1.0	16	-10.0	26	left	left	8262.675129
6387.409464	1875.265664999999	trials	BSD015	p105	670	6387.409464	6387.502963	6387.927628	6387.933128	6387.994128	6389.757954	6389.757954	left	1.0	17	-9.0	26	left	left	8262.675129
6390.421118	1872.254010999999	trials	BSD015	p105	671	6390.421118	6390.626118	6391.149782	6391.155115	6393.160107	6394.12927	6394.12927	left	1.0	18	-8.0	26	left	left	8262.675129
6394.865101	1867.810027999999	trials	BSD015	p105	672	6394.865101	6394.890267	6395.418598	6395.424098	6395.523431	6400.366079	6400.366079	left	1.0	19	-7.0	26	left	left	8262.675129
6400.86691	1861.8082189999996	trials	BSD015	p105	673	6400.86691	6400.941743	6401.313908	6401.319408	6404.030064	6405.530391	6405.530391	left	1.0	20	-6.0	26	left	left	8262.675129
6406.123722	1856.551406999999	trials	BSD015	p105	674	6406.123722	6406.186555	6406.57722	6406.58272	6408.731878	6408.731878	6408.731878	left	1.0	21	-5.0	26	left	left	8262.675129
6409.586875	1853.0882539999993	trials	BSD015	p105	675	6409.586875	6409.715875	6410.193539	6410.200873	6410.324539	6410.324539	6410.324539	left	0.0	22	-4.0	26	left	left	8262.675129
6410.800204	1851.8749249999992	trials	BSD015	p105	676	6410.800204	6410.975369	6411.427368	6411.432868	6413.37486	6413.935858	6413.935858	left	1.0	23	-3.0	26	left	left	8262.675129
6414.497022	1848.1781069999997	trials	BSD015	p105	677	6414.497022	6414.563022	6415.06202	6415.069186	6415.455685	6416.61618	6416.61618	left	0.0	24	-2.0	26	left	left	8262.675129
6417.070012	1845.6051169999992	trials	BSD015	p105	678	6417.070012	6417.201845	6417.626676	6417.632176	6419.949	6419.949	6419.949	left	1.0	25	-1.0	26	left	left	8262.675129
6420.935496	1841.7396329999992	trials	BSD015	p105	679	6420.935496	6421.003496	6421.441494	6421.441494	6421.586327	6421.586327	6421.586327	left	0.0	0	0.0	27	right	left	8262.675129
6422.582323	1840.0928059999997	trials	BSD015	p105	680	6422.582323	6422.696156	6423.127154	6423.127154	6423.204654	6423.523819	6431.050956	left	0.0	1	-31.0	27	right	right	8262.675129
6431.558454	1831.1166749999993	trials	BSD015	p105	681	6431.558454	6431.79112	6432.48245	6432.489783	6432.577783	6433.737112	6433.737112	right	0.0	2	-30.0	27	right	right	8262.675129
6434.16461	1828.5105189999995	trials	BSD015	p105	682	6434.16461	6434.406776	6434.980607	6434.986107	6435.712604	6435.712604	6435.712604	right	1.0	3	-29.0	27	right	right	8262.675129
6436.150102	1826.5250269999997	trials	BSD015	p105	683	6436.150102	6436.327101	6436.976432	6436.981932	6437.127098	6450.650877	6450.650877	right	1.0	4	-28.0	27	right	right	8262.675129
6451.050876	1811.624252999999	trials	BSD015	p105	684	6451.050876	6451.201709	6451.772373	6451.777873	6451.924372	6456.900352	6456.900352	right	1.0	5	-27.0	27	right	right	8262.675129
6459.035011	1803.6401179999993	trials	BSD015	p105	685	6459.035011	6459.17951	6459.589675	6459.595175	6461.836833	6461.836833	6461.836833	right	1.0	6	-26.0	27	right	right	8262.675129
6462.374664	1800.3004649999993	trials	BSD015	p105	686	6462.374664	6462.725829	6463.193494	6463.198827	6463.324993	6464.570988	6464.570988	right	1.0	7	-25.0	27	right	right	8262.675129
6465.08032	1797.5948089999993	trials	BSD015	p105	687	6465.08032	6465.623151	6466.074816	6466.080149	6466.226482	6467.127812	6467.127812	right	1.0	8	-24.0	27	right	right	8262.675129
6467.581476	1795.093652999999	trials	BSD015	p105	688	6467.581476	6467.972808	6468.437473	6468.442806	6468.560306	6470.317132	6470.317132	right	1.0	9	-23.0	27	right	right	8262.675129
6470.950796	1791.7243329999992	trials	BSD015	p105	689	6470.950796	6471.696627	6472.137791	6472.143125	6475.327945	6475.327945	6475.327945	right	1.0	10	-22.0	27	right	right	8262.675129
6475.982276	1786.6928529999996	trials	BSD015	p105	690	6475.982276	6476.577607	6477.009272	6477.014772	6477.166605	6479.695261	6479.695261	right	1.0	11	-21.0	27	right	right	8262.675129
6480.235426	1782.439702999999	trials	BSD015	p105	691	6480.235426	6480.94509	6481.401588	6481.406754	6482.396917	6482.396917	6482.396917	right	1.0	12	-20.0	27	right	right	8262.675129
6482.889082	1779.7860469999996	trials	BSD015	p105	692	6482.889082	6483.052581	6483.995744	6484.001244	6484.721741	6484.721741	6484.721741	right	1.0	13	-19.0	27	right	right	8262.675129
6485.175073	1777.500055999999	trials	BSD015	p105	693	6485.175073	6485.272239	6485.84757	6485.84757	6486.028069	6486.198235	6487.995228	left	0.0	14	-18.0	27	right	right	8262.675129
6488.395726	1774.2794029999995	trials	BSD015	p105	694	6488.395726	6488.752725	6489.198223	6489.203723	6491.592547	6491.733546	6491.733546	right	1.0	15	-17.0	27	right	right	8262.675129
6492.321544	1770.353584999999	trials	BSD015	p105	695	6492.321544	6492.732709	6493.225874	6493.231207	6496.300028	6496.71986	6496.71986	right	1.0	16	-16.0	27	right	right	8262.675129
6497.278191	1765.396937999999	trials	BSD015	p105	696	6497.278191	6497.662356	6498.135854	6498.141354	6499.381683	6499.381683	6499.381683	right	1.0	17	-15.0	27	right	right	8262.675129
6499.788348	1762.8867809999992	trials	BSD015	p105	697	6499.788348	6500.125846	6500.668511	6500.674011	6501.59434	6501.59434	6501.59434	right	1.0	18	-14.0	27	right	right	8262.675129
6501.972005	1760.7031239999997	trials	BSD015	p105	698	6501.972005	6502.352671	6502.836502	6502.843835	6502.981835	6503.878165	6503.878165	right	0.0	19	-13.0	27	right	right	8262.675129
6504.286996	1758.3881329999995	trials	BSD015	p105	699	6504.286996	6504.413162	6504.93916	6504.93916	6505.00366	6505.293326	6506.78282	left	0.0	20	-12.0	27	right	right	8262.675129
6507.124318	1755.5508109999992	trials	BSD015	p105	700	6507.124318	6507.322317	6507.953648	6507.953648	6508.115314	6508.823478	6508.823478	left	0.0	21	-11.0	27	right	left	8262.675129
6509.196643	1753.478485999999	trials	BSD015	p105	701	6509.196643	6509.304309	6509.806141	6509.811641	6509.928307	6512.742962	6512.742962	right	1.0	22	-10.0	27	right	right	8262.675129
6513.238627	1749.4365019999996	trials	BSD015	p105	702	6513.238627	6513.414293	6513.929124	6513.934458	6514.178957	6514.497289	6514.497289	right	1.0	23	-9.0	27	right	right	8262.675129
6514.90612	1747.7690089999996	trials	BSD015	p105	703	6514.90612	6515.181953	6515.73095	6515.738284	6516.085949	6516.085949	6516.085949	right	0.0	24	-8.0	27	right	right	8262.675129
6516.446114	1746.229014999999	trials	BSD015	p105	704	6516.446114	6516.491947	6517.044112	6517.044112	6517.169945	6517.786776	6518.789438	left	0.0	25	-7.0	27	right	left	8262.675129
6519.17327	1743.501858999999	trials	BSD015	p105	705	6519.17327	6519.26577	6519.748768	6519.754101	6519.8881	6522.419924	6522.419924	right	1.0	26	-6.0	27	right	right	8262.675129
6523.158254	1739.5168749999993	trials	BSD015	p105	706	6523.158254	6523.600586	6524.021751	6524.027084	6529.253563	6529.29723	6529.29723	right	1.0	27	-5.0	27	right	right	8262.675129
6530.00906	1732.666068999999	trials	BSD015	p105	707	6530.00906	6530.187226	6530.680057	6530.685557	6533.225714	6533.225714	6533.225714	right	1.0	28	-4.0	27	right	right	8262.675129
6533.935044	1728.7400849999995	trials	BSD015	p105	708	6533.935044	6534.085544	6534.610542	6534.616042	6536.982199	6536.982199	6536.982199	right	1.0	29	-3.0	27	right	right	8262.675129
6537.616863	1725.058265999999	trials	BSD015	p105	709	6537.616863	6538.21836	6538.746358	6538.751858	6538.849691	6542.364677	6542.364677	right	1.0	30	-2.0	27	right	right	8262.675129
6542.911008	1719.7641209999992	trials	BSD015	p105	710	6542.911008	6543.339007	6543.965504	6543.970837	6544.051004	6546.270495	6546.270495	right	1.0	31	-1.0	27	right	right	8262.675129
6546.728493	1715.9466359999997	trials	BSD015	p105	711	6546.728493	6547.449324	6547.908322	6547.908322	6548.539153	6548.539153	6548.539153	right	0.0	0	0.0	28	left	right	8262.675129
6548.935651	1713.7394779999995	trials	BSD015	p105	712	6548.935651	6549.067484	6549.662648	6549.662648	6549.965814	6549.965814	6549.965814	right	0.0	1	-22.0	28	left	right	8262.675129
6550.423145	1712.2519839999995	trials	BSD015	p105	713	6550.423145	6551.186642	6551.849139	6551.849139	6552.238971	6552.521303	6552.521303	right	0.0	2	-21.0	28	left	right	8262.675129
6553.052801	1709.6223279999995	trials	BSD015	p105	714	6553.052801	6553.098801	6553.683632	6553.689132	6553.754632	6557.39095	6557.39095	left	1.0	3	-20.0	28	left	left	8262.675129
6557.928948	1704.7461809999995	trials	BSD015	p105	715	6557.928948	6558.005115	6558.499946	6558.505279	6559.205943	6559.205943	6559.205943	left	1.0	4	-19.0	28	left	left	8262.675129
6559.599442	1703.0756869999996	trials	BSD015	p105	716	6559.599442	6559.705275	6560.233272	6560.233272	6560.292439	6560.75927	6560.75927	right	0.0	5	-18.0	28	left	right	8262.675129
6561.134102	1701.5410269999993	trials	BSD015	p105	717	6561.134102	6561.227102	6561.683933	6561.689433	6561.703267	6570.453065	6571.542894	left	1.0	6	-17.0	28	left	left	8262.675129
6572.035059	1690.6400699999995	trials	BSD015	p105	718	6572.035059	6572.124058	6572.588056	6572.59539	6573.105054	6575.031213	6575.031213	left	0.0	7	-16.0	28	left	left	8262.675129
6575.367045	1687.3080839999993	trials	BSD015	p105	719	6575.367045	6575.406545	6575.818543	6575.824043	6578.862698	6578.862698	6578.862698	left	1.0	8	-15.0	28	left	left	8262.675129
6581.032689	1681.6424399999996	trials	BSD015	p105	720	6581.032689	6581.088189	6581.414354	6581.419854	6582.291018	6582.291018	6582.291018	left	1.0	9	-14.0	28	left	left	8262.675129
6582.758516	1679.9166129999994	trials	BSD015	p105	721	6582.758516	6582.801849	6583.139681	6583.145014	6584.97284	6586.175335	6589.238323	left	1.0	10	-13.0	28	left	left	8262.675129
6589.637321	1673.0378079999991	trials	BSD015	p105	722	6589.637321	6589.679655	6590.082486	6590.087986	6592.196978	6592.196978	6593.353973	left	1.0	11	-12.0	28	left	left	8262.675129
6593.837305	1668.8378239999993	trials	BSD015	p105	723	6593.837305	6593.888304	6594.250303	6594.257636	6594.340469	6594.834301	6594.834301	left	0.0	12	-11.0	28	left	left	8262.675129
6595.294132	1667.3809969999993	trials	BSD015	p105	724	6595.294132	6595.475465	6595.82063	6595.825963	6597.983788	6597.983788	6597.983788	left	1.0	13	-10.0	28	left	left	8262.675129
6598.46012	1664.2150089999996	trials	BSD015	p105	725	6598.46012	6598.540453	6599.024117	6599.029451	6599.145783	6604.715595	6604.715595	left	1.0	14	-9.0	28	left	left	8262.675129
6605.105926	1657.569202999999	trials	BSD015	p105	726	6605.105926	6605.166093	6605.541925	6605.547425	6607.639749	6608.900078	6608.900078	left	1.0	15	-8.0	28	left	left	8262.675129
6609.25141	1653.4237189999994	trials	BSD015	p105	727	6609.25141	6609.326743	6609.700741	6609.706241	6611.873566	6611.873566	6611.873566	left	1.0	16	-7.0	28	left	left	8262.675129
6612.542563	1650.1325659999993	trials	BSD015	p105	728	6612.542563	6612.59123	6613.035895	6613.041395	6614.94772	6616.932212	6616.932212	left	1.0	17	-6.0	28	left	left	8262.675129
6617.890542	1644.7845869999992	trials	BSD015	p105	729	6617.890542	6618.491039	6619.093537	6619.09887	6619.224703	6622.478523	6623.734185	left	1.0	18	-5.0	28	left	right	8262.675129
6624.10885	1638.5662789999997	trials	BSD015	p105	730	6624.10885	6624.237016	6624.637181	6624.644348	6624.713681	6624.935514	6626.960339	left	0.0	19	-4.0	28	left	right	8262.675129
6627.638836	1635.0362929999992	trials	BSD015	p105	731	6627.638836	6627.703836	6628.156667	6628.162167	6628.219834	6629.271996	6629.271996	left	1.0	20	-3.0	28	left	left	8262.675129
6629.728994	1632.9461349999992	trials	BSD015	p105	732	6629.728994	6629.836327	6630.254326	6630.261659	6630.431658	6630.431658	6632.112818	left	0.0	21	-2.0	28	left	right	8262.675129
6632.441317	1630.2338119999995	trials	BSD015	p105	733	6632.441317	6632.57365	6632.995148	6633.000481	6633.022481	6636.914299	6636.914299	left	1.0	22	-1.0	28	left	left	8262.675129
6637.757629	1624.9174999999996	trials	BSD015	p105	734	6637.757629	6637.803462	6638.203794	6638.203794	6638.41846	6639.844621	6639.844621	left	0.0	0	0.0	29	right	left	8262.675129
6640.263786	1622.4113429999989	trials	BSD015	p105	735	6640.263786	6640.341785	6640.710284	6640.710284	6640.940783	6640.940783	6640.940783	left	0.0	1	-15.0	29	right	left	8262.675129
6641.568614	1621.1065149999995	trials	BSD015	p105	736	6641.568614	6641.721946	6642.214611	6642.221944	6642.673943	6642.673943	6642.673943	right	0.0	2	-14.0	29	right	right	8262.675129
6643.144107	1619.5310219999992	trials	BSD015	p105	737	6643.144107	6643.271107	6643.701772	6643.701772	6643.882271	6643.882271	6645.710597	left	0.0	3	-13.0	29	right	right	8262.675129
6646.088262	1616.586866999999	trials	BSD015	p105	738	6646.088262	6646.367928	6646.800593	6646.806093	6646.906592	6653.741232	6653.741232	right	1.0	4	-12.0	29	right	right	8262.675129
6654.559728	1608.115400999999	trials	BSD015	p105	739	6654.559728	6654.826561	6655.408892	6655.414392	6655.475725	6657.144551	6657.144551	right	1.0	5	-11.0	29	right	right	8262.675129
6657.644383	1605.0307459999995	trials	BSD015	p105	740	6657.644383	6657.732382	6658.467046	6658.472546	6659.310543	6659.310543	6659.310543	right	1.0	6	-10.0	29	right	right	8262.675129
6659.709708	1602.965420999999	trials	BSD015	p105	741	6659.709708	6659.946207	6660.776037	6660.78137	6660.890703	6663.641859	6663.641859	right	1.0	7	-9.0	29	right	right	8262.675129
6664.13219	1598.542938999999	trials	BSD015	p105	742	6664.13219	6664.633855	6665.099853	6665.105186	6667.343177	6667.343177	6667.343177	right	1.0	8	-8.0	29	right	right	8262.675129
6667.773176	1594.9019529999996	trials	BSD015	p105	743	6667.773176	6668.007508	6668.544506	6668.550006	6669.867667	6669.867667	6669.867667	right	1.0	9	-7.0	29	right	right	8262.675129
6670.288832	1592.386296999999	trials	BSD015	p105	744	6670.288832	6671.007663	6671.474327	6671.481661	6671.72616	6671.72616	6671.72616	right	0.0	10	-6.0	29	right	right	8262.675129
6672.098325	1590.5768039999994	trials	BSD015	p105	745	6672.098325	6672.223824	6672.735656	6672.735656	6672.839155	6673.083488	6674.718148	left	0.0	11	-5.0	29	right	right	8262.675129
6675.027647	1587.6474819999994	trials	BSD015	p105	746	6675.027647	6675.471978	6675.900643	6675.906143	6676.034976	6676.946306	6676.946306	right	1.0	12	-4.0	29	right	right	8262.675129
6677.343971	1585.331157999999	trials	BSD015	p105	747	6677.343971	6677.750302	6678.209467	6678.214967	6680.621791	6680.760957	6680.760957	right	1.0	13	-3.0	29	right	right	8262.675129
6681.177789	1581.497339999999	trials	BSD015	p105	748	6681.177789	6681.433454	6681.951786	6681.957286	6682.091118	6683.460446	6683.460446	right	1.0	14	-2.0	29	right	right	8262.675129
6683.874111	1578.8010179999992	trials	BSD015	p105	749	6683.874111	6684.227776	6684.691941	6684.697441	6685.372105	6685.372105	6687.914762	right	1.0	15	-1.0	29	right	right	8262.675129
6688.260427	1574.4147019999991	trials	BSD015	p105	750	6688.260427	6688.533926	6689.062924	6689.062924	6689.777588	6689.777588	6689.777588	right	0.0	0	0.0	30	left	right	8262.675129
6690.165919	1572.5092099999993	trials	BSD015	p105	751	6690.165919	6690.294752	6690.76975	6690.77525	6690.827083	6691.695913	6691.695913	left	1.0	1	-8.0	30	left	left	8262.675129
6692.201245	1570.473883999999	trials	BSD015	p105	752	6692.201245	6692.289411	6692.688076	6692.693409	6695.431065	6696.793893	6696.793893	left	1.0	2	-7.0	30	left	left	8262.675129
6697.152725	1565.5224039999994	trials	BSD015	p105	753	6697.152725	6697.216725	6697.54189	6697.54739	6697.585223	6702.174871	6702.174871	left	1.0	3	-6.0	30	left	left	8262.675129
6702.53887	1560.136258999999	trials	BSD015	p105	754	6702.53887	6702.588536	6702.951702	6702.957202	6704.722361	6705.927856	6705.927856	left	1.0	4	-5.0	30	left	left	8262.675129
6706.286355	1556.388773999999	trials	BSD015	p105	755	6706.286355	6706.346355	6706.67802	6706.685353	6706.922519	6707.288851	6707.288851	left	0.0	5	-4.0	30	left	left	8262.675129
6707.671516	1555.003612999999	trials	BSD015	p105	756	6707.671516	6707.691516	6708.043348	6708.048848	6710.213839	6712.757996	6712.757996	left	1.0	6	-3.0	30	left	left	8262.675129
6713.112494	1549.5626349999993	trials	BSD015	p105	757	6713.112494	6713.177494	6713.533326	6713.538659	6715.718817	6717.036812	6717.036812	left	1.0	7	-2.0	30	left	left	8262.675129
6717.602643	1545.0724859999991	trials	BSD015	p105	758	6717.602643	6717.717142	6718.057141	6718.062641	6719.752801	6719.9468	6719.9468	left	1.0	8	-1.0	30	left	left	8262.675129
6720.403132	1542.271996999999	trials	BSD015	p105	759	6720.403132	6720.472965	6720.863297	6720.863297	6721.070296	6721.257962	6722.927288	left	0.0	0	0.0	31	right	left	8262.675129
6723.325787	1539.3493419999995	trials	BSD015	p105	760	6723.325787	6723.506286	6723.834451	6723.834451	6724.057284	6724.357449	6725.520945	left	0.0	1	-19.0	31	right	right	8262.675129
6725.973446	1536.7016829999993	trials	BSD015	p105	761	6725.973446	6726.074942	6726.492941	6726.492941	6726.78244	6726.78244	6730.116426	left	0.0	2	-18.0	31	right	right	8262.675129
6730.580758	1532.0943709999992	trials	BSD015	p105	762	6730.580758	6730.687424	6731.213589	6731.213589	6731.331755	6731.420754	6735.265906	left	0.0	3	-17.0	31	right	right	8262.675129
6735.680071	1526.9950579999995	trials	BSD015	p105	763	6735.680071	6735.83457	6736.503401	6736.508901	6736.6229	6739.812221	6739.812221	right	1.0	4	-16.0	31	right	right	8262.675129
6740.436718	1522.2384109999994	trials	BSD015	p105	764	6740.436718	6740.715551	6741.162715	6741.168215	6742.249211	6742.249211	6742.249211	right	1.0	5	-15.0	31	right	right	8262.675129
6742.869209	1519.8059199999989	trials	BSD015	p105	765	6742.869209	6742.895042	6743.36004	6743.36554	6743.881371	6743.881371	6743.881371	right	1.0	6	-14.0	31	right	right	8262.675129
6744.223703	1518.4514259999996	trials	BSD015	p105	766	6744.223703	6744.486869	6744.925367	6744.930867	6745.034367	6747.256024	6747.256024	right	1.0	7	-13.0	31	right	right	8262.675129
6747.659189	1515.0159399999993	trials	BSD015	p105	767	6747.659189	6747.995021	6748.469186	6748.474519	6751.360175	6751.360175	6751.360175	right	1.0	8	-12.0	31	right	right	8262.675129
6752.033672	1510.6414569999997	trials	BSD015	p105	768	6752.033672	6752.082672	6752.753002	6752.760169	6752.951835	6752.951835	6752.951835	right	0.0	9	-11.0	31	right	right	8262.675129
6753.887164	1508.7879649999995	trials	BSD015	p105	769	6753.887164	6753.947664	6754.743828	6754.749328	6755.668324	6755.668324	6755.668324	right	1.0	10	-10.0	31	right	right	8262.675129
6756.464488	1506.2106409999997	trials	BSD015	p105	770	6756.464488	6756.925319	6757.379817	6757.385317	6759.930474	6759.930474	6759.930474	right	1.0	11	-9.0	31	right	right	8262.675129
6760.425138	1502.2499909999997	trials	BSD015	p105	771	6760.425138	6760.88947	6761.302801	6761.308301	6761.461301	6763.324793	6763.324793	right	1.0	12	-8.0	31	right	right	8262.675129
6763.705125	1498.9700039999989	trials	BSD015	p105	772	6763.705125	6764.173123	6764.606622	6764.612122	6767.606776	6767.606776	6767.606776	right	1.0	13	-7.0	31	right	right	8262.675129
6768.172441	1494.5026879999996	trials	BSD015	p105	773	6768.172441	6768.991937	6769.405936	6769.411436	6769.446936	6771.813926	6771.813926	right	1.0	14	-6.0	31	right	right	8262.675129
6772.241091	1490.4340379999994	trials	BSD015	p105	774	6772.241091	6772.360091	6772.868255	6772.873755	6772.928755	6775.91041	6775.91041	right	1.0	15	-5.0	31	right	right	8262.675129
6776.394741	1486.2803879999992	trials	BSD015	p105	775	6776.394741	6777.074238	6777.570236	6777.57557	6777.637236	6780.04956	6780.04956	right	1.0	16	-4.0	31	right	right	8262.675129
6780.469725	1482.2054039999994	trials	BSD015	p105	776	6780.469725	6780.908556	6781.643053	6781.648553	6781.707387	6785.135039	6785.135039	right	1.0	17	-3.0	31	right	right	8262.675129
6785.625038	1477.0500909999992	trials	BSD015	p105	777	6785.625038	6786.277202	6786.996532	6787.003699	6787.54503	6787.54503	6787.54503	right	0.0	18	-2.0	31	right	right	8262.675129
6787.913362	1474.761766999999	trials	BSD015	p105	778	6787.913362	6787.992695	6788.738025	6788.743525	6796.191162	6796.191162	6796.191162	right	1.0	19	-1.0	31	right	right	8262.675129
6796.818159	1465.856969999999	trials	BSD015	p105	779	6796.818159	6798.062488	6798.619486	6798.619486	6799.205983	6799.205983	6799.205983	right	0.0	0	0.0	32	left	right	8262.675129
6799.777648	1462.897480999999	trials	BSD015	p105	780	6799.777648	6800.211646	6800.657811	6800.657811	6800.827643	6801.279808	6801.279808	right	0.0	1	-38.0	32	left	right	8262.675129
6801.671973	1461.0031559999989	trials	BSD015	p105	781	6801.671973	6801.860639	6802.437304	6802.444637	6802.500803	6802.621136	6803.981131	left	0.0	2	-37.0	32	left	right	8262.675129
6804.375963	1458.2991659999989	trials	BSD015	p105	782	6804.375963	6804.556795	6805.09946	6805.10496	6805.133959	6811.039769	6811.039769	left	1.0	3	-36.0	32	left	left	8262.675129
6813.145594	1449.5295349999997	trials	BSD015	p105	783	6813.145594	6813.213927	6813.680759	6813.686259	6813.784925	6817.053412	6817.053412	left	1.0	4	-35.0	32	left	left	8262.675129
6818.137574	1444.537554999999	trials	BSD015	p105	784	6818.137574	6818.186074	6818.575406	6818.580906	6821.187062	6822.52039	7264.234456	left	1.0	5	-34.0	32	left	right	8262.675129
7290.669517	972.005611999999	trials	BSD015	p105	785	7290.669517	7290.78435	7291.587014	7291.587014	7291.711847	7293.047841	7293.047841	right	0.0	6	-33.0	32	left	right	8262.675129
7293.578339	969.0967899999996	trials	BSD015	p105	786	7293.578339	7293.769672	7294.352669	7294.352669	7294.434169	7295.389332	7295.389332	right	0.0	7	-32.0	32	left	right	8262.675129
7296.037663	966.6374659999992	trials	BSD015	p105	787	7296.037663	7296.454994	7297.078825	7297.086158	7297.135658	7297.51349	7297.51349	left	0.0	8	-31.0	32	left	left	8262.675129
7297.984321	964.6908079999994	trials	BSD015	p105	788	7297.984321	7298.031155	7298.679819	7298.679819	7298.841485	7299.217483	7299.217483	right	0.0	9	-30.0	32	left	right	8262.675129
7299.634148	963.0409809999992	trials	BSD015	p105	789	7299.634148	7299.782314	7300.309979	7300.309979	7300.458812	7300.901643	7300.901643	right	0.0	10	-29.0	32	left	right	8262.675129
7301.379808	961.2953209999996	trials	BSD015	p105	790	7301.379808	7301.496474	7302.051805	7302.059138	7302.132305	7302.326471	7304.023297	left	0.0	11	-28.0	32	left	right	8262.675129
7304.516129	958.1589999999997	trials	BSD015	p105	791	7304.516129	7304.683628	7305.252959	7305.258459	7305.293292	7308.065281	7308.065281	left	1.0	12	-27.0	32	left	left	8262.675129
7310.073606	952.6015229999994	trials	BSD015	p105	792	7310.073606	7310.177273	7310.677604	7310.677604	7310.764937	7311.728266	7311.728266	right	0.0	13	-26.0	32	left	right	8262.675129
7312.182931	950.492197999999	trials	BSD015	p105	793	7312.182931	7312.290598	7312.890095	7312.895595	7313.053094	7318.106908	7318.106908	left	1.0	14	-25.0	32	left	left	8262.675129
7318.682739	943.9923899999994	trials	BSD015	p105	794	7318.682739	7318.762905	7319.168737	7319.17607	7319.251736	7319.746734	7319.746734	left	0.0	15	-24.0	32	left	left	8262.675129
7320.139066	942.5360629999996	trials	BSD015	p105	795	7320.139066	7320.192233	7320.610231	7320.615564	7320.729564	7322.049558	7322.049558	left	1.0	16	-23.0	32	left	left	8262.675129
7323.005388	939.6697409999997	trials	BSD015	p105	796	7323.005388	7323.061554	7323.702219	7323.707719	7325.688877	7326.997205	7326.997205	left	1.0	17	-22.0	32	left	left	8262.675129
7327.942868	934.7322609999992	trials	BSD015	p105	797	7327.942868	7328.076534	7328.452533	7328.459866	7328.734532	7329.071197	7329.071197	left	0.0	18	-21.0	32	left	left	8262.675129
7329.577362	933.0977669999993	trials	BSD015	p105	798	7329.577362	7329.731861	7330.274026	7330.274026	7330.414692	7330.79169	7330.79169	right	0.0	19	-20.0	32	left	right	8262.675129
7331.639187	931.0359419999995	trials	BSD015	p105	799	7331.639187	7331.708353	7332.197018	7332.202351	7332.326851	7337.904328	7339.554489	left	1.0	20	-19.0	32	left	right	8262.675129
7339.93232	922.7428089999994	trials	BSD015	p105	800	7339.93232	7340.064986	7340.645151	7340.650651	7340.713484	7342.276478	7343.887471	left	1.0	21	-18.0	32	left	right	8262.675129
7344.276303	918.3988259999996	trials	BSD015	p105	801	7344.276303	7344.601135	7345.1198	7345.1198	7345.266299	7345.88463	7345.88463	right	0.0	22	-17.0	32	left	right	8262.675129
7346.258128	916.4170009999989	trials	BSD015	p105	802	7346.258128	7346.358795	7346.826793	7346.834126	7347.345791	7347.345791	7349.92628	left	0.0	23	-16.0	32	left	right	8262.675129
7350.420445	912.2546839999995	trials	BSD015	p105	803	7350.420445	7350.592278	7351.119276	7351.119276	7351.256442	7352.153605	7352.153605	right	0.0	24	-15.0	32	left	right	8262.675129
7352.518603	910.1565259999988	trials	BSD015	p105	804	7352.518603	7352.797769	7353.229267	7353.229267	7353.4306	7354.14593	7354.14593	right	0.0	25	-14.0	32	left	right	8262.675129
7354.589428	908.0857009999991	trials	BSD015	p105	805	7354.589428	7355.089593	7355.597591	7355.597591	7355.998589	7356.942252	7356.942252	right	0.0	26	-13.0	32	left	right	8262.675129
7357.40425	905.2708789999997	trials	BSD015	p105	806	7357.40425	7357.55625	7358.38158	7358.38158	7358.835245	7358.835245	7358.835245	right	0.0	27	-12.0	32	left	right	8262.675129
7359.218077	903.4570519999988	trials	BSD015	p105	807	7359.218077	7359.291576	7359.833907	7359.839241	7359.937574	7361.118402	7362.908062	left	1.0	28	-11.0	32	left	right	8262.675129
7363.293227	899.3819019999992	trials	BSD015	p105	808	7363.293227	7363.483559	7364.011057	7364.016391	7364.157057	7370.838197	7370.838197	left	1.0	29	-10.0	32	left	left	8262.675129
7371.359361	891.3157679999995	trials	BSD015	p105	809	7371.359361	7371.411694	7371.900192	7371.900192	7371.997025	7372.973521	7372.973521	right	0.0	30	-9.0	32	left	right	8262.675129
7373.343353	889.3317759999991	trials	BSD015	p105	810	7373.343353	7373.688852	7374.224516	7374.224516	7374.785681	7374.785681	7374.785681	right	0.0	31	-8.0	32	left	right	8262.675129
7375.176679	887.4984499999991	trials	BSD015	p105	811	7375.176679	7375.248346	7375.774177	7375.77951	7378.560332	7378.560332	7378.560332	left	1.0	32	-7.0	32	left	left	8262.675129
7379.515495	883.1596339999996	trials	BSD015	p105	812	7379.515495	7379.544995	7380.044827	7380.050326	7382.840815	7382.840815	7382.840815	left	1.0	33	-6.0	32	left	left	8262.675129
7383.580979	879.094149999999	trials	BSD015	p105	813	7383.580979	7383.623979	7384.019311	7384.024644	7386.174135	7386.174135	7386.174135	left	1.0	34	-5.0	32	left	left	8262.675129
7387.322797	875.3523319999995	trials	BSD015	p105	814	7387.322797	7387.367131	7387.818462	7387.823795	7389.707455	7394.305936	7394.305936	left	1.0	35	-4.0	32	left	left	8262.675129
7394.751434	867.9236949999995	trials	BSD015	p105	815	7394.751434	7394.804767	7395.159266	7395.166599	7395.172933	7396.741926	7396.741926	left	0.0	36	-3.0	32	left	left	8262.675129
7397.254591	865.4205379999994	trials	BSD015	p105	816	7397.254591	7397.276091	7397.635756	7397.643089	7397.741422	7398.043921	7398.043921	left	0.0	37	-2.0	32	left	left	8262.675129
7398.903251	863.7718779999996	trials	BSD015	p105	817	7398.903251	7399.05075	7399.434249	7399.439582	7399.569415	7401.436574	7401.436574	left	1.0	38	-1.0	32	left	left	8262.675129
7402.155405	860.5197239999989	trials	BSD015	p105	818	7402.155405	7402.229738	7402.639069	7402.639069	7402.856569	7402.856569	7402.856569	left	0.0	0	0.0	33	right	left	8262.675129
7403.784232	858.8908969999993	trials	BSD015	p105	819	7403.784232	7403.973397	7404.396729	7404.396729	7404.785061	7404.785061	7404.785061	left	0.0	1	-14.0	33	right	left	8262.675129
7405.270059	857.4050699999989	trials	BSD015	p105	820	7405.270059	7405.433225	7406.388221	7406.388221	7406.583387	7406.992385	7410.716537	left	0.0	2	-13.0	33	right	right	8262.675129
7411.281035	851.3940939999993	trials	BSD015	p105	821	7411.281035	7411.907866	7412.49653	7412.49653	7412.718862	7412.718862	7414.527522	left	0.0	3	-12.0	33	right	right	8262.675129
7414.988353	847.6867759999996	trials	BSD015	p105	822	7414.988353	7415.600018	7416.045183	7416.050682	7416.239015	7417.591676	7417.591676	right	1.0	4	-11.0	33	right	right	8262.675129
7418.023675	844.6514539999989	trials	BSD015	p105	823	7418.023675	7418.278507	7418.846838	7418.852338	7421.474661	7421.474661	7421.474661	right	1.0	5	-10.0	33	right	right	8262.675129
7422.258158	840.4169709999996	trials	BSD015	p105	824	7422.258158	7422.698989	7423.126488	7423.133654	7423.870985	7423.870985	7423.870985	right	0.0	6	-9.0	33	right	right	8262.675129
7424.267816	838.4073129999997	trials	BSD015	p105	825	7424.267816	7424.468815	7424.95198	7424.95748	7427.354471	7427.509303	7427.509303	right	1.0	7	-8.0	33	right	right	8262.675129
7428.108134	834.5669949999992	trials	BSD015	p105	826	7428.108134	7428.4458	7429.17663	7429.183963	7429.718628	7429.718628	7429.718628	right	0.0	8	-7.0	33	right	right	8262.675129
7430.103126	832.5720029999993	trials	BSD015	p105	827	7430.103126	7430.358125	7430.96029	7430.965623	7433.617446	7433.617446	7433.617446	right	1.0	9	-6.0	33	right	right	8262.675129
7434.118277	828.5568519999997	trials	BSD015	p105	828	7434.118277	7434.431276	7434.930107	7434.935607	7436.659267	7436.875433	7436.875433	right	1.0	10	-5.0	33	right	right	8262.675129
7437.299431	825.3756979999989	trials	BSD015	p105	829	7437.299431	7437.585596	7437.987928	7437.993428	7440.285419	7440.285419	7440.285419	right	1.0	11	-4.0	33	right	right	8262.675129
7440.795584	821.8795449999989	trials	BSD015	p105	830	7440.795584	7441.171082	7441.600247	7441.60558	7443.661572	7443.821905	7443.821905	right	1.0	12	-3.0	33	right	right	8262.675129
7444.306903	818.3682259999996	trials	BSD015	p105	831	7444.306903	7444.515235	7444.929734	7444.935067	7447.758056	7447.758056	7447.758056	right	1.0	13	-2.0	33	right	right	8262.675129
7448.36622	814.3089089999994	trials	BSD015	p105	832	7448.36622	7448.672219	7449.27855	7449.283883	7450.570878	7450.75021	7450.75021	right	1.0	14	-1.0	33	right	right	8262.675129
7451.159375	811.5157539999991	trials	BSD015	p105	833	7451.159375	7451.476874	7452.055038	7452.055038	7452.61737	7452.61737	7452.61737	right	0.0	0	0.0	34	left	right	8262.675129
7452.962368	809.7127609999989	trials	BSD015	p105	834	7452.962368	7453.2157	7453.636532	7453.636532	7454.426696	7454.426696	7454.426696	right	0.0	1	-43.0	34	left	right	8262.675129
7454.832027	807.8431019999989	trials	BSD015	p105	835	7454.832027	7455.04136	7455.498691	7455.498691	7455.672857	7456.265022	7456.265022	right	0.0	2	-42.0	34	left	right	8262.675129
7456.62252	806.0526089999994	trials	BSD015	p105	836	7456.62252	7456.847686	7457.48035	7457.48035	7458.27868	7458.27868	7458.27868	right	0.0	3	-41.0	34	left	right	8262.675129
7458.664012	804.0111169999991	trials	BSD015	p105	837	7458.664012	7459.15551	7459.662841	7459.662841	7459.93384	7460.293172	7460.293172	right	0.0	4	-40.0	34	left	right	8262.675129
7460.869337	801.8057919999992	trials	BSD015	p105	838	7460.869337	7460.95167	7461.557667	7461.563	7461.710167	7463.540826	7463.540826	left	1.0	5	-39.0	34	left	left	8262.675129
7464.669821	798.0053079999989	trials	BSD015	p105	839	7464.669821	7464.690155	7465.11182	7465.116986	7465.227819	7466.884479	7468.176974	left	1.0	6	-38.0	34	left	left	8262.675129
7468.620472	794.0546569999997	trials	BSD015	p105	840	7468.620472	7468.654805	7469.031304	7469.038471	7469.872301	7469.872301	7469.872301	left	0.0	7	-37.0	34	left	left	8262.675129
7470.382965	792.2921639999995	trials	BSD015	p105	841	7470.382965	7470.436632	7470.765464	7470.77263	7470.91013	7471.294628	7471.294628	left	0.0	8	-36.0	34	left	left	8262.675129
7471.73796	790.9371689999989	trials	BSD015	p105	842	7471.73796	7471.829126	7472.350124	7472.350124	7472.464957	7473.118621	7481.426921	right	0.0	9	-35.0	34	left	right	8262.675129
7481.75792	780.9172089999993	trials	BSD015	p105	843	7481.75792	7481.974752	7482.600083	7482.600083	7482.781416	7483.347247	7483.347247	right	0.0	10	-34.0	34	left	right	8262.675129
7483.699412	778.9757169999993	trials	BSD015	p105	844	7483.699412	7483.784412	7484.299409	7484.306576	7484.620908	7484.620908	7484.620908	left	0.0	11	-33.0	34	left	left	8262.675129
7485.031407	777.6437219999989	trials	BSD015	p105	845	7485.031407	7485.143406	7485.638737	7485.638737	7485.742904	7486.6744	7486.6744	right	0.0	12	-32.0	34	left	right	8262.675129
7487.041732	775.6333969999996	trials	BSD015	p105	846	7487.041732	7487.150231	7487.803562	7487.803562	7488.526726	7488.526726	7488.526726	right	0.0	13	-31.0	34	left	right	8262.675129
7488.887391	773.7877379999991	trials	BSD015	p105	847	7488.887391	7489.483222	7489.850221	7489.850221	7490.487218	7490.487218	7490.487218	right	0.0	14	-30.0	34	left	right	8262.675129
7490.840383	771.8347459999995	trials	BSD015	p105	848	7490.840383	7490.980049	7491.449214	7491.449214	7492.060712	7492.249878	7492.249878	right	0.0	15	-29.0	34	left	right	8262.675129
7492.57171	770.1034189999991	trials	BSD015	p105	849	7492.57171	7492.928542	7493.365207	7493.365207	7493.541873	7494.16837	7494.16837	right	0.0	16	-28.0	34	left	right	8262.675129
7494.513369	768.161759999999	trials	BSD015	p105	850	7494.513369	7494.613202	7495.142533	7495.148033	7495.204533	7497.508523	7497.508523	left	1.0	17	-27.0	34	left	left	8262.675129
7498.886184	763.7889449999993	trials	BSD015	p105	851	7498.886184	7498.987184	7499.441849	7499.449182	7499.622848	7499.834681	7501.625674	left	0.0	18	-26.0	34	left	right	8262.675129
7501.967005	760.7081239999989	trials	BSD015	p105	852	7501.967005	7502.154171	7502.593503	7502.599003	7502.655169	7505.154659	7505.154659	left	1.0	19	-25.0	34	left	left	8262.675129
7507.058818	755.6163109999989	trials	BSD015	p105	853	7507.058818	7507.136151	7507.644816	7507.650316	7507.773982	7509.246643	7509.246643	left	1.0	20	-24.0	34	left	left	8262.675129
7509.94014	752.7349889999996	trials	BSD015	p105	854	7509.94014	7509.977807	7510.314972	7510.320472	7510.397138	7512.298964	7512.298964	left	1.0	21	-23.0	34	left	left	8262.675129
7513.056461	749.6186679999992	trials	BSD015	p105	855	7513.056461	7513.114794	7513.458126	7513.463626	7515.189953	7515.189953	7515.189953	left	1.0	22	-22.0	34	left	left	8262.675129
7515.621784	747.0533449999994	trials	BSD015	p105	856	7515.621784	7515.76645	7516.112449	7516.119782	7516.396281	7516.396281	7516.396281	left	0.0	23	-21.0	34	left	left	8262.675129
7516.888779	745.7863499999994	trials	BSD015	p105	857	7516.888779	7516.931446	7517.328611	7517.335944	7517.748776	7517.748776	7519.180103	left	0.0	24	-20.0	34	left	left	8262.675129
7519.545435	743.1296939999993	trials	BSD015	p105	858	7519.545435	7519.741434	7520.0886	7520.093933	7520.220599	7522.050758	7523.941084	left	1.0	25	-19.0	34	left	left	8262.675129
7524.288583	738.3865459999997	trials	BSD015	p105	859	7524.288583	7524.432582	7524.789248	7524.794581	7524.934747	7527.335237	7527.335237	left	1.0	26	-18.0	34	left	left	8262.675129
7527.833735	734.8413939999991	trials	BSD015	p105	860	7527.833735	7527.933235	7528.3324	7528.337733	7530.249059	7530.249059	7530.249059	left	1.0	27	-17.0	34	left	left	8262.675129
7530.841557	731.8335719999995	trials	BSD015	p105	861	7530.841557	7531.013056	7531.367055	7531.372555	7531.441721	7533.35438	7533.35438	left	1.0	28	-16.0	34	left	left	8262.675129
7533.762878	728.9122509999997	trials	BSD015	p105	862	7533.762878	7533.946378	7534.375543	7534.381042	7534.404376	7536.436201	7536.436201	left	1.0	29	-15.0	34	left	left	8262.675129
7536.825199	725.8499299999994	trials	BSD015	p105	863	7536.825199	7536.873199	7537.357531	7537.362864	7537.410697	7539.388356	7539.388356	left	1.0	30	-14.0	34	left	left	8262.675129
7539.785521	722.8896079999995	trials	BSD015	p105	864	7539.785521	7539.826354	7540.216519	7540.221852	7540.244186	7541.989345	7541.989345	left	1.0	31	-13.0	34	left	left	8262.675129
7542.453677	720.2214519999989	trials	BSD015	p105	865	7542.453677	7542.59401	7542.948842	7542.954175	7543.087508	7544.995	7544.995	left	1.0	32	-12.0	34	left	left	8262.675129
7545.539665	717.135463999999	trials	BSD015	p105	866	7545.539665	7545.675997	7546.054162	7546.059662	7547.654489	7547.654489	7547.654489	left	1.0	33	-11.0	34	left	left	8262.675129
7548.23332	714.441808999999	trials	BSD015	p105	867	7548.23332	7548.300653	7548.700485	7548.705819	7548.795652	7551.037643	7551.037643	left	1.0	34	-10.0	34	left	left	8262.675129
7551.474474	711.2006549999996	trials	BSD015	p105	868	7551.474474	7551.74464	7552.130305	7552.135805	7555.627124	7555.627124	7557.265284	left	1.0	35	-9.0	34	left	left	8262.675129
7557.716449	704.9586799999997	trials	BSD015	p105	869	7557.716449	7557.796782	7558.200281	7558.207614	7558.399613	7558.399613	7558.399613	left	0.0	36	-8.0	34	left	left	8262.675129
7559.877774	702.7973549999997	trials	BSD015	p105	870	7559.877774	7559.930607	7560.376105	7560.383438	7560.541271	7560.541271	7560.541271	left	0.0	37	-7.0	34	left	left	8262.675129
7562.050432	700.6246969999993	trials	BSD015	p105	871	7562.050432	7562.157431	7562.734929	7562.734929	7562.839762	7562.839762	7562.839762	right	0.0	38	-6.0	34	left	right	8262.675129
7564.690588	697.9845409999989	trials	BSD015	p105	872	7564.690588	7564.763421	7565.346419	7565.351752	7565.476918	7566.436081	7566.436081	left	1.0	39	-5.0	34	left	left	8262.675129
7566.997912	695.6772169999995	trials	BSD015	p105	873	7566.997912	7567.035579	7567.555743	7567.555743	7567.594743	7568.33524	7568.33524	right	0.0	40	-4.0	34	left	right	8262.675129
7568.716572	693.958556999999	trials	BSD015	p105	874	7568.716572	7568.865071	7569.486069	7569.486069	7569.728568	7569.728568	7569.728568	right	0.0	41	-3.0	34	left	right	8262.675129
7570.012733	692.6623959999997	trials	BSD015	p105	875	7570.012733	7570.099566	7570.560564	7570.566064	7572.50889	7575.203713	7575.203713	left	1.0	42	-2.0	34	left	left	8262.675129
7575.71471	686.9604189999991	trials	BSD015	p105	876	7575.71471	7575.78221	7576.356541	7576.361875	7579.034531	7579.034531	7579.034531	left	1.0	43	-1.0	34	left	left	8262.675129
7579.477195	683.1979339999989	trials	BSD015	p105	877	7579.477195	7579.617195	7579.95786	7579.95786	7580.145859	7580.808857	7580.808857	left	0.0	0	0.0	35	right	left	8262.675129
7581.164855	681.5102739999993	trials	BSD015	p105	878	7581.164855	7581.497354	7581.824686	7581.824686	7582.032852	7582.032852	7582.032852	left	0.0	1	-35.0	35	right	left	8262.675129
7582.58685	680.0882789999996	trials	BSD015	p105	879	7582.58685	7582.796682	7583.131181	7583.131181	7583.22618	7583.785012	7583.785012	left	0.0	2	-34.0	35	right	left	8262.675129
7584.13501	678.5401189999993	trials	BSD015	p105	880	7584.13501	7584.22201	7584.605675	7584.605675	7584.828174	7584.828174	7584.828174	left	0.0	3	-33.0	35	right	left	8262.675129
7586.900999	675.7741299999989	trials	BSD015	p105	881	7586.900999	7586.992999	7587.395664	7587.395664	7587.473163	7587.829829	7587.829829	left	0.0	4	-32.0	35	right	left	8262.675129
7588.468659	674.2064699999992	trials	BSD015	p105	882	7588.468659	7588.534326	7589.095824	7589.103157	7589.118824	7589.98832	7589.98832	right	0.0	5	-31.0	35	right	right	8262.675129
7590.703984	671.9711449999995	trials	BSD015	p105	883	7590.703984	7590.833483	7591.326315	7591.331815	7593.467806	7593.467806	7593.467806	right	1.0	6	-30.0	35	right	right	8262.675129
7594.14197	668.5331589999996	trials	BSD015	p105	884	7594.14197	7594.28197	7594.821467	7594.826967	7597.216291	7597.216291	7597.216291	right	1.0	7	-29.0	35	right	right	8262.675129
7597.640123	665.0350059999992	trials	BSD015	p105	885	7597.640123	7597.755789	7598.30312	7598.30862	7598.34262	7601.035609	7601.035609	right	1.0	8	-28.0	35	right	right	8262.675129
7601.544274	661.1308549999994	trials	BSD015	p105	886	7601.544274	7601.666773	7602.104605	7602.111938	7602.518603	7602.518603	7602.518603	right	0.0	9	-27.0	35	right	right	8262.675129
7603.009268	659.6658609999995	trials	BSD015	p105	887	7603.009268	7603.048268	7603.531433	7603.536766	7605.501258	7605.501258	7605.501258	right	1.0	10	-26.0	35	right	right	8262.675129
7605.944256	656.7308729999995	trials	BSD015	p105	888	7605.944256	7606.068256	7606.600754	7606.606087	7608.696079	7608.696079	7608.696079	right	1.0	11	-25.0	35	right	right	8262.675129
7609.12041	653.5547189999988	trials	BSD015	p105	889	7609.12041	7609.452576	7609.94074	7609.946074	7609.988907	7612.305564	7612.305564	right	1.0	12	-24.0	35	right	right	8262.675129
7612.727229	649.9478999999992	trials	BSD015	p105	890	7612.727229	7613.30356	7613.752392	7613.757725	7615.673884	7615.673884	7615.673884	right	1.0	13	-23.0	35	right	right	8262.675129
7616.078549	646.5965799999994	trials	BSD015	p105	891	7616.078549	7616.340548	7616.886046	7616.891546	7616.958546	7619.373369	7619.373369	right	1.0	14	-22.0	35	right	right	8262.675129
7619.810367	642.8647619999992	trials	BSD015	p105	892	7619.810367	7620.293532	7620.767197	7620.77453	7620.801863	7621.822359	7621.822359	right	0.0	15	-21.0	35	right	right	8262.675129
7622.236191	640.4389379999993	trials	BSD015	p105	893	7622.236191	7622.46469	7622.869189	7622.874522	7624.690848	7624.690848	7624.690848	right	1.0	16	-20.0	35	right	right	8262.675129
7625.110346	637.5647829999989	trials	BSD015	p105	894	7625.110346	7625.314345	7625.81051	7625.815843	7625.980176	7628.380666	7628.380666	right	1.0	17	-19.0	35	right	right	8262.675129
7628.858498	633.8166309999997	trials	BSD015	p105	895	7628.858498	7629.307996	7629.791328	7629.796661	7629.843327	7631.090656	7631.090656	right	1.0	18	-18.0	35	right	right	8262.675129
7631.509654	631.1654749999989	trials	BSD015	p105	896	7631.509654	7631.660487	7632.121152	7632.128485	7632.277651	7632.277651	7632.277651	right	0.0	19	-17.0	35	right	right	8262.675129
7632.955648	629.7194809999992	trials	BSD015	p105	897	7632.955648	7633.774312	7634.25381	7634.261143	7634.606308	7634.606308	7634.606308	right	0.0	20	-16.0	35	right	right	8262.675129
7634.997973	627.6771559999997	trials	BSD015	p105	898	7634.997973	7635.088473	7635.583471	7635.583471	7635.630304	7636.066302	7637.552296	left	0.0	21	-15.0	35	right	right	8262.675129
7637.939628	624.7355009999992	trials	BSD015	p105	899	7637.939628	7638.044295	7638.539293	7638.539293	7638.764792	7638.764792	7641.158949	left	0.0	22	-14.0	35	right	right	8262.675129
7641.633947	621.041181999999	trials	BSD015	p105	900	7641.633947	7641.74628	7642.271611	7642.271611	7642.338944	7643.029108	7643.029108	left	0.0	23	-13.0	35	right	left	8262.675129
7643.495106	619.180022999999	trials	BSD015	p105	901	7643.495106	7643.522439	7644.015937	7644.023104	7644.11177	7644.11177	7644.11177	right	0.0	24	-12.0	35	right	right	8262.675129
7644.781601	617.8935279999996	trials	BSD015	p105	902	7644.781601	7645.213932	7645.771097	7645.776597	7645.946596	7647.784089	7647.784089	right	1.0	25	-11.0	35	right	right	8262.675129
7648.170254	614.5048749999996	trials	BSD015	p105	903	7648.170254	7648.433253	7648.936584	7648.941918	7649.615248	7649.615248	7649.615248	right	1.0	26	-10.0	35	right	right	8262.675129
7649.96158	612.7135489999991	trials	BSD015	p105	904	7649.96158	7650.221579	7650.740077	7650.745577	7650.947743	7652.224904	7652.224904	right	1.0	27	-9.0	35	right	right	8262.675129
7652.656236	610.0188929999995	trials	BSD015	p105	905	7652.656236	7652.881068	7653.438733	7653.444233	7653.586232	7655.406725	7655.406725	right	1.0	28	-8.0	35	right	right	8262.675129
7655.889723	606.785405999999	trials	BSD015	p105	906	7655.889723	7656.106389	7656.56972	7656.577054	7657.552383	7657.552383	7657.552383	right	0.0	29	-7.0	35	right	right	8262.675129
7657.923382	604.7517469999993	trials	BSD015	p105	907	7657.923382	7658.491879	7658.932544	7658.939878	7659.07721	7659.599042	7659.599042	right	0.0	30	-6.0	35	right	right	8262.675129
7659.954207	602.7209219999995	trials	BSD015	p105	908	7659.954207	7660.088706	7660.74987	7660.757204	7660.996369	7661.572534	7661.572534	right	0.0	31	-5.0	35	right	right	8262.675129
7661.972199	600.7029299999995	trials	BSD015	p105	909	7661.972199	7662.184698	7662.842195	7662.847529	7664.342523	7664.342523	7664.342523	right	1.0	32	-4.0	35	right	right	8262.675129
7664.782021	597.8931079999993	trials	BSD015	p105	910	7664.782021	7665.135186	7665.563184	7665.568518	7666.680513	7666.680513	7666.680513	right	1.0	33	-3.0	35	right	right	8262.675129
7667.028012	595.6471169999995	trials	BSD015	p105	911	7667.028012	7667.290511	7667.689176	7667.694509	7667.816509	7669.996333	7669.996333	right	1.0	34	-2.0	35	right	right	8262.675129
7670.428665	592.2464639999989	trials	BSD015	p105	912	7670.428665	7670.681331	7671.091662	7671.096996	7671.218828	7673.971817	7673.971817	right	1.0	35	-1.0	35	right	right	8262.675129
7674.574148	588.1009809999996	trials	BSD015	p105	913	7674.574148	7674.800981	7675.251646	7675.251646	7675.377812	7676.001809	7676.001809	right	0.0	0	0.0	36	left	right	8262.675129
7676.399474	586.2756549999995	trials	BSD015	p105	914	7676.399474	7676.59164	7677.119805	7677.119805	7677.711136	7677.711136	7677.711136	right	0.0	1	-31.0	36	left	right	8262.675129
7678.072468	584.602660999999	trials	BSD015	p105	915	7678.072468	7678.508299	7678.953964	7678.953964	7679.107297	7679.802461	7679.802461	right	0.0	2	-30.0	36	left	right	8262.675129
7680.239792	582.435336999999	trials	BSD015	p105	916	7680.239792	7680.611791	7681.134622	7681.134622	7681.371288	7681.690287	7681.690287	right	0.0	3	-29.0	36	left	right	8262.675129
7682.076118	580.5990109999993	trials	BSD015	p105	917	7682.076118	7682.200118	7682.717282	7682.722782	7682.763116	7684.691775	7684.691775	left	1.0	4	-28.0	36	left	left	8262.675129
7685.85627	576.8188589999991	trials	BSD015	p105	918	7685.85627	7685.959436	7686.372268	7686.377601	7688.118761	7688.118761	7688.118761	left	1.0	5	-27.0	36	left	left	8262.675129
7688.540759	574.1343699999989	trials	BSD015	p105	919	7688.540759	7688.599259	7689.029757	7689.035257	7692.674076	7692.674076	7692.674076	left	1.0	6	-26.0	36	left	left	8262.675129
7693.391406	569.2837229999996	trials	BSD015	p105	920	7693.391406	7693.420573	7693.824738	7693.830071	7694.9744	7694.9744	7694.9744	left	1.0	7	-25.0	36	left	left	8262.675129
7695.436065	567.2390639999994	trials	BSD015	p105	921	7695.436065	7695.466565	7695.834063	7695.841397	7696.046896	7696.046896	7697.608723	left	0.0	8	-24.0	36	left	left	8262.675129
7698.007721	564.6674079999993	trials	BSD015	p105	922	7698.007721	7698.069054	7698.437053	7698.444386	7698.700385	7698.700385	7698.700385	left	0.0	9	-23.0	36	left	left	8262.675129
7699.166717	563.5084119999992	trials	BSD015	p105	923	7699.166717	7699.372383	7699.89588	7699.90138	7702.798869	7702.798869	7702.798869	left	1.0	10	-22.0	36	left	left	8262.675129
7703.391366	559.2837629999995	trials	BSD015	p105	924	7703.391366	7703.537366	7703.935698	7703.941031	7705.78869	7705.78869	7705.78869	left	1.0	11	-21.0	36	left	left	8262.675129
7706.321021	556.3541079999995	trials	BSD015	p105	925	7706.321021	7706.349855	7706.68002	7706.68552	7706.745853	7711.087336	7711.087336	left	1.0	12	-20.0	36	left	left	8262.675129
7711.676833	550.9982959999988	trials	BSD015	p105	926	7711.676833	7711.832166	7712.194331	7712.199665	7714.206657	7714.206657	7714.206657	left	1.0	13	-19.0	36	left	left	8262.675129
7714.936654	547.7384749999992	trials	BSD015	p105	927	7714.936654	7715.011987	7715.384485	7715.391652	7715.539485	7719.789301	7719.789301	left	0.0	14	-18.0	36	left	left	8262.675129
7720.252966	542.4221629999993	trials	BSD015	p105	928	7720.252966	7720.298132	7720.675797	7720.681131	7720.807463	7722.849122	7722.849122	left	1.0	15	-17.0	36	left	left	8262.675129
7723.773452	538.9016769999989	trials	BSD015	p105	929	7723.773452	7723.893284	7724.393449	7724.400782	7724.729614	7724.729614	7726.871439	left	0.0	16	-16.0	36	left	right	8262.675129
7727.238438	535.436690999999	trials	BSD015	p105	930	7727.238438	7727.336104	7727.754769	7727.762102	7728.2126	7728.2126	7728.2126	left	0.0	17	-15.0	36	left	left	8262.675129
7728.715598	533.9595309999995	trials	BSD015	p105	931	7728.715598	7728.771265	7729.390096	7729.390096	7729.942427	7729.942427	7729.942427	right	0.0	18	-14.0	36	left	right	8262.675129
7730.299759	532.3753699999988	trials	BSD015	p105	932	7730.299759	7730.680091	7731.128256	7731.128256	7731.786753	7731.786753	7731.786753	right	0.0	19	-13.0	36	left	right	8262.675129
7732.108752	530.5663769999992	trials	BSD015	p105	933	7732.108752	7732.326584	7732.856249	7732.856249	7733.074748	7733.416246	7733.416246	right	0.0	20	-12.0	36	left	right	8262.675129
7733.746412	528.9287169999989	trials	BSD015	p105	934	7733.746412	7733.858078	7734.353409	7734.360576	7734.436742	7734.746908	7736.379234	left	0.0	21	-11.0	36	left	right	8262.675129
7736.7114	525.9637289999991	trials	BSD015	p105	935	7736.7114	7736.860233	7737.411564	7737.411564	7738.197894	7738.197894	7738.197894	right	0.0	22	-10.0	36	left	right	8262.675129
7738.525393	524.1497359999994	trials	BSD015	p105	936	7738.525393	7738.823225	7739.27639	7739.27639	7739.437056	7740.104553	7740.104553	right	0.0	23	-9.0	36	left	right	8262.675129
7740.487385	522.1877439999989	trials	BSD015	p105	937	7740.487385	7740.83005	7741.224048	7741.224048	7741.721213	7741.721213	7741.721213	right	0.0	24	-8.0	36	left	right	8262.675129
7742.080545	520.5945839999995	trials	BSD015	p105	938	7742.080545	7742.203378	7742.731876	7742.739209	7742.793042	7743.086208	7743.086208	left	0.0	25	-7.0	36	left	left	8262.675129
7743.540539	519.1345899999997	trials	BSD015	p105	939	7743.540539	7743.610039	7744.095204	7744.095204	7744.23137	7745.199533	7745.199533	right	0.0	26	-6.0	36	left	right	8262.675129
7745.549031	517.1260979999997	trials	BSD015	p105	940	7745.549031	7745.650031	7746.054862	7746.054862	7746.61886	7746.61886	7746.61886	right	0.0	27	-5.0	36	left	right	8262.675129
7747.183191	515.4919379999992	trials	BSD015	p105	941	7747.183191	7747.276191	7747.748522	7747.753856	7747.895022	7755.938323	7755.938323	left	1.0	28	-4.0	36	left	left	8262.675129
7756.761486	505.91364299999896	trials	BSD015	p105	942	7756.761486	7756.78782	7757.301817	7757.307151	7757.412984	7758.627479	7758.627479	left	1.0	29	-3.0	36	left	left	8262.675129
7759.198477	503.4766519999994	trials	BSD015	p105	943	7759.198477	7759.24381	7759.606975	7759.612308	7761.498967	7761.498967	7761.498967	left	1.0	30	-2.0	36	left	left	8262.675129
7761.995965	500.6791639999992	trials	BSD015	p105	944	7761.995965	7762.067132	7762.40963	7762.41513	7763.136294	7763.136294	7764.219123	left	1.0	31	-1.0	36	left	left	8262.675129
7764.656121	498.0190079999993	trials	BSD015	p105	945	7764.656121	7764.765454	7765.377619	7765.383118	7765.398618	7767.998441	7767.998441	right	1.0	0	0.0	37	right	right	8262.675129
7768.555772	494.1193569999996	trials	BSD015	p105	946	7768.555772	7768.989104	7769.375936	7769.381436	7771.63626	7771.63626	7771.63626	right	1.0	1	-14.0	37	right	right	8262.675129
7772.138591	490.5365379999994	trials	BSD015	p105	947	7772.138591	7772.285758	7772.765256	7772.770589	7779.367896	7780.981056	7780.981056	right	1.0	2	-13.0	37	right	right	8262.675129
7781.490887	481.18424199999936	trials	BSD015	p105	948	7781.490887	7781.776886	7782.297884	7782.303217	7782.358384	7785.79737	7785.79737	right	1.0	3	-12.0	37	right	right	8262.675129
7786.291535	476.383593999999	trials	BSD015	p105	949	7786.291535	7786.473201	7787.127032	7787.132365	7787.171698	7788.965691	7788.965691	right	1.0	4	-11.0	37	right	right	8262.675129
7789.450356	473.224772999999	trials	BSD015	p105	950	7789.450356	7789.508855	7790.013187	7790.018687	7791.519181	7791.519181	7791.519181	right	1.0	5	-10.0	37	right	right	8262.675129
7791.960846	470.71428299999934	trials	BSD015	p105	951	7791.960846	7792.065345	7792.61251	7792.61801	7794.666335	7795.578331	7795.578331	right	1.0	6	-9.0	37	right	right	8262.675129
7796.042496	466.63263299999926	trials	BSD015	p105	952	7796.042496	7796.346995	7796.851326	7796.856659	7796.898659	7798.39732	7798.39732	right	1.0	7	-8.0	37	right	right	8262.675129
7798.841151	463.83397799999966	trials	BSD015	p105	953	7798.841151	7799.07515	7799.514315	7799.519649	7799.676148	7800.537478	7800.537478	right	1.0	8	-7.0	37	right	right	8262.675129
7800.933643	461.741485999999	trials	BSD015	p105	954	7800.933643	7801.339308	7801.762473	7801.767806	7803.567299	7803.567299	7803.567299	right	1.0	9	-6.0	37	right	right	8262.675129
7804.139297	458.5358319999996	trials	BSD015	p105	955	7804.139297	7804.25163	7804.848127	7804.853627	7806.522454	7806.522454	7806.522454	right	1.0	10	-5.0	37	right	right	8262.675129
7806.971119	455.70400999999947	trials	BSD015	p105	956	7806.971119	7807.420784	7807.875282	7807.880615	7808.734778	7808.734778	7808.734778	right	1.0	11	-4.0	37	right	right	8262.675129
7809.111944	453.56318499999907	trials	BSD015	p105	957	7809.111944	7809.414942	7809.849941	7809.855441	7813.706759	7813.706759	7813.706759	right	1.0	12	-3.0	37	right	right	8262.675129
7814.164423	448.5107059999991	trials	BSD015	p105	958	7814.164423	7814.454422	7814.945254	7814.950587	7815.076753	7815.703917	7815.703917	right	1.0	13	-2.0	37	right	right	8262.675129
7816.174415	446.5007139999989	trials	BSD015	p105	959	7816.174415	7816.369415	7816.914912	7816.920246	7817.094745	7819.20657	7819.20657	right	1.0	14	-1.0	37	right	right	8262.675129
7819.698401	442.97672799999964	trials	BSD015	p105	960	7819.698401	7819.920567	7820.518231	7820.518231	7820.622731	7821.086562	7821.086562	right	0.0	0	0.0	38	left	right	8262.675129
7821.491394	441.1837349999996	trials	BSD015	p105	961	7821.491394	7821.778893	7822.245558	7822.245558	7822.474223	7823.413386	7823.413386	right	0.0	1	-22.0	38	left	right	8262.675129
7823.819385	438.8557439999995	trials	BSD015	p105	962	7823.819385	7823.920051	7824.462882	7824.470215	7824.521715	7824.655048	7826.335041	left	0.0	2	-21.0	38	left	right	8262.675129
7826.75954	435.9155889999993	trials	BSD015	p105	963	7826.75954	7827.011872	7827.467537	7827.467537	7827.962702	7827.962702	7827.962702	right	0.0	3	-20.0	38	left	right	8262.675129
7828.2962	434.3789289999995	trials	BSD015	p105	964	7828.2962	7828.3402	7828.881531	7828.886864	7829.006864	7830.024693	7830.024693	left	1.0	4	-19.0	38	left	left	8262.675129
7830.559524	432.11560499999905	trials	BSD015	p105	965	7830.559524	7830.582358	7831.065022	7831.065022	7831.215188	7831.727186	7831.727186	right	0.0	5	-18.0	38	left	right	8262.675129
7832.152018	430.5231109999995	trials	BSD015	p105	966	7832.152018	7832.221184	7832.662349	7832.667683	7832.726516	7833.610679	7833.610679	left	1.0	6	-17.0	38	left	left	8262.675129
7834.19801	428.4771189999992	trials	BSD015	p105	967	7834.19801	7834.327843	7834.820674	7834.820674	7835.195506	7835.75167	7835.75167	right	0.0	7	-16.0	38	left	right	8262.675129
7836.138502	426.5366269999995	trials	BSD015	p105	968	7836.138502	7836.268668	7836.835999	7836.841333	7836.965165	7838.691325	7838.691325	left	1.0	8	-15.0	38	left	left	8262.675129
7839.310156	423.36497299999974	trials	BSD015	p105	969	7839.310156	7839.347823	7840.101486	7840.106986	7840.528318	7840.528318	7840.528318	left	1.0	9	-14.0	38	left	left	8262.675129
7841.073149	421.60197999999946	trials	BSD015	p105	970	7841.073149	7841.120982	7841.692813	7841.692813	7842.194811	7842.194811	7842.194811	right	0.0	10	-13.0	38	left	right	8262.675129
7842.549143	420.1259859999991	trials	BSD015	p105	971	7842.549143	7842.665309	7843.122308	7843.127641	7847.860789	7849.211616	7849.211616	left	1.0	11	-12.0	38	left	left	8262.675129
7850.11078	412.5643489999993	trials	BSD015	p105	972	7850.11078	7850.286446	7850.661777	7850.667111	7851.869939	7851.869939	7851.869939	left	1.0	12	-11.0	38	left	left	8262.675129
7852.284938	410.3901909999995	trials	BSD015	p105	973	7852.284938	7852.362104	7852.712936	7852.718436	7852.806769	7855.12526	7855.12526	left	1.0	13	-10.0	38	left	left	8262.675129
7855.640757	407.03437199999917	trials	BSD015	p105	974	7855.640757	7855.692757	7856.073256	7856.080589	7856.426754	7856.426754	7856.426754	left	0.0	14	-9.0	38	left	left	8262.675129
7856.844419	405.83070999999927	trials	BSD015	p105	975	7856.844419	7856.914919	7857.289584	7857.295084	7858.904244	7858.904244	7858.904244	left	1.0	15	-8.0	38	left	left	8262.675129
7859.337409	403.33771999999954	trials	BSD015	p105	976	7859.337409	7859.518909	7859.895407	7859.900907	7859.968907	7861.756233	7861.756233	left	1.0	16	-7.0	38	left	left	8262.675129
7862.225064	400.4500649999991	trials	BSD015	p105	977	7862.225064	7862.409064	7862.748729	7862.754062	7864.339056	7864.339056	7864.339056	left	1.0	17	-6.0	38	left	left	8262.675129
7864.750221	397.92490799999905	trials	BSD015	p105	978	7864.750221	7864.799054	7865.223219	7865.228719	7865.255386	7867.416877	7867.416877	left	1.0	18	-5.0	38	left	left	8262.675129
7867.857042	394.81808699999965	trials	BSD015	p105	979	7867.857042	7868.072874	7868.418706	7868.42604	7868.502373	7869.257036	7869.257036	left	0.0	19	-4.0	38	left	left	8262.675129
7869.650868	393.02426099999957	trials	BSD015	p105	980	7869.650868	7869.895367	7870.291199	7870.296532	7872.330024	7872.330024	7872.330024	left	1.0	20	-3.0	38	left	left	8262.675129
7872.716856	389.9582729999993	trials	BSD015	p105	981	7872.716856	7872.783356	7873.239687	7873.245187	7876.240008	7876.240008	7876.240008	left	1.0	21	-2.0	38	left	left	8262.675129
7876.796006	385.8791229999997	trials	BSD015	p105	982	7876.796006	7876.941839	7877.305171	7877.310671	7879.603995	7879.603995	7879.603995	left	1.0	22	-1.0	38	left	left	8262.675129
7880.229492	382.4456369999989	trials	BSD015	p105	983	7880.229492	7880.326159	7880.709824	7880.709824	7880.954823	7883.403313	7883.403313	left	0.0	0	0.0	39	right	left	8262.675129
8258.099981	4.575147999999899	trials	BSD015	p105	984	8258.099981	8258.863145	8262.675129	8262.675129				left	0.0	1		39	right	nan	8262.675129
