onset	duration	nwb_table	animal	session	trial	center_in	center_out	side_in	outcome	zeroth_side_out	first_side_out	last_side_out	action	rewarded	trial_in_block	prebswitch_num	block_num	state	last_side_out_side	tmax
357.658277	4805.886775999999	trials	BSD015	p104	1	357.658277	357.777443	358.606273	358.606273	358.625773	361.744261	370.438226	left	0.0	0	-30.0	1	right	right	5163.545053
372.017886	4791.527167	trials	BSD015	p104	2	372.017886	372.83305	373.601713	373.601713	376.219036	387.114159	391.356475	left	0.0	1	-29.0	1	right	right	5163.545053
392.331805	4771.213248	trials	BSD015	p104	3	392.331805	392.507971	393.078135	393.085469	393.112635	394.035798	394.035798	right	0.0	2	-28.0	1	right	right	5163.545053
395.16296	4768.382093	trials	BSD015	p104	4	395.16296	395.319293	395.926124	395.926124	396.673454	396.673454	399.175444	left	0.0	3	-27.0	1	right	right	5163.545053
399.737775	4763.807278	trials	BSD015	p104	5	399.737775	399.862775	400.277606	400.277606	400.316273	404.340257	404.340257	left	0.0	4	-26.0	1	right	left	5163.545053
405.054587	4758.490466	trials	BSD015	p104	6	405.054587	405.865251	406.316749	406.316749	408.059242	411.81756	411.81756	left	0.0	5	-25.0	1	right	left	5163.545053
412.277225	4751.267828	trials	BSD015	p104	7	412.277225	412.308892	412.896223	412.901556	412.948222	418.038202	418.038202	right	1.0	6	-24.0	1	right	right	5163.545053
418.560033	4744.98502	trials	BSD015	p104	8	418.560033	418.718033	419.255364	419.255364	419.30453	420.030861	435.042467	left	0.0	7	-23.0	1	right	right	5163.545053
482.796776	4680.748277	trials	BSD015	p104	9	482.796776	482.965442	483.768272	483.768272	484.136771	484.136771	524.029278	left	0.0	8	-22.0	1	right	right	5163.545053
524.829942	4638.7151109999995	trials	BSD015	p104	10	524.829942	524.931608	525.828938	525.828938	526.06127	528.057929	595.850491	left	0.0	9	-21.0	1	right	right	5163.545053
597.093319	4566.451734	trials	BSD015	p104	11	597.093319	597.355485	597.925649	597.925649	598.736313	598.736313	602.381631	left	0.0	10	-20.0	1	right	right	5163.545053
602.824463	4560.72059	trials	BSD015	p104	12	602.824463	602.915629	603.452627	603.458127	603.46346	607.896276	607.896276	right	1.0	11	-19.0	1	right	right	5163.545053
608.276608	4555.268445	trials	BSD015	p104	13	608.276608	608.347274	608.837272	608.842606	608.860105	611.385429	611.385429	right	1.0	12	-18.0	1	right	right	5163.545053
611.915927	4551.629126	trials	BSD015	p104	14	611.915927	611.948926	612.519424	612.526757	612.572924	614.517249	614.517249	right	0.0	13	-17.0	1	right	right	5163.545053
614.930914	4548.614138999999	trials	BSD015	p104	15	614.930914	615.656078	616.112576	616.118076	616.173076	619.090231	619.090231	right	1.0	14	-16.0	1	right	right	5163.545053
619.517896	4544.0271569999995	trials	BSD015	p104	16	619.517896	619.793062	620.374393	620.379893	620.472726	625.172707	625.172707	right	1.0	15	-15.0	1	right	right	5163.545053
625.997037	4537.548016	trials	BSD015	p104	17	625.997037	626.031537	626.475868	626.481368	626.504868	632.78751	632.78751	right	1.0	16	-14.0	1	right	right	5163.545053
634.030338	4529.514714999999	trials	BSD015	p104	18	634.030338	634.065671	634.830335	634.835668	634.946334	642.637304	642.637304	right	1.0	17	-13.0	1	right	right	5163.545053
643.216801	4520.328251999999	trials	BSD015	p104	19	643.216801	643.251801	643.809466	643.816799	643.895465	645.410293	645.410293	right	0.0	18	-12.0	1	right	right	5163.545053
645.894291	4517.650762	trials	BSD015	p104	20	645.894291	646.060457	646.536288	646.541621	646.593954	649.308777	649.308777	right	1.0	19	-11.0	1	right	right	5163.545053
649.979941	4513.565112	trials	BSD015	p104	21	649.979941	650.009441	650.607605	650.612772	650.638772	654.699589	654.699589	right	1.0	20	-10.0	1	right	right	5163.545053
655.277086	4508.267967	trials	BSD015	p104	22	655.277086	655.391419	656.397749	656.403249	656.515248	663.408054	663.408054	right	1.0	21	-9.0	1	right	right	5163.545053
664.44805	4499.097003	trials	BSD015	p104	23	664.44805	664.479383	665.105214	665.112547	665.18888	670.363026	670.363026	right	0.0	22	-8.0	1	right	right	5163.545053
671.077523	4492.46753	trials	BSD015	p104	24	671.077523	671.134856	671.563355	671.568688	671.611688	674.559509	674.559509	right	1.0	23	-7.0	1	right	right	5163.545053
675.062007	4488.483045999999	trials	BSD015	p104	25	675.062007	675.087341	675.885504	675.890837	675.952004	678.353827	678.353827	right	1.0	24	-6.0	1	right	right	5163.545053
678.948492	4484.596561	trials	BSD015	p104	26	678.948492	678.987825	679.577823	679.583156	681.659148	681.659148	681.659148	right	1.0	25	-5.0	1	right	right	5163.545053
682.192312	4481.352741	trials	BSD015	p104	27	682.192312	682.219145	682.856809	682.864143	683.901639	683.901639	683.901639	right	0.0	26	-4.0	1	right	right	5163.545053
684.950301	4478.594752	trials	BSD015	p104	28	684.950301	685.017134	685.404133	685.409633	685.503299	689.650282	689.650282	right	1.0	27	-3.0	1	right	right	5163.545053
693.978932	4469.566121	trials	BSD015	p104	29	693.978932	694.277597	694.711262	694.716595	694.765262	698.339081	698.339081	right	1.0	28	-2.0	1	right	right	5163.545053
699.323577	4464.221476	trials	BSD015	p104	30	699.323577	699.45991	700.19124	700.19674	700.25924	703.56956	703.56956	right	1.0	29	-1.0	1	right	right	5163.545053
704.465556	4459.079497	trials	BSD015	p104	31	704.465556	704.508556	704.995721	704.995721	705.062221	707.673877	707.673877	right	0.0	0	0.0	2	left	right	5163.545053
708.077209	4455.467844	trials	BSD015	p104	32	708.077209	708.132542	708.824872	708.824872	709.593702	709.593702	709.593702	right	0.0	1	-17.0	2	left	right	5163.545053
710.005701	4453.539352	trials	BSD015	p104	33	710.005701	710.143534	710.609532	710.609532	710.637865	711.99936	711.99936	right	0.0	2	-16.0	2	left	right	5163.545053
712.473858	4451.0711949999995	trials	BSD015	p104	34	712.473858	712.73869	713.207021	713.207021	713.283688	714.089351	714.089351	right	0.0	3	-15.0	2	left	right	5163.545053
714.516516	4449.028537	trials	BSD015	p104	35	714.516516	715.561179	715.99451	715.99451	716.056343	716.822007	718.678833	right	0.0	4	-14.0	2	left	left	5163.545053
719.136164	4444.408889	trials	BSD015	p104	36	719.136164	719.320497	719.775995	719.775995	719.894161	721.360655	721.360655	right	0.0	5	-13.0	2	left	right	5163.545053
721.869653	4441.6754	trials	BSD015	p104	37	721.869653	721.94432	722.419985	722.419985	722.505318	723.843312	723.843312	right	0.0	6	-12.0	2	left	right	5163.545053
724.208977	4439.336076	trials	BSD015	p104	38	724.208977	724.805142	725.163807	725.163807	725.217807	727.245132	727.245132	right	0.0	7	-11.0	2	left	right	5163.545053
727.744963	4435.80009	trials	BSD015	p104	39	727.744963	728.840792	729.332624	729.332624	729.339957	730.223787	730.223787	right	0.0	8	-10.0	2	left	right	5163.545053
730.534285	4433.010768	trials	BSD015	p104	40	730.534285	730.672618	731.234283	731.239783	731.269616	733.113608	733.113608	left	1.0	9	-9.0	2	left	left	5163.545053
733.658606	4429.886447	trials	BSD015	p104	41	733.658606	733.812772	734.251604	734.256937	734.283937	738.51492	738.51492	left	1.0	10	-8.0	2	left	left	5163.545053
738.920252	4424.624801	trials	BSD015	p104	42	738.920252	738.982418		743.982565				nan		11	-7.0	2	left	nan	5163.545053
763.132322	4400.412730999999	trials	BSD015	p104	43	763.132322	763.324821	763.840319	763.845819	763.940652	781.77058	781.77058	left	1.0	12	-6.0	2	left	left	5163.545053
783.039242	4380.505811	trials	BSD015	p104	44	783.039242	783.100075	783.484407	783.48974	783.50674	785.817398	785.817398	left	1.0	13	-5.0	2	left	left	5163.545053
786.615728	4376.929325	trials	BSD015	p104	45	786.615728	787.023226	787.536557	787.541891	787.64039	788.738219	788.738219	left	1.0	14	-4.0	2	left	left	5163.545053
789.42355	4374.121503	trials	BSD015	p104	46	789.42355	789.514383	790.076047	790.076047	790.097214	790.097214	792.335872	right	0.0	15	-3.0	2	left	left	5163.545053
794.675029	4368.870024	trials	BSD015	p104	47	794.675029	794.838028	795.17186	795.17736	795.246027	797.203852	797.203852	left	1.0	16	-2.0	2	left	left	5163.545053
797.75285	4365.792203	trials	BSD015	p104	48	797.75285	797.908683	798.290014	798.295348	798.385181	799.40301	799.40301	left	1.0	17	-1.0	2	left	left	5163.545053
801.11317	4362.431883	trials	BSD015	p104	49	801.11317	801.232336	801.8345	801.8345	801.989166	803.086829	803.086829	left	0.0	0	0.0	3	right	left	5163.545053
803.682993	4359.8620599999995	trials	BSD015	p104	50	803.682993	803.863659	804.303657	804.303657	804.368323	805.249153	805.249153	left	0.0	1	-14.0	3	right	left	5163.545053
805.699318	4357.845735	trials	BSD015	p104	51	805.699318	805.926317	806.397649	806.397649	807.59931	807.59931	807.59931	left	0.0	2	-13.0	3	right	left	5163.545053
808.167642	4355.3774109999995	trials	BSD015	p104	52	808.167642	808.284974	808.877139	808.882639	808.927972	812.82879	812.82879	right	1.0	3	-12.0	3	right	right	5163.545053
813.726953	4349.8180999999995	trials	BSD015	p104	53	813.726953	813.767619	814.399283	814.404783	814.536449	817.396938	817.396938	right	1.0	4	-11.0	3	right	right	5163.545053
817.765103	4345.77995	trials	BSD015	p104	54	817.765103	817.916436	818.374767	818.380101	818.393767	821.012423	821.012423	right	1.0	5	-10.0	3	right	right	5163.545053
821.714587	4341.830465999999	trials	BSD015	p104	55	821.714587	821.86192	822.341752	822.347251	822.356251	823.628246	823.628246	right	1.0	6	-9.0	3	right	right	5163.545053
824.046911	4339.4981419999995	trials	BSD015	p104	56	824.046911	824.650409	825.049241	825.056574	825.10524	826.586401	826.586401	right	0.0	7	-8.0	3	right	right	5163.545053
826.9474	4336.597653	trials	BSD015	p104	57	826.9474	827.497564	827.978896	827.984229	827.990396	830.657718	830.657718	right	1.0	8	-7.0	3	right	right	5163.545053
831.720381	4331.824672	trials	BSD015	p104	58	831.720381	831.983046	832.376545	832.383711	832.436711	832.837376	832.837376	right	0.0	9	-6.0	3	right	right	5163.545053
833.291708	4330.253345	trials	BSD015	p104	59	833.291708	833.535373	833.983038	833.988372	834.019871	836.87986	836.87986	right	1.0	10	-5.0	3	right	right	5163.545053
837.459358	4326.085695	trials	BSD015	p104	60	837.459358	837.60219	838.272688	838.278188	838.395687	841.410509	841.410509	right	1.0	11	-4.0	3	right	right	5163.545053
842.243839	4321.301214	trials	BSD015	p104	61	842.243839	842.323005	843.092502	843.099835	843.222835	844.522996	844.522996	right	0.0	12	-3.0	3	right	right	5163.545053
845.012494	4318.532559	trials	BSD015	p104	62	845.012494	845.059661	845.899824	845.905324	845.908491	848.074149	848.074149	right	1.0	13	-2.0	3	right	right	5163.545053
848.59698	4314.948073	trials	BSD015	p104	63	848.59698	848.661813	849.143644	849.149144	849.190811	850.259973	850.259973	right	1.0	14	-1.0	3	right	right	5163.545053
850.933804	4312.611249	trials	BSD015	p104	64	850.933804	851.218136	851.595301	851.595301	851.679634	855.696951	855.696951	right	0.0	0	0.0	4	left	right	5163.545053
856.157783	4307.38727	trials	BSD015	p104	65	856.157783	856.634781	857.079279	857.079279	857.107779	858.125275	858.125275	right	0.0	1	-12.0	4	left	right	5163.545053
858.511773	4305.03328	trials	BSD015	p104	66	858.511773	858.628106	859.324104	859.329437	859.44627	861.485762	861.485762	left	1.0	2	-11.0	4	left	left	5163.545053
862.070593	4301.474459999999	trials	BSD015	p104	67	862.070593	862.120759	862.559924	862.565424	862.67759	863.738919	863.738919	left	1.0	3	-10.0	4	left	left	5163.545053
864.239917	4299.305136	trials	BSD015	p104	68	864.239917	864.40775	864.900748	864.906248	866.880907	866.880907	866.880907	left	1.0	4	-9.0	4	left	left	5163.545053
867.401571	4296.1434819999995	trials	BSD015	p104	69	867.401571	867.626237	868.062235	868.067569	869.746229	869.746229	869.746229	left	1.0	5	-8.0	4	left	left	5163.545053
870.22206	4293.322993	trials	BSD015	p104	70	870.22206	870.394393	870.795891	870.801391	870.902391	872.411718	872.411718	left	1.0	6	-7.0	4	left	left	5163.545053
872.820716	4290.724337	trials	BSD015	p104	71	872.820716	873.121715	873.436547	873.44188	873.565047	874.095711	874.095711	left	1.0	7	-6.0	4	left	left	5163.545053
874.651876	4288.893177	trials	BSD015	p104	72	874.651876	874.964874	875.364039	875.369373	875.469706	877.350865	877.350865	left	1.0	8	-5.0	4	left	left	5163.545053
877.856529	4285.688524	trials	BSD015	p104	73	877.856529	878.237361	878.602526	878.60786	878.619193	879.218024	879.218024	left	1.0	9	-4.0	4	left	left	5163.545053
880.317853	4283.227199999999	trials	BSD015	p104	74	880.317853	880.476519	880.982517	880.988017	882.261178	882.261178	882.261178	left	1.0	10	-3.0	4	left	left	5163.545053
883.383007	4280.1620459999995	trials	BSD015	p104	75	883.383007	883.53734	883.940505	883.946005	884.003505	886.398495	886.398495	left	1.0	11	-2.0	4	left	left	5163.545053
886.95666	4276.588393	trials	BSD015	p104	76	886.95666	887.311492	887.618157	887.62349	887.68999	889.539983	889.539983	left	1.0	12	-1.0	4	left	left	5163.545053
890.029814	4273.515239	trials	BSD015	p104	77	890.029814	890.25248	890.619145	890.619145	890.733978	891.17231	891.17231	left	0.0	0	0.0	5	right	left	5163.545053
891.598808	4271.946245	trials	BSD015	p104	78	891.598808	891.91364	892.276972	892.276972	892.301972	892.743637	892.743637	left	0.0	1	-32.0	5	right	left	5163.545053
893.173635	4270.371418	trials	BSD015	p104	79	893.173635	893.450967	893.942965	893.942965	894.014965	894.678795	894.678795	left	0.0	2	-31.0	5	right	left	5163.545053
895.062127	4268.482926	trials	BSD015	p104	80	895.062127	895.143294	895.761958	895.767291	895.812124	899.174111	899.174111	right	1.0	3	-30.0	5	right	right	5163.545053
900.537939	4263.007114	trials	BSD015	p104	81	900.537939	900.653938	901.010103	901.015437	903.784592	905.31842	905.31842	right	1.0	4	-29.0	5	right	right	5163.545053
905.656252	4257.888801	trials	BSD015	p104	82	905.656252	905.949917	906.401749	906.407249	906.484082	908.996572	908.996572	right	1.0	5	-28.0	5	right	right	5163.545053
909.420403	4254.12465	trials	BSD015	p104	83	909.420403	909.820568	910.345566	910.350899	910.362399	912.582724	912.582724	right	1.0	6	-27.0	5	right	right	5163.545053
913.092722	4250.4523309999995	trials	BSD015	p104	84	913.092722	913.233555	913.839052	913.844552	913.972885	915.865044	915.865044	right	1.0	7	-26.0	5	right	right	5163.545053
916.372875	4247.172178	trials	BSD015	p104	85	916.372875	916.697874	917.248372	917.253872	917.383871	918.774532	918.774532	right	1.0	8	-25.0	5	right	right	5163.545053
919.247697	4244.297356	trials	BSD015	p104	86	919.247697	919.574196	920.14686	920.154194	920.828858	920.828858	920.828858	right	0.0	9	-24.0	5	right	right	5163.545053
921.226689	4242.318364	trials	BSD015	p104	87	921.226689	921.418022	922.269185	922.274518	922.324518	925.357006	925.357006	right	1.0	10	-23.0	5	right	right	5163.545053
925.95817	4237.586883	trials	BSD015	p104	88	925.95817	926.02217	926.438168	926.443502	926.514501	929.605822	929.605822	right	1.0	11	-22.0	5	right	right	5163.545053
930.283486	4233.261567	trials	BSD015	p104	89	930.283486	930.472986	930.95065	930.957984	930.97465	931.714647	931.714647	right	0.0	12	-21.0	5	right	right	5163.545053
932.143812	4231.401241	trials	BSD015	p104	90	932.143812	932.167979	932.63131	932.638477	932.664477	933.707473	933.707473	right	0.0	13	-20.0	5	right	right	5163.545053
934.064638	4229.480415	trials	BSD015	p104	91	934.064638	934.184471	934.811468	934.816968	934.868801	937.453458	937.453458	right	1.0	14	-19.0	5	right	right	5163.545053
938.134122	4225.410930999999	trials	BSD015	p104	92	938.134122	938.178788	938.698786	938.704286	941.694441	941.694441	941.694441	right	1.0	15	-18.0	5	right	right	5163.545053
942.177105	4221.367948	trials	BSD015	p104	93	942.177105	942.234939	942.921936	942.927269	943.042935	945.273926	945.273926	right	1.0	16	-17.0	5	right	right	5163.545053
945.767924	4217.777129	trials	BSD015	p104	94	945.767924	945.923591	946.504755	946.512088	946.626921	947.995582	947.995582	right	0.0	17	-16.0	5	right	right	5163.545053
948.46658	4215.078473	trials	BSD015	p104	95	948.46658	948.778079	949.179911	949.185411	949.220744	952.65373	952.65373	right	1.0	18	-15.0	5	right	right	5163.545053
953.214061	4210.330992	trials	BSD015	p104	96	953.214061	953.262394	953.748226	953.753559	953.770726	955.671552	955.671552	right	1.0	19	-14.0	5	right	right	5163.545053
956.262549	4207.282504	trials	BSD015	p104	97	956.262549	956.399215	956.826714	956.834047	956.866713	957.934542	957.934542	right	0.0	20	-13.0	5	right	right	5163.545053
958.391541	4205.153512	trials	BSD015	p104	98	958.391541	958.449374	958.950538	958.956038	958.971705	961.292862	961.292862	right	1.0	21	-12.0	5	right	right	5163.545053
962.045026	4201.500027	trials	BSD015	p104	99	962.045026	962.215025	962.709857	962.715357	962.839856	970.466492	970.466492	right	1.0	22	-11.0	5	right	right	5163.545053
970.854491	4192.690562	trials	BSD015	p104	100	970.854491	971.04249	971.713987	971.713987	972.468318	972.468318	972.468318	left	0.0	23	-10.0	5	right	left	5163.545053
973.065815	4190.479238	trials	BSD015	p104	101	973.065815	973.139315	973.648813	973.65598	973.709646	974.693642	974.693642	right	0.0	24	-9.0	5	right	right	5163.545053
975.077307	4188.467746	trials	BSD015	p104	102	975.077307	975.321306	975.814471	975.821638	975.880304	976.469135	976.469135	right	0.0	25	-8.0	5	right	right	5163.545053
976.784967	4186.760086	trials	BSD015	p104	103	976.784967	976.901633	977.353965	977.353965	977.980629	978.740959	978.740959	left	0.0	26	-7.0	5	right	left	5163.545053
979.331124	4184.213929	trials	BSD015	p104	104	979.331124	979.466956	979.891455	979.891455	980.075787	980.075787	980.075787	left	0.0	27	-6.0	5	right	left	5163.545053
980.815951	4182.729101999999	trials	BSD015	p104	105	980.815951	980.869117	981.367615	981.372949	981.460115	989.110918	989.110918	right	1.0	28	-5.0	5	right	right	5163.545053
989.786582	4173.758471	trials	BSD015	p104	106	989.786582	989.861748	990.297913	990.303246	990.419913	992.038406	992.038406	right	1.0	29	-4.0	5	right	right	5163.545053
992.616237	4170.928816	trials	BSD015	p104	107	992.616237	992.676903	993.054569	993.060069	993.102902	993.971565	993.971565	right	1.0	30	-3.0	5	right	right	5163.545053
994.329564	4169.215489	trials	BSD015	p104	108	994.329564	994.522896	994.892728	994.898228	995.002061	998.705879	998.705879	right	1.0	31	-2.0	5	right	right	5163.545053
999.475376	4164.0696769999995	trials	BSD015	p104	109	999.475376	999.545543	1000.317373	1000.322873	1000.350873	1002.71353	1002.71353	right	1.0	32	-1.0	5	right	right	5163.545053
1003.272528	4160.272525	trials	BSD015	p104	110	1003.272528	1003.305528	1003.883859	1003.883859	1004.215024	1004.215024	1004.215024	right	0.0	0	0.0	6	left	right	5163.545053
1004.592189	4158.952864	trials	BSD015	p104	111	1004.592189	1004.666689	1005.128354	1005.128354	1005.17802	1006.200349	1006.200349	right	0.0	1	-24.0	6	left	right	5163.545053
1006.755347	4156.789706	trials	BSD015	p104	112	1006.755347	1006.890513	1007.256345	1007.256345	1007.368345	1008.207008	1008.207008	right	0.0	2	-23.0	6	left	right	5163.545053
1008.58034	4154.964712999999	trials	BSD015	p104	113	1008.58034	1008.725006	1009.214504	1009.214504	1009.275004	1010.2645	1010.2645	right	0.0	3	-22.0	6	left	right	5163.545053
1010.722165	4152.822888	trials	BSD015	p104	114	1010.722165	1010.868664	1011.875327	1011.875327	1011.89616	1012.408158	1012.408158	right	0.0	4	-21.0	6	left	right	5163.545053
1012.854156	4150.6908969999995	trials	BSD015	p104	115	1012.854156	1013.023989	1013.502154	1013.509487	1013.530987	1014.31065	1014.31065	left	0.0	5	-20.0	6	left	left	5163.545053
1014.815148	4148.729905	trials	BSD015	p104	116	1014.815148	1015.012814	1015.429479	1015.436812	1015.518312	1015.968144	1015.968144	left	0.0	6	-19.0	6	left	left	5163.545053
1016.519308	4147.025745	trials	BSD015	p104	117	1016.519308	1016.574975	1017.001973	1017.001973	1017.048639	1018.067469	1018.067469	right	0.0	7	-18.0	6	left	right	5163.545053
1018.443467	4145.101586	trials	BSD015	p104	118	1018.443467	1018.568133	1018.972798	1018.972798	1019.025465	1019.516963	1019.516963	right	0.0	8	-17.0	6	left	right	5163.545053
1019.804295	4143.740758	trials	BSD015	p104	119	1019.804295	1019.938294	1020.411459	1020.416793	1020.475959	1024.489943	1024.489943	left	1.0	9	-16.0	6	left	left	5163.545053
1025.10794	4138.437113	trials	BSD015	p104	120	1025.10794	1025.229107	1025.586939	1025.592438	1028.817759	1028.817759	1028.817759	left	1.0	10	-15.0	6	left	left	5163.545053
1029.380257	4134.164796	trials	BSD015	p104	121	1029.380257	1029.425756	1029.780088	1029.785422	1029.816422	1031.375082	1031.375082	left	1.0	11	-14.0	6	left	left	5163.545053
1031.825247	4131.719806	trials	BSD015	p104	122	1031.825247	1031.94558	1032.336078	1032.341411	1032.478411	1034.331737	1034.331737	left	1.0	12	-13.0	6	left	left	5163.545053
1034.809568	4128.735485	trials	BSD015	p104	123	1034.809568	1034.977068	1035.397233	1035.402566	1037.319558	1037.319558	1037.319558	left	1.0	13	-12.0	6	left	left	5163.545053
1037.768223	4125.77683	trials	BSD015	p104	124	1037.768223	1038.027889	1038.420721	1038.42622	1038.53672	1040.823544	1040.823544	left	1.0	14	-11.0	6	left	left	5163.545053
1041.288709	4122.256343999999	trials	BSD015	p104	125	1041.288709	1041.502708	1041.85804	1041.86354	1043.5347	1043.5347	1043.5347	left	1.0	15	-10.0	6	left	left	5163.545053
1043.977365	4119.567688	trials	BSD015	p104	126	1043.977365	1044.198364	1044.548696	1044.554196	1046.575188	1046.575188	1046.575188	left	1.0	16	-9.0	6	left	left	5163.545053
1047.025686	4116.519367	trials	BSD015	p104	127	1047.025686	1047.327518	1047.689683	1047.695017	1047.826516	1049.256344	1049.256344	left	1.0	17	-8.0	6	left	left	5163.545053
1049.721175	4113.823878	trials	BSD015	p104	128	1049.721175	1049.878008	1050.239507	1050.245007	1050.31034	1051.914833	1051.914833	left	1.0	18	-7.0	6	left	left	5163.545053
1052.413331	4111.131722	trials	BSD015	p104	129	1052.413331	1052.73733	1053.078829	1053.084329	1053.175995	1054.904155	1054.904155	left	1.0	19	-6.0	6	left	left	5163.545053
1055.432152	4108.1129009999995	trials	BSD015	p104	130	1055.432152	1055.630818	1056.02715	1056.032483	1058.274641	1058.274641	1058.274641	left	1.0	20	-5.0	6	left	left	5163.545053
1058.773806	4104.771247	trials	BSD015	p104	131	1058.773806	1058.940805	1059.327137	1059.33447	1059.703469	1059.703469	1064.838282	left	0.0	21	-4.0	6	left	right	5163.545053
1065.186113	4098.35894	trials	BSD015	p104	132	1065.186113	1065.526279	1066.070277	1066.070277	1066.09161	1066.86244	1066.86244	right	0.0	22	-3.0	6	left	right	5163.545053
1067.182605	4096.362448	trials	BSD015	p104	133	1067.182605	1067.247439	1067.754937	1067.76227	1067.822436	1068.4966	1068.4966	left	0.0	23	-2.0	6	left	left	5163.545053
1068.963265	4094.5817879999995	trials	BSD015	p104	134	1068.963265	1069.225764	1069.665262	1069.670596	1069.818095	1075.105407	1075.105407	left	1.0	24	-1.0	6	left	left	5163.545053
1075.914071	4087.6309819999997	trials	BSD015	p104	135	1075.914071	1076.03907	1076.400235	1076.400235	1076.458235	1076.678734	1076.678734	left	0.0	0	0.0	7	right	left	5163.545053
1077.134566	4086.410487	trials	BSD015	p104	136	1077.134566	1077.272898	1077.760563	1077.760563	1078.048729	1078.048729	1078.048729	left	0.0	1	-39.0	7	right	left	5163.545053
1078.61306	4084.931993	trials	BSD015	p104	137	1078.61306	1078.871725	1079.304724	1079.304724	1079.33439	1079.883055	1079.883055	left	0.0	2	-38.0	7	right	left	5163.545053
1080.275386	4083.2696669999996	trials	BSD015	p104	138	1080.275386	1080.522552	1080.991884	1080.997217	1081.108716	1083.737539	1083.737539	right	1.0	3	-37.0	7	right	right	5163.545053
1084.467536	4079.0775169999997	trials	BSD015	p104	139	1084.467536	1084.489536	1085.042034	1085.049201	1085.079034	1085.503699	1085.503699	right	0.0	4	-36.0	7	right	right	5163.545053
1086.252196	4077.292857	trials	BSD015	p104	140	1086.252196	1086.360695	1086.821027	1086.826527	1086.85236	1089.029851	1089.029851	right	1.0	5	-35.0	7	right	right	5163.545053
1089.624849	4073.920204	trials	BSD015	p104	141	1089.624849	1089.966181	1090.454346	1090.461512	1090.812011	1090.812011	1092.551337	right	0.0	6	-34.0	7	right	right	5163.545053
1092.944336	4070.600717	trials	BSD015	p104	142	1092.944336	1093.130502	1093.5105	1093.517833	1093.561333	1094.393163	1094.393163	right	0.0	7	-33.0	7	right	right	5163.545053
1094.720662	4068.824391	trials	BSD015	p104	143	1094.720662	1094.903995	1095.358826	1095.366159	1095.390826	1096.14099	1096.14099	right	0.0	8	-32.0	7	right	right	5163.545053
1096.474322	4067.070731	trials	BSD015	p104	144	1096.474322	1096.79132	1097.196985	1097.202485	1097.207985	1105.99495	1105.99495	right	1.0	9	-31.0	7	right	right	5163.545053
1106.545115	4056.999938	trials	BSD015	p104	145	1106.545115	1106.822447	1107.296612	1107.301945	1107.352278	1109.204771	1109.204771	right	1.0	10	-30.0	7	right	right	5163.545053
1109.629602	4053.915451	trials	BSD015	p104	146	1109.629602	1110.020267	1110.461266	1110.468599	1110.598932	1111.060263	1111.060263	right	0.0	11	-29.0	7	right	right	5163.545053
1111.463595	4052.0814579999997	trials	BSD015	p104	147	1111.463595	1111.815094	1112.343925	1112.351258	1112.428091	1113.245088	1113.245088	right	0.0	12	-28.0	7	right	right	5163.545053
1113.61992	4049.9251329999997	trials	BSD015	p104	148	1113.61992	1113.944418	1114.569916	1114.575416	1114.705749	1119.300897	1119.300897	right	1.0	13	-27.0	7	right	right	5163.545053
1120.216227	4043.328826	trials	BSD015	p104	149	1120.216227	1120.500726	1120.918891	1120.92439	1120.97439	1123.089382	1123.089382	right	1.0	14	-26.0	7	right	right	5163.545053
1123.809712	4039.7353409999996	trials	BSD015	p104	150	1123.809712	1124.046378	1124.46121	1124.46671	1124.494876	1128.419027	1128.419027	right	1.0	15	-25.0	7	right	right	5163.545053
1128.861859	4034.6831939999997	trials	BSD015	p104	151	1128.861859	1129.160524	1129.577023	1129.582523	1129.638522	1132.186512	1132.186512	right	1.0	16	-24.0	7	right	right	5163.545053
1133.431507	4030.1135459999996	trials	BSD015	p104	152	1133.431507	1133.538673	1133.989672	1133.995172	1134.039838	1138.040822	1138.040822	right	1.0	17	-23.0	7	right	right	5163.545053
1138.576987	4024.968066	trials	BSD015	p104	153	1138.576987	1139.115984	1139.607482	1139.612982	1139.614316	1142.271305	1142.271305	right	1.0	18	-22.0	7	right	right	5163.545053
1142.913469	4020.6315839999997	trials	BSD015	p104	154	1142.913469	1143.6688	1144.155298	1144.160798	1144.211464	1145.99429	1145.99429	right	1.0	19	-21.0	7	right	right	5163.545053
1146.489955	4017.055098	trials	BSD015	p104	155	1146.489955	1146.82412	1147.243285	1147.250452	1147.333118	1147.895949	1147.895949	right	0.0	20	-20.0	7	right	right	5163.545053
1148.379781	4015.1652719999997	trials	BSD015	p104	156	1148.379781	1149.237277	1149.850775	1149.856108	1149.878941	1150.825271	1150.825271	right	1.0	21	-19.0	7	right	right	5163.545053
1151.204769	4012.340284	trials	BSD015	p104	157	1151.204769	1151.287269	1151.9211	1151.9211	1151.9501	1152.69343	1152.69343	left	0.0	22	-18.0	7	right	left	5163.545053
1153.469094	4010.075959	trials	BSD015	p104	158	1153.469094	1153.759926	1154.205591	1154.205591	1154.299424	1154.789422	1154.789422	left	0.0	23	-17.0	7	right	left	5163.545053
1155.135754	4008.409299	trials	BSD015	p104	159	1155.135754	1155.582085	1156.05475	1156.06025	1156.09875	1159.470736	1159.470736	right	1.0	24	-16.0	7	right	right	5163.545053
1160.262733	4003.28232	trials	BSD015	p104	160	1160.262733	1160.983564	1161.374395	1161.381562	1161.424895	1162.794223	1162.794223	right	0.0	25	-15.0	7	right	right	5163.545053
1163.840219	3999.704834	trials	BSD015	p104	161	1163.840219	1163.878219	1164.426716	1164.426716	1164.473216	1167.104706	1167.104706	left	0.0	26	-14.0	7	right	left	5163.545053
1167.687037	3995.858016	trials	BSD015	p104	162	1167.687037	1167.77087	1168.238035	1168.238035	1168.277034	1168.878865	1168.878865	left	0.0	27	-13.0	7	right	left	5163.545053
1169.319364	3994.225689	trials	BSD015	p104	163	1169.319364	1169.406863	1169.840695	1169.840695	1169.890195	1170.483026	1170.483026	left	0.0	28	-12.0	7	right	left	5163.545053
1170.875857	3992.669196	trials	BSD015	p104	164	1170.875857	1171.04869	1171.470522	1171.470522	1172.191852	1172.233185	1172.233185	left	0.0	29	-11.0	7	right	left	5163.545053
1172.65585	3990.8892029999997	trials	BSD015	p104	165	1172.65585	1172.816016	1173.175015	1173.175015	1173.240681	1174.140511	1174.140511	left	0.0	30	-10.0	7	right	left	5163.545053
1174.521009	3989.024044	trials	BSD015	p104	166	1174.521009	1175.32734	1175.899671	1175.905171	1175.918337	1177.583331	1177.583331	right	1.0	31	-9.0	7	right	right	5163.545053
1245.358226	3918.1868269999995	trials	BSD015	p104	167	1245.358226	1245.653892	1246.93822	1246.93822	1247.623384	1247.623384	1262.68099	left	0.0	32	-8.0	7	right	right	5163.545053
1266.371642	3897.1734109999998	trials	BSD015	p104	168	1266.371642	1266.607974	1267.139806	1267.139806	1267.217472	1268.160135	1268.160135	left	0.0	33	-7.0	7	right	left	5163.545053
1293.537533	3870.00752	trials	BSD015	p104	169	1293.537533	1293.992365	1294.895195	1294.902528	1294.964528	1295.450359	1295.450359	right	0.0	34	-6.0	7	right	right	5163.545053
1320.896924	3842.648129	trials	BSD015	p104	170	1320.896924	1320.962424	1321.673254	1321.678754	1321.715421	1323.180415	1325.846237	right	1.0	35	-5.0	7	right	left	5163.545053
1326.438568	3837.106485	trials	BSD015	p104	171	1326.438568	1326.487068	1327.328065	1327.333565	1327.452231	1331.739714	1331.739714	right	1.0	36	-4.0	7	right	right	5163.545053
1333.159542	3830.3855109999995	trials	BSD015	p104	172	1333.159542	1333.189708	1333.873539	1333.880872	1334.002705	1334.37537	1334.37537	right	0.0	37	-3.0	7	right	right	5163.545053
1334.791202	3828.7538509999995	trials	BSD015	p104	173	1334.791202	1335.1932	1335.604865	1335.610198	1335.658032	1337.563024	1337.563024	right	1.0	38	-2.0	7	right	right	5163.545053
1338.036689	3825.508364	trials	BSD015	p104	174	1338.036689	1338.45552	1339.147851	1339.153351	1339.256184	1340.713178	1340.713178	right	1.0	39	-1.0	7	right	right	5163.545053
1341.209843	3822.3352099999997	trials	BSD015	p104	175	1341.209843	1341.402175	1341.86134	1341.86134	1341.99484	1343.006335	1343.006335	right	0.0	0	0.0	8	left	right	5163.545053
1343.447667	3820.097386	trials	BSD015	p104	176	1343.447667	1343.691166	1344.199997	1344.199997	1344.245664	1345.113327	1345.113327	right	0.0	1	-47.0	8	left	right	5163.545053
1345.509825	3818.0352279999997	trials	BSD015	p104	177	1345.509825	1345.905324	1346.491822	1346.491822	1347.096819	1347.096819	1347.096819	right	0.0	2	-46.0	8	left	right	5163.545053
1347.443484	3816.101569	trials	BSD015	p104	178	1347.443484	1347.581151	1348.222981	1348.228481	1350.356639	1351.741801	1351.741801	left	1.0	3	-45.0	8	left	left	5163.545053
1352.183632	3811.3614209999996	trials	BSD015	p104	179	1352.183632	1352.490131	1352.894629	1352.900129	1353.036629	1353.52596	1353.52596	left	1.0	4	-44.0	8	left	left	5163.545053
1353.949792	3809.595261	trials	BSD015	p104	180	1353.949792	1354.065791	1354.730455	1354.730455	1354.751122	1356.182283	1356.182283	right	0.0	5	-43.0	8	left	right	5163.545053
1356.526948	3807.018105	trials	BSD015	p104	181	1356.526948	1356.667614	1357.144612	1357.151946	1357.230112	1358.363107	1358.363107	left	0.0	6	-42.0	8	left	left	5163.545053
1358.847939	3804.6971139999996	trials	BSD015	p104	182	1358.847939	1358.962438	1359.430103	1359.430103	1359.444936	1360.441766	1360.441766	right	0.0	7	-41.0	8	left	right	5163.545053
1360.838931	3802.7061219999996	trials	BSD015	p104	183	1360.838931	1361.13243	1361.81176	1361.81176	1362.222759	1362.222759	1363.769752	right	0.0	8	-40.0	8	left	left	5163.545053
1364.226751	3799.3183019999997	trials	BSD015	p104	184	1364.226751	1364.38225	1364.846248	1364.851748	1364.960081	1367.252572	1367.252572	left	1.0	9	-39.0	8	left	left	5163.545053
1367.860903	3795.68415	trials	BSD015	p104	185	1367.860903	1368.034235	1368.455734	1368.461234	1368.5894	1370.32006	1370.32006	left	1.0	10	-38.0	8	left	left	5163.545053
1370.915391	3792.629662	trials	BSD015	p104	186	1370.915391	1371.217056	1371.619888	1371.625388	1371.730554	1373.670713	1373.670713	left	1.0	11	-37.0	8	left	left	5163.545053
1374.143544	3789.401509	trials	BSD015	p104	187	1374.143544	1374.274044	1374.682042	1374.687375	1376.643701	1376.643701	1376.643701	left	1.0	12	-36.0	8	left	left	5163.545053
1377.156699	3786.3883539999997	trials	BSD015	p104	188	1377.156699	1377.447365	1377.79653	1377.803696	1378.274861	1379.285857	1379.285857	left	0.0	13	-35.0	8	left	left	5163.545053
1379.750522	3783.7945309999996	trials	BSD015	p104	189	1379.750522	1379.929688	1380.397019	1380.402519	1380.510352	1382.821176	1382.821176	left	1.0	14	-34.0	8	left	left	5163.545053
1383.278674	3780.2663789999997	trials	BSD015	p104	190	1383.278674	1383.520673	1383.928505	1383.935838	1384.046671	1384.313837	1384.313837	left	0.0	15	-33.0	8	left	left	5163.545053
1384.992834	3778.552219	trials	BSD015	p104	191	1384.992834	1385.149	1385.565499	1385.572832	1385.648165	1386.08483	1386.08483	left	0.0	16	-32.0	8	left	left	5163.545053
1386.507995	3777.037058	trials	BSD015	p104	192	1386.507995	1387.111659	1387.651824	1387.651824	1387.669157	1388.569987	1388.569987	right	0.0	17	-31.0	8	left	right	5163.545053
1388.908319	3774.6367339999997	trials	BSD015	p104	193	1388.908319	1389.025151	1389.452816	1389.45815	1389.568816	1391.82864	1391.82864	left	1.0	18	-30.0	8	left	left	5163.545053
1392.414305	3771.1307479999996	trials	BSD015	p104	194	1392.414305	1392.680803	1393.047969	1393.055302	1393.112135	1394.354797	1394.354797	left	0.0	19	-29.0	8	left	left	5163.545053
1394.803128	3768.741925	trials	BSD015	p104	195	1394.803128	1395.13296	1395.499792	1395.505292	1395.592625	1397.425118	1397.425118	left	1.0	20	-28.0	8	left	left	5163.545053
1397.964449	3765.5806039999998	trials	BSD015	p104	196	1397.964449	1398.351781	1398.673946	1398.679279	1398.706446	1400.22894	1400.22894	left	1.0	21	-27.0	8	left	left	5163.545053
1400.680438	3762.8646149999995	trials	BSD015	p104	197	1400.680438	1400.993604	1401.372602	1401.379935	1401.468435	1401.689434	1401.689434	left	0.0	22	-26.0	8	left	left	5163.545053
1402.457931	3761.087122	trials	BSD015	p104	198	1402.457931	1402.637764	1403.053762	1403.061095	1403.107095	1403.425427	1403.425427	left	0.0	23	-25.0	8	left	left	5163.545053
1404.676422	3758.868631	trials	BSD015	p104	199	1404.676422	1404.863421	1405.369753	1405.375086	1405.451586	1407.887243	1407.887243	left	1.0	24	-24.0	8	left	left	5163.545053
1408.425574	3755.119479	trials	BSD015	p104	200	1408.425574	1408.552073	1409.085238	1409.085238	1409.094904	1410.041734	1410.041734	right	0.0	25	-23.0	8	left	right	5163.545053
1410.392733	3753.15232	trials	BSD015	p104	201	1410.392733	1410.585399	1411.044397	1411.04973	1411.10823	1413.306221	1413.306221	left	1.0	26	-22.0	8	left	left	5163.545053
1413.861385	3749.6836679999997	trials	BSD015	p104	202	1413.861385	1414.022885	1414.428383	1414.43555	1414.935881	1414.935881	1414.935881	left	0.0	27	-21.0	8	left	left	5163.545053
1415.301213	3748.24384	trials	BSD015	p104	203	1415.301213	1416.068877	1416.499042	1416.506208	1417.141872	1417.63437	1417.63437	left	0.0	28	-20.0	8	left	left	5163.545053
1418.442534	3745.102519	trials	BSD015	p104	204	1418.442534	1418.524533	1419.071865	1419.071865	1419.102198	1420.201193	1420.201193	right	0.0	29	-19.0	8	left	right	5163.545053
1420.663692	3742.8813609999997	trials	BSD015	p104	205	1420.663692	1420.927857	1421.364522	1421.364522	1421.377522	1422.089019	1422.089019	right	0.0	30	-18.0	8	left	right	5163.545053
1422.484518	3741.0605349999996	trials	BSD015	p104	206	1422.484518	1422.831016	1423.485014	1423.485014	1423.834512	1423.834512	1423.834512	right	0.0	31	-17.0	8	left	right	5163.545053
1424.230844	3739.314209	trials	BSD015	p104	207	1424.230844	1424.311344	1424.824175	1424.831508	1424.918175	1426.220336	1426.220336	left	0.0	32	-16.0	8	left	left	5163.545053
1426.693667	3736.851386	trials	BSD015	p104	208	1426.693667	1426.862333	1427.390331	1427.390331	1427.413998	1428.296494	1428.296494	right	0.0	33	-15.0	8	left	right	5163.545053
1428.751826	3734.793227	trials	BSD015	p104	209	1428.751826	1429.140158	1429.551656	1429.551656	1429.615822	1430.31832	1430.31832	right	0.0	34	-14.0	8	left	right	5163.545053
1430.661485	3732.8835679999997	trials	BSD015	p104	210	1430.661485	1430.776318	1431.232983	1431.238316	1431.282982	1433.574973	1433.574973	left	1.0	35	-13.0	8	left	left	5163.545053
1434.140304	3729.404749	trials	BSD015	p104	211	1434.140304	1434.50447	1435.002801	1435.008301	1435.132967	1436.897793	1436.897793	left	1.0	36	-12.0	8	left	left	5163.545053
1437.348125	3726.196928	trials	BSD015	p104	212	1437.348125	1437.496958	1437.82829	1437.83379	1437.951622	1440.412946	1440.412946	left	1.0	37	-11.0	8	left	left	5163.545053
1440.961277	3722.5837759999995	trials	BSD015	p104	213	1440.961277	1441.094943	1441.460275	1441.465775	1441.597441	1443.243601	1443.243601	left	1.0	38	-10.0	8	left	left	5163.545053
1443.757099	3719.787954	trials	BSD015	p104	214	1443.757099	1443.910599	1444.256764	1444.262097	1444.382763	1445.866257	1445.866257	left	1.0	39	-9.0	8	left	left	5163.545053
1446.311089	3717.233964	trials	BSD015	p104	215	1446.311089	1446.467422	1446.831087	1446.83842	1447.228752	1447.228752	1447.228752	left	0.0	40	-8.0	8	left	left	5163.545053
1447.699917	3715.845136	trials	BSD015	p104	216	1447.699917	1447.817583	1448.190748	1448.196248	1448.264081	1450.337573	1450.337573	left	1.0	41	-7.0	8	left	left	5163.545053
1450.938404	3712.606649	trials	BSD015	p104	217	1450.938404	1451.251736	1451.638568	1451.644068	1451.767234	1453.813059	1453.813059	left	1.0	42	-6.0	8	left	left	5163.545053
1454.343557	3709.2014959999997	trials	BSD015	p104	218	1454.343557	1454.45339	1454.866721	1454.872221	1454.982554	1456.117716	1456.117716	left	1.0	43	-5.0	8	left	left	5163.545053
1456.547548	3706.997505	trials	BSD015	p104	219	1456.547548	1456.931546	1457.317212	1457.322545	1457.438711	1459.411037	1459.411037	left	1.0	44	-4.0	8	left	left	5163.545053
1459.879368	3703.665685	trials	BSD015	p104	220	1459.879368	1460.033534	1460.423532	1460.429032	1463.143022	1463.143022	1463.143022	left	1.0	45	-3.0	8	left	left	5163.545053
1463.641686	3699.903367	trials	BSD015	p104	221	1463.641686	1463.794852	1464.174017	1464.181351	1464.687015	1464.687015	1464.687015	left	0.0	46	-2.0	8	left	left	5163.545053
1465.405513	3698.13954	trials	BSD015	p104	222	1465.405513	1465.635845	1466.02801	1466.033177	1466.123176	1467.78517	1467.78517	left	1.0	47	-1.0	8	left	left	5163.545053
1468.380834	3695.164219	trials	BSD015	p104	223	1468.380834	1468.511667	1468.925665	1468.925665	1469.135831	1469.135831	1469.135831	left	0.0	0	0.0	9	right	left	5163.545053
1469.720329	3693.824724	trials	BSD015	p104	224	1469.720329	1470.195327	1470.565159	1470.565159	1470.585659	1471.754821	1473.187648	left	0.0	1	-25.0	9	right	right	5163.545053
1473.55498	3689.990073	trials	BSD015	p104	225	1473.55498	1473.705313	1474.230144	1474.230144	1475.023974	1475.09714	1475.09714	left	0.0	2	-24.0	9	right	left	5163.545053
1475.565472	3687.9795809999996	trials	BSD015	p104	226	1475.565472	1475.736305	1476.371802	1476.379135	1476.391302	1477.188965	1477.188965	right	0.0	3	-23.0	9	right	right	5163.545053
1477.558131	3685.986922	trials	BSD015	p104	227	1477.558131	1477.727463	1478.204461	1478.204461	1478.258961	1478.874792	1478.874792	left	0.0	4	-22.0	9	right	left	5163.545053
1479.589956	3683.955097	trials	BSD015	p104	228	1479.589956	1479.739789	1480.093287	1480.093287	1480.490452	1480.490452	1480.490452	left	0.0	5	-21.0	9	right	left	5163.545053
1481.397949	3682.1471039999997	trials	BSD015	p104	229	1481.397949	1481.521781	1481.934946	1481.942113	1481.94278	1482.670444	1482.670444	right	0.0	6	-20.0	9	right	right	5163.545053
1483.019442	3680.525611	trials	BSD015	p104	230	1483.019442	1483.484107	1483.996438	1483.996438	1484.123938	1485.1081	1485.1081	left	0.0	7	-19.0	9	right	left	5163.545053
1485.481932	3678.063121	trials	BSD015	p104	231	1485.481932	1485.564599	1486.047763	1486.053263	1486.089763	1487.799923	1487.799923	right	1.0	8	-18.0	9	right	right	5163.545053
1488.282421	3675.262632	trials	BSD015	p104	232	1488.282421	1488.716753	1489.112751	1489.119918	1489.225917	1490.285246	1490.285246	right	0.0	9	-17.0	9	right	right	5163.545053
1490.928577	3672.616476	trials	BSD015	p104	233	1490.928577	1491.146576	1491.714074	1491.719574	1491.776907	1496.508055	1496.508055	right	1.0	10	-16.0	9	right	right	5163.545053
1497.189219	3666.355834	trials	BSD015	p104	234	1497.189219	1497.670217	1498.071882	1498.077382	1498.200715	1502.011533	1502.011533	right	1.0	11	-15.0	9	right	right	5163.545053
1502.564031	3660.981022	trials	BSD015	p104	235	1502.564031	1502.660197	1503.699026	1503.704526	1506.209183	1508.954672	1508.954672	right	1.0	12	-14.0	9	right	right	5163.545053
1509.41967	3654.1253829999996	trials	BSD015	p104	236	1509.41967	1509.761168	1510.202667	1510.21	1510.2935	1511.109996	1511.109996	right	0.0	13	-13.0	9	right	right	5163.545053
1511.479162	3652.0658909999997	trials	BSD015	p104	237	1511.479162	1511.923326	1512.337992	1512.343491	1512.385991	1514.914315	1514.914315	right	1.0	14	-12.0	9	right	right	5163.545053
1515.454979	3648.0900739999997	trials	BSD015	p104	238	1515.454979	1515.865644	1516.326809	1516.332309	1516.379475	1519.41963	1519.41963	right	1.0	15	-11.0	9	right	right	5163.545053
1519.848628	3643.696425	trials	BSD015	p104	239	1519.848628	1520.161627	1520.784791	1520.790291	1522.162786	1522.162786	1522.162786	right	1.0	16	-10.0	9	right	right	5163.545053
1522.619284	3640.9257689999995	trials	BSD015	p104	240	1522.619284	1522.878783	1523.55628	1523.561613	1523.616446	1525.546939	1525.546939	right	1.0	17	-9.0	9	right	right	5163.545053
1526.127603	3637.41745	trials	BSD015	p104	241	1526.127603	1526.204769	1526.7781	1526.785434	1526.791934	1527.822263	1527.822263	right	0.0	18	-8.0	9	right	right	5163.545053
1528.236928	3635.3081249999996	trials	BSD015	p104	242	1528.236928	1528.47276	1528.856925	1528.862425	1528.964258	1531.425082	1531.425082	right	1.0	19	-7.0	9	right	right	5163.545053
1532.079913	3631.46514	trials	BSD015	p104	243	1532.079913	1532.188912	1532.63541	1532.64091	1532.68791	1535.1259	1535.1259	right	1.0	20	-6.0	9	right	right	5163.545053
1535.720731	3627.824322	trials	BSD015	p104	244	1535.720731	1536.058063	1536.550728	1536.556228	1538.633886	1538.633886	1538.633886	right	1.0	21	-5.0	9	right	right	5163.545053
1539.093718	3624.4513349999997	trials	BSD015	p104	245	1539.093718	1539.49055	1539.881881	1539.887215	1540.024714	1542.553037	1542.553037	right	1.0	22	-4.0	9	right	right	5163.545053
1543.035535	3620.509518	trials	BSD015	p104	246	1543.035535	1543.422034	1543.994198	1544.001365	1544.041698	1545.224027	1545.224027	right	0.0	23	-3.0	9	right	right	5163.545053
1545.637858	3617.907195	trials	BSD015	p104	247	1545.637858	1545.954357	1546.537521	1546.543021	1548.879345	1548.879345	1548.879345	right	1.0	24	-2.0	9	right	right	5163.545053
1549.39301	3614.152043	trials	BSD015	p104	248	1549.39301	1549.914175	1550.426006	1550.431339	1550.503672	1552.72233	1552.72233	right	1.0	25	-1.0	9	right	right	5163.545053
1553.276494	3610.268559	trials	BSD015	p104	249	1553.276494	1553.694159	1554.238491	1554.238491	1554.255157	1555.709818	1555.709818	right	0.0	0	0.0	10	left	right	5163.545053
1556.153983	3607.3910699999997	trials	BSD015	p104	250	1556.153983	1556.541815	1557.287978	1557.287978	1557.960309	1557.960309	1557.960309	right	0.0	1	-15.0	10	left	right	5163.545053
1558.323141	3605.221912	trials	BSD015	p104	251	1558.323141	1558.995805	1559.542303	1559.542303	1559.602969	1560.760464	1560.760464	right	0.0	2	-14.0	10	left	right	5163.545053
1561.148296	3602.3967569999995	trials	BSD015	p104	252	1561.148296	1561.194296	1561.87246	1561.877793	1561.921626	1564.107618	1564.107618	left	1.0	3	-13.0	10	left	left	5163.545053
1564.781448	3598.763605	trials	BSD015	p104	253	1564.781448	1564.835782	1565.242947	1565.24828	1565.284446	1566.947106	1566.947106	left	1.0	4	-12.0	10	left	left	5163.545053
1567.475104	3596.0699489999997	trials	BSD015	p104	254	1567.475104	1567.518271	1567.980269	1567.985602	1568.041935	1569.630262	1569.630262	left	1.0	5	-11.0	10	left	left	5163.545053
1570.143427	3593.401626	trials	BSD015	p104	255	1570.143427	1570.279926	1570.629425	1570.634758	1572.751417	1572.751417	1572.751417	left	1.0	6	-10.0	10	left	left	5163.545053
1573.167415	3590.377638	trials	BSD015	p104	256	1573.167415	1573.309914	1573.681913	1573.689246	1574.253744	1574.253744	1574.253744	left	0.0	7	-9.0	10	left	left	5163.545053
1574.647576	3588.8974769999995	trials	BSD015	p104	257	1574.647576	1574.736409	1575.141574	1575.147074	1575.264073	1576.8714	1576.8714	left	1.0	8	-8.0	10	left	left	5163.545053
1577.334065	3586.210988	trials	BSD015	p104	258	1577.334065	1577.537897	1577.853729	1577.859229	1577.919229	1580.400886	1580.400886	left	1.0	9	-7.0	10	left	left	5163.545053
1580.95205	3582.593003	trials	BSD015	p104	259	1580.95205	1581.084383	1581.483882	1581.489382	1581.620048	1584.303204	1584.303204	left	1.0	10	-6.0	10	left	left	5163.545053
1584.793868	3578.751185	trials	BSD015	p104	260	1584.793868	1584.869201	1585.295033	1585.300533	1585.418366	1587.410025	1587.410025	left	1.0	11	-5.0	10	left	left	5163.545053
1587.907189	3575.637864	trials	BSD015	p104	261	1587.907189	1588.061355	1588.531687	1588.537187	1588.712853	1591.12301	1591.12301	left	1.0	12	-4.0	10	left	left	5163.545053
1591.656841	3571.888212	trials	BSD015	p104	262	1591.656841	1591.813007	1592.204339	1592.211672	1592.66667	1592.66667	1592.66667	left	0.0	13	-3.0	10	left	left	5163.545053
1593.203335	3570.3417179999997	trials	BSD015	p104	263	1593.203335	1593.296001	1593.677499	1593.682833	1593.714666	1599.490976	1599.490976	left	1.0	14	-2.0	10	left	left	5163.545053
1601.150303	3562.39475	trials	BSD015	p104	264	1601.150303	1601.272969	1601.921133	1601.926633	1601.973966	1604.775288	1604.775288	left	1.0	15	-1.0	10	left	left	5163.545053
1605.424452	3558.1206009999996	trials	BSD015	p104	265	1605.424452	1605.504952	1605.93095	1605.93095	1605.999617	1606.277782	1606.277782	left	0.0	0	0.0	11	right	left	5163.545053
1606.718947	3556.8261059999995	trials	BSD015	p104	266	1606.718947	1606.989113	1607.409111	1607.409111	1607.483278	1607.918109	1607.918109	left	0.0	1	-47.0	11	right	left	5163.545053
1608.359607	3555.1854459999995	trials	BSD015	p104	267	1608.359607	1608.452107	1609.034938	1609.042105	1609.073438	1610.635765	1610.635765	right	0.0	2	-46.0	11	right	right	5163.545053
1611.081763	3552.4632899999997	trials	BSD015	p104	268	1611.081763	1611.387762	1611.845093	1611.852427	1611.97376	1612.531257	1612.531257	right	0.0	3	-45.0	11	right	right	5163.545053
1612.861589	3550.6834639999997	trials	BSD015	p104	269	1612.861589	1612.967922	1613.542253	1613.542253	1613.963752	1613.963752	1613.963752	left	0.0	4	-44.0	11	right	left	5163.545053
1614.500416	3549.044637	trials	BSD015	p104	270	1614.500416	1614.599916	1615.050581	1615.050581	1615.081747	1615.494246	1615.494246	left	0.0	5	-43.0	11	right	left	5163.545053
1616.836907	3546.708146	trials	BSD015	p104	271	1616.836907	1617.008906	1617.553737	1617.559237	1617.630237	1621.468722	1621.468722	right	1.0	6	-42.0	11	right	right	5163.545053
1622.077886	3541.467167	trials	BSD015	p104	272	1622.077886	1622.335885	1622.796716	1622.80205	1622.819216	1625.250373	1625.250373	right	1.0	7	-41.0	11	right	right	5163.545053
1625.95887	3537.586183	trials	BSD015	p104	273	1625.95887	1626.079703	1626.572368	1626.579701	1627.218699	1627.218699	1627.218699	right	0.0	8	-40.0	11	right	right	5163.545053
1627.550697	3535.994356	trials	BSD015	p104	274	1627.550697	1627.654697	1628.097695	1628.103195	1628.278028	1629.011691	1629.011691	right	1.0	9	-39.0	11	right	right	5163.545053
1629.370023	3534.17503	trials	BSD015	p104	275	1629.370023	1629.49119	1630.067687	1630.067687	1630.09802	1630.574685	1632.050013	left	0.0	10	-38.0	11	right	left	5163.545053
1632.441511	3531.103542	trials	BSD015	p104	276	1632.441511	1632.69151	1633.103842	1633.103842	1633.137008	1634.141004	1634.141004	left	0.0	11	-37.0	11	right	left	5163.545053
1634.592669	3528.952384	trials	BSD015	p104	277	1634.592669	1634.857335	1635.425999	1635.425999	1636.036163	1636.036163	1636.036163	left	0.0	12	-36.0	11	right	left	5163.545053
1636.510828	3527.034225	trials	BSD015	p104	278	1636.510828	1636.662161	1637.038326	1637.038326	1637.054159	1637.627324	1637.627324	left	0.0	13	-35.0	11	right	left	5163.545053
1638.040822	3525.504231	trials	BSD015	p104	279	1638.040822	1638.256988	1638.746986	1638.746986	1638.845485	1639.49965	1639.49965	left	0.0	14	-34.0	11	right	left	5163.545053
1639.982314	3523.562739	trials	BSD015	p104	280	1639.982314	1640.147647	1640.746311	1640.753645	1640.836644	1642.243472	1642.243472	right	0.0	15	-33.0	11	right	right	5163.545053
1642.668804	3520.876249	trials	BSD015	p104	281	1642.668804	1643.078135	1643.553133	1643.558633	1643.692966	1649.453276	1649.453276	right	1.0	16	-32.0	11	right	right	5163.545053
1650.348273	3513.1967799999998	trials	BSD015	p104	282	1650.348273	1650.426606	1650.869771	1650.875271	1650.906271	1655.284253	1655.284253	right	1.0	17	-31.0	11	right	right	5163.545053
1655.97925	3507.5658029999995	trials	BSD015	p104	283	1655.97925	1656.035417	1656.418582	1656.423915	1656.534415	1657.393078	1657.393078	right	1.0	18	-30.0	11	right	right	5163.545053
1657.745243	3505.7998099999995	trials	BSD015	p104	284	1657.745243	1658.206241	1658.65924	1658.66474	1658.708906	1659.47407	1659.47407	right	1.0	19	-29.0	11	right	right	5163.545053
1659.840401	3503.704652	trials	BSD015	p104	285	1659.840401	1660.2054	1660.767231	1660.767231	1660.808898	1661.173063	1661.173063	left	0.0	20	-28.0	11	right	left	5163.545053
1661.670561	3501.874492	trials	BSD015	p104	286	1661.670561	1661.792394	1662.213225	1662.213225	1662.299392	1662.579557	1665.102714	left	0.0	21	-27.0	11	right	right	5163.545053
1665.482546	3498.0625069999996	trials	BSD015	p104	287	1665.482546	1665.614045	1666.186376	1666.186376	1666.248543	1666.591374	1666.591374	left	0.0	22	-26.0	11	right	left	5163.545053
1667.133206	3496.411847	trials	BSD015	p104	288	1667.133206	1667.335038	1668.005036	1668.010369	1668.142535	1677.045333	1679.496656	right	1.0	23	-25.0	11	right	right	5163.545053
1680.077987	3483.467066	trials	BSD015	p104	289	1680.077987	1680.13182	1680.586818	1680.593985	1680.969817	1680.969817	1680.969817	right	0.0	24	-24.0	11	right	right	5163.545053
1681.403149	3482.141904	trials	BSD015	p104	290	1681.403149	1681.793147	1682.247645	1682.253145	1682.363978	1684.428636	1684.428636	right	1.0	25	-23.0	11	right	right	5163.545053
1685.1308	3478.414253	trials	BSD015	p104	291	1685.1308	1685.491966	1685.917631	1685.922964	1686.199129	1687.029626	1687.029626	right	1.0	26	-22.0	11	right	right	5163.545053
1687.454291	3476.090762	trials	BSD015	p104	292	1687.454291	1687.560457	1688.212455	1688.212455	1688.322621	1689.417617	1689.417617	left	0.0	27	-21.0	11	right	left	5163.545053
1690.037947	3473.507106	trials	BSD015	p104	293	1690.037947	1690.316946	1690.841777	1690.841777	1690.93111	1691.289609	1691.289609	left	0.0	28	-20.0	11	right	left	5163.545053
1691.644274	3471.9007789999996	trials	BSD015	p104	294	1691.644274	1691.75544	1692.164272	1692.164272	1692.271938	1692.648937	1694.951094	left	0.0	29	-19.0	11	right	right	5163.545053
1695.303926	3468.241127	trials	BSD015	p104	295	1695.303926	1695.537259	1695.93409	1695.939424	1696.030757	1697.059919	1697.059919	right	1.0	30	-18.0	11	right	right	5163.545053
1697.451084	3466.0939689999996	trials	BSD015	p104	296	1697.451084	1697.59625	1698.118748	1698.118748	1698.223248	1698.749746	1698.749746	left	0.0	31	-17.0	11	right	left	5163.545053
1699.227077	3464.317976	trials	BSD015	p104	297	1699.227077	1699.331244	1699.888741	1699.894241	1699.952741	1705.13922	1705.13922	right	1.0	32	-16.0	11	right	right	5163.545053
1705.641552	3457.903501	trials	BSD015	p104	298	1705.641552	1705.711551	1706.344882	1706.350382	1706.506381	1706.97938	1706.97938	right	1.0	33	-15.0	11	right	right	5163.545053
1707.481711	3456.063342	trials	BSD015	p104	299	1707.481711	1707.61221	1708.229708	1708.229708	1708.299208	1708.848872	1708.848872	left	0.0	34	-14.0	11	right	left	5163.545053
1709.614702	3453.930351	trials	BSD015	p104	300	1709.614702	1709.974868	1710.413366	1710.413366	1710.471199	1710.805698	1710.805698	left	0.0	35	-13.0	11	right	left	5163.545053
1711.258862	3452.286191	trials	BSD015	p104	301	1711.258862	1711.408529	1711.93136	1711.936693	1712.037193	1712.852023	1712.852023	right	1.0	36	-12.0	11	right	right	5163.545053
1713.263854	3450.281199	trials	BSD015	p104	302	1713.263854	1713.397187	1713.867685	1713.873019	1714.034018	1753.220528	1753.220528	right	1.0	37	-11.0	11	right	right	5163.545053
1753.988025	3409.5570279999997	trials	BSD015	p104	303	1753.988025	1754.347023	1754.874021	1754.874021	1754.905855	1755.388853	1755.388853	left	0.0	38	-10.0	11	right	left	5163.545053
1755.863351	3407.681702	trials	BSD015	p104	304	1755.863351	1756.087517	1756.747847	1756.753347	1756.78518	1760.375999	1760.375999	right	1.0	39	-9.0	11	right	right	5163.545053
1761.15933	3402.385723	trials	BSD015	p104	305	1761.15933	1761.250163	1761.653494	1761.660828	1761.77166	1762.379991	1762.379991	right	0.0	40	-8.0	11	right	right	5163.545053
1762.81899	3400.726063	trials	BSD015	p104	306	1762.81899	1762.843656	1763.560487	1763.56782	1764.030651	1764.030651	1764.030651	right	0.0	41	-7.0	11	right	right	5163.545053
1764.423316	3399.1217369999995	trials	BSD015	p104	307	1764.423316	1764.591149	1765.279313	1765.279313	1765.622478	1766.541141	1766.541141	left	0.0	42	-6.0	11	right	left	5163.545053
1767.022306	3396.522747	trials	BSD015	p104	308	1767.022306	1767.224639	1767.748803	1767.748803	1767.832306	1768.308134	1770.672291	left	0.0	43	-5.0	11	right	right	5163.545053
1771.12329	3392.421763	trials	BSD015	p104	309	1771.12329	1771.200456	1771.693287	1771.698787	1772.004786	1778.804259	1778.804259	right	1.0	44	-4.0	11	right	right	5163.545053
1781.660581	3381.8844719999997	trials	BSD015	p104	310	1781.660581	1781.692747	1782.200412	1782.205745	1782.297412	1783.56524	1783.56524	right	1.0	45	-3.0	11	right	right	5163.545053
1784.174571	3379.370482	trials	BSD015	p104	311	1784.174571	1784.981068	1785.412733	1785.418066	1785.539065	1788.837885	1788.837885	right	1.0	46	-2.0	11	right	right	5163.545053
1789.33555	3374.209503	trials	BSD015	p104	312	1789.33555	1789.653049	1790.070881	1790.076214	1790.180713	1791.350042	1791.350042	right	1.0	47	-1.0	11	right	right	5163.545053
1791.791874	3371.753179	trials	BSD015	p104	313	1791.791874	1792.262705	1792.665037	1792.665037	1793.019535	1793.019535	1793.019535	right	0.0	0	0.0	12	left	right	5163.545053
1793.798032	3369.747021	trials	BSD015	p104	314	1793.798032	1794.077531	1794.566029	1794.571363	1794.654862	1795.844358	1795.844358	left	1.0	1	-17.0	12	left	left	5163.545053
1796.310189	3367.234864	trials	BSD015	p104	315	1796.310189	1796.405022	1796.93302	1796.93302	1796.956853	1797.65335	1797.65335	right	0.0	2	-16.0	12	left	right	5163.545053
1798.019849	3365.5252039999996	trials	BSD015	p104	316	1798.019849	1798.662846	1799.153344	1799.158681	1799.171844	1801.730001	1801.730001	left	1.0	3	-15.0	12	left	left	5163.545053
1802.412498	3361.132555	trials	BSD015	p104	317	1802.412498	1802.463831	1803.140495	1803.140495	1803.249161	1803.910659	1803.910659	right	0.0	4	-14.0	12	left	right	5163.545053
1804.298657	3359.2463959999995	trials	BSD015	p104	318	1804.298657	1804.376323	1805.024821	1805.030321	1805.067154	1807.340145	1807.340145	left	1.0	5	-13.0	12	left	left	5163.545053
1807.960809	3355.5842439999997	trials	BSD015	p104	319	1807.960809	1808.301808	1808.644806	1808.65214	1808.720306	1809.125638	1809.125638	left	0.0	6	-12.0	12	left	left	5163.545053
1809.552803	3353.99225	trials	BSD015	p104	320	1809.552803	1809.779635	1810.233633	1810.2408	1810.479466	1810.479466	1810.479466	left	0.0	7	-11.0	12	left	left	5163.545053
1811.178796	3352.3662569999997	trials	BSD015	p104	321	1811.178796	1811.329296	1811.757127	1811.76446	1811.810627	1812.190292	1812.190292	left	0.0	8	-10.0	12	left	left	5163.545053
1812.718957	3350.826096	trials	BSD015	p104	322	1812.718957	1812.894456	1813.293954	1813.299288	1813.438954	1815.457446	1815.457446	left	1.0	9	-9.0	12	left	left	5163.545053
1815.939277	3347.605776	trials	BSD015	p104	323	1815.939277	1816.236776	1816.668941	1816.674441	1816.711441	1818.349101	1818.349101	left	1.0	10	-8.0	12	left	left	5163.545053
1818.900599	3344.6444539999998	trials	BSD015	p104	324	1818.900599	1819.025765	1819.41643	1819.423763	1819.515929	1820.232427	1820.232427	left	0.0	11	-7.0	12	left	left	5163.545053
1820.622258	3342.9227949999995	trials	BSD015	p104	325	1820.622258	1820.933257	1821.392255	1821.399422	1821.514088	1822.095919	1822.095919	left	0.0	12	-6.0	12	left	left	5163.545053
1822.507584	3341.037469	trials	BSD015	p104	326	1822.507584	1822.839749	1823.216915	1823.222248	1823.362747	1824.948574	1824.948574	left	1.0	13	-5.0	12	left	left	5163.545053
1825.477406	3338.067647	trials	BSD015	p104	327	1825.477406	1825.628905	1826.035404	1826.040737	1826.205069	1828.396561	1828.396561	left	1.0	14	-4.0	12	left	left	5163.545053
1828.828892	3334.716161	trials	BSD015	p104	328	1828.828892	1829.071225	1829.446056	1829.451556	1831.225883	1831.225883	1831.225883	left	1.0	15	-3.0	12	left	left	5163.545053
1831.741714	3331.803339	trials	BSD015	p104	329	1831.741714	1832.037713	1832.459711	1832.465044	1832.526711	1834.580369	1834.580369	left	1.0	16	-2.0	12	left	left	5163.545053
1835.1252	3328.419853	trials	BSD015	p104	330	1835.1252	1835.3297	1835.746865	1835.752365	1835.780531	1837.802356	1837.802356	left	1.0	17	-1.0	12	left	left	5163.545053
1838.313688	3325.2313649999996	trials	BSD015	p104	331	1838.313688	1838.482854	1838.873185	1838.873185	1838.930852	1839.344683	1839.344683	left	0.0	0	0.0	13	right	left	5163.545053
1839.765515	3323.779538	trials	BSD015	p104	332	1839.765515	1840.124847	1840.588178	1840.588178	1840.772511	1841.780007	1841.780007	left	0.0	1	-10.0	13	right	left	5163.545053
1842.232172	3321.312881	trials	BSD015	p104	333	1842.232172	1842.369005	1842.934669	1842.940002	1842.960169	1844.138664	1844.138664	right	1.0	2	-9.0	13	right	right	5163.545053
1844.477996	3319.0670569999997	trials	BSD015	p104	334	1844.477996	1844.803162	1845.33466	1845.33466	1845.375159	1846.166823	1846.166823	left	0.0	3	-8.0	13	right	left	5163.545053
1847.017319	3316.527734	trials	BSD015	p104	335	1847.017319	1847.080486	1847.59365	1847.598984	1847.608984	1853.253295	1853.253295	right	1.0	4	-7.0	13	right	right	5163.545053
1853.636293	3309.90876	trials	BSD015	p104	336	1853.636293	1853.761626	1854.37029	1854.375623	1854.382957	1855.991117	1855.991117	right	1.0	5	-6.0	13	right	right	5163.545053
1856.387115	3307.157938	trials	BSD015	p104	337	1856.387115	1856.658114	1857.085446	1857.092612	1857.188279	1857.69061	1857.69061	right	0.0	6	-5.0	13	right	right	5163.545053
1858.042275	3305.502778	trials	BSD015	p104	338	1858.042275	1858.53844	1858.909439	1858.914939	1858.964105	1863.319754	1863.319754	right	1.0	7	-4.0	13	right	right	5163.545053
1863.912585	3299.632468	trials	BSD015	p104	339	1863.912585	1864.773415	1865.227913	1865.233247	1865.342913	1867.101406	1867.101406	right	1.0	8	-3.0	13	right	right	5163.545053
1867.564571	3295.980482	trials	BSD015	p104	340	1867.564571	1868.014069	1868.415401	1868.420734	1868.511567	1869.227064	1869.227064	right	1.0	9	-2.0	13	right	right	5163.545053
1869.625062	3293.9199909999998	trials	BSD015	p104	341	1869.625062	1869.908895	1870.30156	1870.306893	1870.401559	1873.753379	1873.753379	right	1.0	10	-1.0	13	right	right	5163.545053
1874.322044	3289.223009	trials	BSD015	p104	342	1874.322044	1874.513876	1875.120207	1875.120207	1875.514539	1875.514539	1875.514539	right	0.0	0	0.0	14	left	right	5163.545053
1876.12687	3287.4181829999998	trials	BSD015	p104	343	1876.12687	1876.214369	1876.607868	1876.607868	1876.695534	1877.447531	1877.447531	right	0.0	1	-35.0	14	left	right	5163.545053
1877.829863	3285.71519	trials	BSD015	p104	344	1877.829863	1878.020695	1878.635526	1878.641026	1878.756359	1880.540019	1880.540019	left	1.0	2	-34.0	14	left	left	5163.545053
1881.438182	3282.106871	trials	BSD015	p104	345	1881.438182	1881.635848	1882.231845	1882.237179	1882.352011	1885.1225	1885.1225	left	1.0	3	-33.0	14	left	left	5163.545053
1886.212829	3277.3322239999998	trials	BSD015	p104	346	1886.212829	1886.330329	1886.94716	1886.952493	1887.079826	1887.886656	1887.886656	left	1.0	4	-32.0	14	left	left	5163.545053
1888.860485	3274.6845679999997	trials	BSD015	p104	347	1888.860485	1889.019151	1889.680649	1889.680649	1889.770815	1890.514645	1890.514645	right	0.0	5	-31.0	14	left	right	5163.545053
1890.839811	3272.705242	trials	BSD015	p104	348	1890.839811	1892.559471	1893.037302	1893.042635	1893.5948	1893.5948	1893.5948	left	1.0	6	-30.0	14	left	left	5163.545053
1894.270297	3269.274756	trials	BSD015	p104	349	1894.270297	1894.364297	1894.913461	1894.913461	1894.941294	1896.248123	1896.248123	right	0.0	7	-29.0	14	left	right	5163.545053
1896.657288	3266.8877649999995	trials	BSD015	p104	350	1896.657288	1897.122452	1897.69695	1897.69695	1898.222781	1898.222781	1898.222781	right	0.0	8	-28.0	14	left	right	5163.545053
1898.56978	3264.975273	trials	BSD015	p104	351	1898.56978	1898.751946	1899.357277	1899.36461	1900.160774	1900.414773	1900.414773	left	0.0	9	-27.0	14	left	left	5163.545053
1900.860937	3262.684116	trials	BSD015	p104	352	1900.860937	1901.09927	1901.670434	1901.670434	1902.501764	1902.776763	1902.776763	right	0.0	10	-26.0	14	left	right	5163.545053
1903.141762	3260.4032909999996	trials	BSD015	p104	353	1903.141762	1903.872259	1904.309757	1904.309757	1904.439923	1905.195587	1905.195587	right	0.0	11	-25.0	14	left	right	5163.545053
1905.511919	3258.033134	trials	BSD015	p104	354	1905.511919	1905.697918	1906.231083	1906.238416	1906.346415	1907.573077	1907.573077	left	0.0	12	-24.0	14	left	left	5163.545053
1909.513736	3254.031317	trials	BSD015	p104	355	1909.513736	1909.714402	1910.145567	1910.145567	1910.196567	1910.700898	1910.700898	right	0.0	13	-23.0	14	left	right	5163.545053
1911.112396	3252.432657	trials	BSD015	p104	356	1911.112396	1911.232729	1911.723561	1911.730894	1911.79206	1912.559224	1912.559224	left	0.0	14	-22.0	14	left	left	5163.545053
1913.314554	3250.230499	trials	BSD015	p104	357	1913.314554	1913.359721	1913.859219	1913.859219	1913.898719	1914.522216	1914.522216	right	0.0	15	-21.0	14	left	right	5163.545053
1914.893381	3248.651672	trials	BSD015	p104	358	1914.893381	1915.042714	1915.550379	1915.557712	1915.644212	1916.447875	1916.447875	left	0.0	16	-20.0	14	left	left	5163.545053
1917.510871	3246.034182	trials	BSD015	p104	359	1917.510871	1917.629037	1918.270034	1918.270034	1918.402367	1919.151364	1919.151364	right	0.0	17	-19.0	14	left	right	5163.545053
1919.466196	3244.0788569999995	trials	BSD015	p104	360	1919.466196	1919.735862	1920.20886	1920.216193	1920.262526	1920.936524	1920.936524	left	0.0	18	-18.0	14	left	left	5163.545053
1921.538521	3242.006532	trials	BSD015	p104	361	1921.538521	1921.895187	1922.559517	1922.559517	1922.568184	1923.729179	1923.729179	right	0.0	19	-17.0	14	left	right	5163.545053
1924.094011	3239.4510419999997	trials	BSD015	p104	362	1924.094011	1924.47001	1924.895675	1924.895675	1925.003674	1925.532839	1925.532839	right	0.0	20	-16.0	14	left	right	5163.545053
1925.835004	3237.710049	trials	BSD015	p104	363	1925.835004	1925.97167	1926.450168	1926.455502	1926.493168	1928.826492	1928.826492	left	1.0	21	-15.0	14	left	left	5163.545053
1929.852655	3233.692398	trials	BSD015	p104	364	1929.852655	1929.922988	1930.333986	1930.339486	1930.394153	1932.508311	1932.508311	left	1.0	22	-14.0	14	left	left	5163.545053
1932.972309	3230.572744	trials	BSD015	p104	365	1932.972309	1933.122475	1933.469307	1933.474807	1933.51714	1936.793127	1936.793127	left	1.0	23	-13.0	14	left	left	5163.545053
1937.351125	3226.1939279999997	trials	BSD015	p104	366	1937.351125	1937.396958	1937.891456	1937.896956	1940.518445	1940.518445	1940.518445	left	1.0	24	-12.0	14	left	left	5163.545053
1940.995944	3222.5491089999996	trials	BSD015	p104	367	1940.995944	1941.108276	1941.616774	1941.624108	1941.81444	1942.662937	1942.662937	left	0.0	25	-11.0	14	left	left	5163.545053
1943.077935	3220.4671179999996	trials	BSD015	p104	368	1943.077935	1943.210101	1943.6411	1943.648433	1944.008098	1944.008098	1944.008098	left	0.0	26	-10.0	14	left	left	5163.545053
1944.524096	3219.0209569999997	trials	BSD015	p104	369	1944.524096	1944.649262	1945.113927	1945.121094	1945.196427	1945.666425	1945.666425	left	0.0	27	-9.0	14	left	left	5163.545053
1946.091256	3217.453797	trials	BSD015	p104	370	1946.091256	1946.273756	1946.703754	1946.709254	1946.831754	1948.935578	1948.935578	left	1.0	28	-8.0	14	left	left	5163.545053
1949.47941	3214.065643	trials	BSD015	p104	371	1949.47941	1949.711909	1950.151407	1950.15674	1950.17474	1952.252732	1952.252732	left	1.0	29	-7.0	14	left	left	5163.545053
1953.186395	3210.358658	trials	BSD015	p104	372	1953.186395	1953.364394	1953.810392	1953.815892	1953.854892	1956.016217	1956.016217	left	1.0	30	-6.0	14	left	left	5163.545053
1956.485382	3207.059671	trials	BSD015	p104	373	1956.485382	1956.637714	1957.045879	1957.051213	1957.107712	1958.827206	1958.827206	left	1.0	31	-5.0	14	left	left	5163.545053
1959.373203	3204.1718499999997	trials	BSD015	p104	374	1959.373203	1959.546869	1959.960201	1959.965701	1960.022201	1961.653361	1961.653361	left	1.0	32	-4.0	14	left	left	5163.545053
1962.219859	3201.325194	trials	BSD015	p104	375	1962.219859	1962.380025	1962.793523	1962.798856	1962.837189	1964.570849	1964.570849	left	1.0	33	-3.0	14	left	left	5163.545053
1970.076661	3193.4683919999998	trials	BSD015	p104	376	1970.076661	1970.191493	1970.720325	1970.727658	1970.749158	1971.00899	1972.402818	left	0.0	34	-2.0	14	left	left	5163.545053
1972.80365	3190.741403	trials	BSD015	p104	377	1972.80365	1973.080982	1973.523813	1973.529313	1973.571813	1974.338143	1975.827971	left	1.0	35	-1.0	14	left	left	5163.545053
1976.233969	3187.311084	trials	BSD015	p104	378	1976.233969	1976.353969	1976.981633	1976.987133	1977.087132	1978.143128	1978.143128	right	1.0	0	0.0	15	right	right	5163.545053
1978.497794	3185.047259	trials	BSD015	p104	379	1978.497794	1978.831292	1979.35879	1979.35879	1979.39229	1980.021787	1980.021787	left	0.0	1	-14.0	15	right	left	5163.545053
1980.598618	3182.946435	trials	BSD015	p104	380	1980.598618	1980.620618	1981.214116	1981.221449	1981.322282	1982.207445	1982.207445	right	0.0	2	-13.0	15	right	right	5163.545053
1982.550277	3180.9947759999995	trials	BSD015	p104	381	1982.550277	1982.920109	1983.422274	1983.422274	1983.528607	1983.895772	1983.895772	left	0.0	3	-12.0	15	right	left	5163.545053
1984.394937	3179.150116	trials	BSD015	p104	382	1984.394937	1984.534103	1984.942101	1984.942101	1984.980268	1985.410266	1985.410266	left	0.0	4	-11.0	15	right	left	5163.545053
1985.765431	3177.779622	trials	BSD015	p104	383	1985.765431	1986.086097	1986.688094	1986.693594	1986.789427	1994.764562	1994.764562	right	1.0	5	-10.0	15	right	right	5163.545053
1995.992724	3167.552329	trials	BSD015	p104	384	1995.992724	1996.02089	1996.452388	1996.457888	1996.536721	1999.239877	1999.239877	right	1.0	6	-9.0	15	right	right	5163.545053
1999.805375	3163.739678	trials	BSD015	p104	385	1999.805375	2000.166874	2000.595372	2000.600872	2000.648372	2003.777526	2003.777526	right	1.0	7	-8.0	15	right	right	5163.545053
2004.45769	3159.0873629999996	trials	BSD015	p104	386	2004.45769	2004.488023	2005.23352	2005.23902	2005.382353	2008.033842	2008.033842	right	1.0	8	-7.0	15	right	right	5163.545053
2008.556507	3154.9885459999996	trials	BSD015	p104	387	2008.556507	2008.776839	2009.623336	2009.628836	2009.647002	2012.809823	2012.809823	right	1.0	9	-6.0	15	right	right	5163.545053
2013.351987	3150.193066	trials	BSD015	p104	388	2013.351987	2014.012651	2014.578483	2014.583983	2016.548975	2016.548975	2016.548975	right	1.0	10	-5.0	15	right	right	5163.545053
2017.114139	3146.4309139999996	trials	BSD015	p104	389	2017.114139	2017.414138	2018.108968	2018.114468	2019.995461	2019.995461	2019.995461	right	1.0	11	-4.0	15	right	right	5163.545053
2020.462959	3143.082094	trials	BSD015	p104	390	2020.462959	2020.829624	2021.321789	2021.327289	2024.558443	2024.558443	2024.558443	right	1.0	12	-3.0	15	right	right	5163.545053
2025.043774	3138.501279	trials	BSD015	p104	391	2025.043774	2025.433439	2025.879104	2025.886271	2025.946437	2026.657768	2026.657768	right	0.0	13	-2.0	15	right	right	5163.545053
2027.060599	3136.484454	trials	BSD015	p104	392	2027.060599	2027.433098	2027.998929	2028.004429	2028.100928	2029.054091	2029.054091	right	1.0	14	-1.0	15	right	right	5163.545053
2029.684255	3133.8607979999997	trials	BSD015	p104	393	2029.684255	2029.807922	2030.267253	2030.267253	2030.516419	2031.402915	2031.402915	right	0.0	0	0.0	16	left	right	5163.545053
2031.868747	3131.676306	trials	BSD015	p104	394	2031.868747	2031.981246	2032.649744	2032.655077	2036.498562	2036.498562	2036.498562	left	1.0	1	-31.0	16	left	left	5163.545053
2037.541557	3126.003496	trials	BSD015	p104	395	2037.541557	2037.581391	2038.017889	2038.023389	2038.062055	2040.224213	2040.224213	left	1.0	2	-30.0	16	left	left	5163.545053
2040.746378	3122.798675	trials	BSD015	p104	396	2040.746378	2040.775544	2041.144543	2041.150043	2041.206376	2043.236035	2043.236035	left	1.0	3	-29.0	16	left	left	5163.545053
2043.755699	3119.7893539999995	trials	BSD015	p104	397	2043.755699	2043.860865	2044.195864	2044.201364	2044.239364	2046.227356	2046.227356	left	1.0	4	-28.0	16	left	left	5163.545053
2046.759187	3116.7858659999997	trials	BSD015	p104	398	2046.759187	2046.88002	2047.258685	2047.264185	2047.273352	2049.383843	2049.383843	left	1.0	5	-27.0	16	left	left	5163.545053
2049.899508	3113.645545	trials	BSD015	p104	399	2049.899508	2050.090174	2050.452672	2050.458172	2050.519339	2052.169665	2052.169665	left	1.0	6	-26.0	16	left	left	5163.545053
2052.639497	3110.9055559999997	trials	BSD015	p104	400	2052.639497	2052.786996	2053.168828	2053.174161	2056.327149	2058.497307	2058.497307	left	1.0	7	-25.0	16	left	left	5163.545053
2058.942138	3104.602915	trials	BSD015	p104	401	2058.942138	2059.053805	2059.47547	2059.480803	2059.49597	2062.893289	2062.893289	left	1.0	8	-24.0	16	left	left	5163.545053
2063.403621	3100.141432	trials	BSD015	p104	402	2063.403621	2063.743286	2064.204784	2064.212117	2064.227617	2064.585116	2064.585116	left	0.0	9	-23.0	16	left	left	5163.545053
2065.073947	3098.471106	trials	BSD015	p104	403	2065.073947	2065.228447	2065.671945	2065.677445	2065.728111	2067.478104	2067.478104	left	1.0	10	-22.0	16	left	left	5163.545053
2067.986102	3095.558951	trials	BSD015	p104	404	2067.986102	2068.140935	2068.633766	2068.639266	2068.673433	2071.538421	2071.538421	left	1.0	11	-21.0	16	left	left	5163.545053
2072.044753	3091.5002999999997	trials	BSD015	p104	405	2072.044753	2072.330752	2072.899583	2072.906749	2073.150582	2073.150582	2074.619076	left	0.0	12	-20.0	16	left	left	5163.545053
2075.081741	3088.463312	trials	BSD015	p104	406	2075.081741	2075.229073	2075.763238	2075.770404	2076.02007	2076.02007	2076.02007	left	0.0	13	-19.0	16	left	left	5163.545053
2076.538068	3087.006985	trials	BSD015	p104	407	2076.538068	2076.745401	2077.184899	2077.190399	2077.234565	2083.224875	2083.224875	left	1.0	14	-18.0	16	left	left	5163.545053
2083.957038	3079.588015	trials	BSD015	p104	408	2083.957038	2084.088371	2084.46737	2084.47287	2084.489203	2085.871031	2085.871031	left	1.0	15	-17.0	16	left	left	5163.545053
2086.379862	3077.165191	trials	BSD015	p104	409	2086.379862	2086.571028	2086.977026	2086.98236	2087.023859	2089.113518	2089.113518	left	1.0	16	-16.0	16	left	left	5163.545053
2089.668682	3073.876371	trials	BSD015	p104	410	2089.668682	2089.827182	2090.423179	2090.430346	2090.766344	2090.766344	2090.766344	left	0.0	17	-15.0	16	left	left	5163.545053
2091.196176	3072.348877	trials	BSD015	p104	411	2091.196176	2091.793674	2092.204005	2092.209339	2092.284005	2092.724003	2092.724003	left	1.0	18	-14.0	16	left	left	5163.545053
2093.237001	3070.308052	trials	BSD015	p104	412	2093.237001	2093.297501	2093.909999	2093.909999	2093.995498	2094.834828	2094.834828	right	0.0	19	-13.0	16	left	right	5163.545053
2095.19916	3068.3458929999997	trials	BSD015	p104	413	2095.19916	2095.311326	2095.93149	2095.938824	2096.14549	2096.14549	2099.344143	left	0.0	20	-12.0	16	left	right	5163.545053
2099.899808	3063.6452449999997	trials	BSD015	p104	414	2099.899808	2100.314306	2100.848637	2100.848637	2100.92697	2101.484135	2101.484135	right	0.0	21	-11.0	16	left	right	5163.545053
2101.896467	3061.648586	trials	BSD015	p104	415	2101.896467	2102.272298	2102.80513	2102.80513	2102.842963	2103.622126	2103.622126	right	0.0	22	-10.0	16	left	right	5163.545053
2104.091624	3059.4534289999997	trials	BSD015	p104	416	2104.091624	2104.289124	2104.927288	2104.932788	2104.950454	2105.949784	2105.949784	left	1.0	23	-9.0	16	left	left	5163.545053
2106.525281	3057.0197719999996	trials	BSD015	p104	417	2106.525281	2106.659781	2107.240779	2107.240779	2107.343111	2108.210608	2108.210608	right	0.0	24	-8.0	16	left	right	5163.545053
2108.586106	3054.9589469999996	trials	BSD015	p104	418	2108.586106	2108.901272	2109.296437	2109.296437	2109.37777	2110.043267	2110.043267	right	0.0	25	-7.0	16	left	right	5163.545053
2110.344266	3053.2007869999998	trials	BSD015	p104	419	2110.344266	2110.452599	2111.007097	2111.01443	2111.05843	2112.110092	2112.110092	left	0.0	26	-6.0	16	left	left	5163.545053
2112.77259	3050.772463	trials	BSD015	p104	420	2112.77259	2112.882923	2113.560587	2113.560587	2113.575087	2115.081414	2115.081414	right	0.0	27	-5.0	16	left	right	5163.545053
2115.560245	3047.9848079999997	trials	BSD015	p104	421	2115.560245	2116.077077	2116.459408	2116.459408	2116.527908	2117.047573	2117.047573	right	0.0	28	-4.0	16	left	right	5163.545053
2117.377405	3046.1676479999996	trials	BSD015	p104	422	2117.377405	2117.501738	2118.103902	2118.109402	2118.227568	2120.592892	2120.592892	left	1.0	29	-3.0	16	left	left	5163.545053
2121.217556	3042.3274969999998	trials	BSD015	p104	423	2121.217556	2121.249056	2121.668054	2121.673554	2121.706387	2123.253381	2123.253381	left	1.0	30	-2.0	16	left	left	5163.545053
2123.700046	3039.845007	trials	BSD015	p104	424	2123.700046	2123.766046	2124.142378	2124.147711	2124.166044	2126.283202	2126.283202	left	1.0	31	-1.0	16	left	left	5163.545053
2126.8387	3036.706353	trials	BSD015	p104	425	2126.8387	2126.881033	2127.284698	2127.284698	2127.307365	2127.62203	2127.62203	left	0.0	0	0.0	17	right	left	5163.545053
2128.043695	3035.501358	trials	BSD015	p104	426	2128.043695	2128.256194	2128.703693	2128.703693	2128.716026	2128.960192	2131.00485	left	0.0	1	-12.0	17	right	left	5163.545053
2131.378515	3032.166538	trials	BSD015	p104	427	2131.378515	2131.673681	2132.114179	2132.114179	2132.215179	2132.722843	2132.722843	left	0.0	2	-11.0	17	right	left	5163.545053
2133.097675	3030.447378	trials	BSD015	p104	428	2133.097675	2133.144508	2133.754172	2133.759672	2133.782672	2135.364833	2135.364833	right	1.0	3	-10.0	17	right	right	5163.545053
2135.917331	3027.6277219999997	trials	BSD015	p104	429	2135.917331	2136.238329	2136.613161	2136.618661	2136.76516	2142.368138	2142.368138	right	1.0	4	-9.0	17	right	right	5163.545053
2143.181135	3020.363918	trials	BSD015	p104	430	2143.181135	2143.253134	2143.676466	2143.681966	2143.738799	2145.147627	2145.147627	right	1.0	5	-8.0	17	right	right	5163.545053
2145.847291	3017.697762	trials	BSD015	p104	431	2145.847291	2145.887624	2146.300789	2146.306289	2146.953286	2146.953286	2146.953286	right	1.0	6	-7.0	17	right	right	5163.545053
2147.329618	3016.2154349999996	trials	BSD015	p104	432	2147.329618	2147.515951	2147.880616	2147.886116	2147.897116	2148.711446	2148.711446	right	1.0	7	-6.0	17	right	right	5163.545053
2149.067111	3014.477942	trials	BSD015	p104	433	2149.067111	2149.49361	2149.890108	2149.897441	2150.019274	2150.911937	2150.911937	right	0.0	8	-5.0	17	right	right	5163.545053
2151.275936	3012.269117	trials	BSD015	p104	434	2151.275936	2151.549268	2152.048766	2152.054266	2152.164932	2154.969254	2154.969254	right	1.0	9	-4.0	17	right	right	5163.545053
2155.485086	3008.0599669999997	trials	BSD015	p104	435	2155.485086	2155.878917	2156.271582	2156.277082	2156.371582	2159.703569	2159.703569	right	1.0	10	-3.0	17	right	right	5163.545053
2160.269233	3003.27582	trials	BSD015	p104	436	2160.269233	2160.590732	2161.228229	2161.235563	2161.261062	2161.674227	2161.674227	right	0.0	11	-2.0	17	right	right	5163.545053
2162.010393	3001.53466	trials	BSD015	p104	437	2162.010393	2162.490558	2162.965722	2162.971222	2163.005389	2163.729053	2165.423546	right	1.0	12	-1.0	17	right	left	5163.545053
2165.853544	2997.6915089999998	trials	BSD015	p104	438	2165.853544	2165.914377	2166.466208	2166.466208	2166.522708	2167.762703	2167.762703	right	0.0	0	0.0	18	left	right	5163.545053
2168.157368	2995.3876849999997	trials	BSD015	p104	439	2168.157368	2168.306701	2168.830032	2168.835366	2168.939532	2169.928528	2169.928528	left	1.0	1	-26.0	18	left	left	5163.545053
2170.415026	2993.1300269999997	trials	BSD015	p104	440	2170.415026	2170.533025	2170.960357	2170.96569	2171.00319	2175.542672	2175.542672	left	1.0	2	-25.0	18	left	left	5163.545053
2176.099836	2987.445217	trials	BSD015	p104	441	2176.099836	2176.197503	2176.635168	2176.642501	2176.664501	2178.278828	2178.278828	left	0.0	3	-24.0	18	left	left	5163.545053
2178.677993	2984.86706	trials	BSD015	p104	442	2178.677993	2178.936658	2179.451656	2179.45699	2179.592656	2180.264653	2180.264653	left	1.0	4	-23.0	18	left	left	5163.545053
2180.661818	2982.883235	trials	BSD015	p104	443	2180.661818	2180.850484	2181.261816	2181.267316	2181.290649	2184.651136	2184.651136	left	1.0	5	-22.0	18	left	left	5163.545053
2185.249467	2978.2955859999997	trials	BSD015	p104	444	2185.249467	2185.492466	2185.963297	2185.968797	2186.01513	2187.661957	2187.661957	left	1.0	6	-21.0	18	left	left	5163.545053
2188.084455	2975.4605979999997	trials	BSD015	p104	445	2188.084455	2188.246288	2188.725786	2188.733119	2188.762119	2189.26195	2190.671111	left	0.0	7	-20.0	18	left	left	5163.545053
2191.08311	2972.461943	trials	BSD015	p104	446	2191.08311	2191.222109	2191.664608	2191.669941	2191.704274	2193.389101	2193.389101	left	1.0	8	-19.0	18	left	left	5163.545053
2193.825932	2969.7191209999996	trials	BSD015	p104	447	2193.825932	2194.015265	2194.562763	2194.568263	2194.676262	2197.060919	2197.060919	left	1.0	9	-18.0	18	left	left	5163.545053
2197.546417	2965.998636	trials	BSD015	p104	448	2197.546417	2197.73275	2198.136582	2198.142082	2198.184415	2200.129574	2200.129574	left	1.0	10	-17.0	18	left	left	5163.545053
2200.564405	2962.9806479999997	trials	BSD015	p104	449	2200.564405	2200.732238	2201.169236	2201.174569	2201.216569	2206.325382	2206.325382	left	1.0	11	-16.0	18	left	left	5163.545053
2207.167712	2956.377341	trials	BSD015	p104	450	2207.167712	2207.318712	2207.755376	2207.76071	2207.864376	2209.379037	2209.379037	left	1.0	12	-15.0	18	left	left	5163.545053
2209.955868	2953.589185	trials	BSD015	p104	451	2209.955868	2210.066867	2210.555032	2210.562365	2210.794531	2210.794531	2212.357691	left	0.0	13	-14.0	18	left	left	5163.545053
2212.825523	2950.71953	trials	BSD015	p104	452	2212.825523	2212.930356	2213.543353	2213.543353	2213.624353	2213.937685	2213.937685	right	0.0	14	-13.0	18	left	right	5163.545053
2214.31685	2949.2282029999997	trials	BSD015	p104	453	2214.31685	2214.49485	2215.067681	2215.074847	2215.286346	2215.286346	2215.286346	left	0.0	15	-12.0	18	left	left	5163.545053
2216.213843	2947.33121	trials	BSD015	p104	454	2216.213843	2216.342509	2216.995673	2216.995673	2217.053339	2217.685837	2217.685837	right	0.0	16	-11.0	18	left	right	5163.545053
2218.049002	2945.4960509999996	trials	BSD015	p104	455	2218.049002	2218.212835	2218.734499	2218.739999	2219.351997	2219.351997	2219.351997	left	1.0	17	-10.0	18	left	left	5163.545053
2219.866995	2943.678058	trials	BSD015	p104	456	2219.866995	2220.053327	2220.602658	2220.602658	2220.636825	2221.048323	2222.530817	right	0.0	18	-9.0	18	left	left	5163.545053
2224.032811	2939.512242	trials	BSD015	p104	457	2224.032811	2224.280977	2225.20714	2225.20714	2225.23464	2225.969304	2225.969304	right	0.0	19	-8.0	18	left	right	5163.545053
2226.292636	2937.2524169999997	trials	BSD015	p104	458	2226.292636	2226.406302	2226.972966	2226.9783	2227.059966	2231.568448	2231.568448	left	1.0	20	-7.0	18	left	left	5163.545053
2232.426278	2931.118775	trials	BSD015	p104	459	2232.426278	2232.837443	2233.250608	2233.257774	2233.287941	2233.566107	2234.999768	left	0.0	21	-6.0	18	left	left	5163.545053
2235.401766	2928.143287	trials	BSD015	p104	460	2235.401766	2235.618598	2236.051763	2236.057097	2236.091263	2237.675257	2237.675257	left	1.0	22	-5.0	18	left	left	5163.545053
2238.130922	2925.414131	trials	BSD015	p104	461	2238.130922	2238.254921	2238.705919	2238.711419	2238.729253	2239.264584	2239.264584	left	1.0	23	-4.0	18	left	left	5163.545053
2239.668916	2923.8761369999997	trials	BSD015	p104	462	2239.668916	2239.814082	2240.309913	2240.317246	2240.390913	2240.724745	2240.724745	left	0.0	24	-3.0	18	left	left	5163.545053
2241.202409	2922.342644	trials	BSD015	p104	463	2241.202409	2241.821907	2242.338238	2242.338238	2242.353238	2242.862569	2242.862569	right	0.0	25	-2.0	18	left	right	5163.545053
2243.186235	2920.3588179999997	trials	BSD015	p104	464	2243.186235	2243.295568	2243.911399	2243.916899	2244.013898	2244.764562	2247.139552	left	1.0	26	-1.0	18	left	right	5163.545053
2247.474051	2916.0710019999997	trials	BSD015	p104	465	2247.474051	2247.886216	2248.356547	2248.362047	2248.452547	2249.144711	2249.144711	right	1.0	0	0.0	19	right	right	5163.545053
2249.523709	2914.0213439999998	trials	BSD015	p104	466	2249.523709	2249.619542	2250.131874	2250.131874	2250.214207	2251.036037	2251.036037	left	0.0	1	-33.0	19	right	left	5163.545053
2251.605701	2911.939352	trials	BSD015	p104	467	2251.605701	2251.690034	2252.109866	2252.109866	2252.218199	2252.767696	2252.767696	left	0.0	2	-32.0	19	right	left	5163.545053
2253.162028	2910.3830249999996	trials	BSD015	p104	468	2253.162028	2253.413861	2253.876859	2253.876859	2253.889025	2254.551689	2254.551689	left	0.0	3	-31.0	19	right	left	5163.545053
2254.964854	2908.580199	trials	BSD015	p104	469	2254.964854	2255.616852	2256.471015	2256.476515	2256.541848	2257.835843	2257.835843	right	1.0	4	-30.0	19	right	right	5163.545053
2258.239841	2905.3052119999998	trials	BSD015	p104	470	2258.239841	2258.53884	2259.098338	2259.103838	2259.260337	2260.140334	2260.140334	right	1.0	5	-29.0	19	right	right	5163.545053
2260.528999	2903.0160539999997	trials	BSD015	p104	471	2260.528999	2260.910664	2261.303996	2261.309496	2261.420328	2275.663605	2275.663605	right	1.0	6	-28.0	19	right	right	5163.545053
2276.083603	2887.46145	trials	BSD015	p104	472	2276.083603	2276.326102	2276.912933	2276.918433	2277.034433	2281.347915	2281.347915	right	1.0	7	-27.0	19	right	right	5163.545053
2282.081746	2881.463307	trials	BSD015	p104	473	2282.081746	2282.159746	2283.053242	2283.060575	2283.098908	2284.568569	2284.568569	right	0.0	8	-26.0	19	right	right	5163.545053
2284.956901	2878.588152	trials	BSD015	p104	474	2284.956901	2285.107234	2285.612398	2285.617732	2285.876397	2287.857056	2287.857056	right	1.0	9	-25.0	19	right	right	5163.545053
2288.317388	2875.227665	trials	BSD015	p104	475	2288.317388	2288.707386	2289.174384	2289.179884	2289.28855	2291.506041	2291.506041	right	1.0	10	-24.0	19	right	right	5163.545053
2292.134706	2871.410347	trials	BSD015	p104	476	2292.134706	2292.285372	2292.735203	2292.74237	2292.833536	2293.490034	2293.490034	right	0.0	11	-23.0	19	right	right	5163.545053
2293.891699	2869.653354	trials	BSD015	p104	477	2293.891699	2294.132698	2294.568529	2294.573863	2294.687695	2297.064519	2297.064519	right	1.0	12	-22.0	19	right	right	5163.545053
2297.65935	2865.885703	trials	BSD015	p104	478	2297.65935	2298.007182	2298.480347	2298.485847	2298.601513	2299.137011	2299.137011	right	1.0	13	-21.0	19	right	right	5163.545053
2299.653676	2863.891377	trials	BSD015	p104	479	2299.653676	2300.16484	2300.612338	2300.617838	2300.741505	2301.859	2301.859	right	1.0	14	-20.0	19	right	right	5163.545053
2302.228999	2861.316054	trials	BSD015	p104	480	2302.228999	2302.343665	2303.033495	2303.033495	2303.045329	2303.60616	2303.60616	left	0.0	15	-19.0	19	right	left	5163.545053
2304.163824	2859.3812289999996	trials	BSD015	p104	481	2304.163824	2304.328824	2304.929154	2304.934654	2304.964154	2306.224483	2306.224483	right	1.0	16	-18.0	19	right	right	5163.545053
2306.643481	2856.9015719999998	trials	BSD015	p104	482	2306.643481	2306.98198	2307.396145	2307.401645	2307.454811	2311.261962	2311.261962	right	1.0	17	-17.0	19	right	right	5163.545053
2311.862793	2851.68226	trials	BSD015	p104	483	2311.862793	2311.981126	2312.519791	2312.525124	2312.569457	2321.03609	2321.03609	right	1.0	18	-16.0	19	right	right	5163.545053
2321.679754	2841.865299	trials	BSD015	p104	484	2321.679754	2322.019753	2322.61025	2322.61575	2322.64975	2328.793726	2328.793726	right	1.0	19	-15.0	19	right	right	5163.545053
2330.070221	2833.474832	trials	BSD015	p104	485	2330.070221	2330.209553	2330.673218	2330.680385	2330.805884	2334.390537	2334.390537	right	0.0	20	-14.0	19	right	right	5163.545053
2335.240033	2828.30502	trials	BSD015	p104	486	2335.240033	2336.332362	2336.819527	2336.825027	2336.946526	2343.531667	2343.531667	right	1.0	21	-13.0	19	right	right	5163.545053
2344.418996	2819.126057	trials	BSD015	p104	487	2344.418996	2345.143827	2345.679991	2345.687325	2348.767812	2348.767812	2348.767812	right	0.0	22	-12.0	19	right	right	5163.545053
2349.433976	2814.111077	trials	BSD015	p104	488	2349.433976	2349.784975	2350.434306	2350.441639	2350.537139	2351.434468	2351.434468	right	0.0	23	-11.0	19	right	right	5163.545053
2351.8643	2811.6807529999996	trials	BSD015	p104	489	2351.8643	2351.9938	2353.007629	2353.014962	2353.130628	2353.867959	2353.867959	right	0.0	24	-10.0	19	right	right	5163.545053
2354.371957	2809.173096	trials	BSD015	p104	490	2354.371957	2354.910121	2355.346453	2355.353619	2355.454286	2355.879784	2355.879784	right	0.0	25	-9.0	19	right	right	5163.545053
2356.276949	2807.2681039999998	trials	BSD015	p104	491	2356.276949	2356.363949	2357.207445	2357.207445	2357.580277	2357.580277	2357.580277	left	0.0	26	-8.0	19	right	left	5163.545053
2358.569607	2804.975446	trials	BSD015	p104	492	2358.569607	2358.715106	2359.546269	2359.551603	2359.592102	2364.968748	2364.968748	right	1.0	27	-7.0	19	right	right	5163.545053
2365.659745	2797.885308	trials	BSD015	p104	493	2365.659745	2365.908744	2366.430242	2366.435575	2366.568408	2368.350567	2368.350567	right	1.0	28	-6.0	19	right	right	5163.545053
2368.897732	2794.647321	trials	BSD015	p104	494	2368.897732	2368.929732	2370.447726	2370.454892	2370.523059	2371.296722	2371.296722	right	0.0	29	-5.0	19	right	right	5163.545053
2371.717221	2791.827832	trials	BSD015	p104	495	2371.717221	2372.176552	2372.68105	2372.68655	2372.842549	2373.484214	2373.484214	right	1.0	30	-4.0	19	right	right	5163.545053
2373.922212	2789.622841	trials	BSD015	p104	496	2373.922212	2374.073878	2374.802208	2374.802208	2374.839708	2375.549039	2375.549039	left	0.0	31	-3.0	19	right	left	5163.545053
2376.089036	2787.456017	trials	BSD015	p104	497	2376.089036	2376.369369	2376.834367	2376.834367	2376.867533	2377.189865	2377.189865	left	0.0	32	-2.0	19	right	left	5163.545053
2377.682363	2785.86269	trials	BSD015	p104	498	2377.682363	2377.774363	2378.43736	2378.44286	2378.594193	2380.726018	2380.726018	right	1.0	33	-1.0	19	right	right	5163.545053
2381.127183	2782.4178699999998	trials	BSD015	p104	499	2381.127183	2381.237849	2381.906847	2381.906847	2381.942846	2382.795343	2382.795343	right	0.0	0	0.0	20	left	right	5163.545053
2383.178841	2780.366212	trials	BSD015	p104	500	2383.178841	2383.437674	2383.921338	2383.921338	2384.915001	2385.020667	2385.020667	right	0.0	1	-28.0	20	left	right	5163.545053
2385.442832	2778.1022209999996	trials	BSD015	p104	501	2385.442832	2385.814664	2386.217663	2386.217663	2386.319996	2387.514991	2387.514991	right	0.0	2	-27.0	20	left	right	5163.545053
2387.900656	2775.644397	trials	BSD015	p104	502	2387.900656	2388.193155	2388.853819	2388.853819	2388.938818	2389.871648	2389.871648	right	0.0	3	-26.0	20	left	right	5163.545053
2390.292646	2773.252407	trials	BSD015	p104	503	2390.292646	2390.649812	2391.084477	2391.084477	2391.137476	2391.878973	2391.878973	right	0.0	4	-25.0	20	left	right	5163.545053
2392.261472	2771.2835809999997	trials	BSD015	p104	504	2392.261472	2392.370805	2393.004802	2393.010135	2393.026469	2400.587105	2400.587105	left	1.0	5	-24.0	20	left	left	5163.545053
2401.021437	2762.523616	trials	BSD015	p104	505	2401.021437	2401.16577	2401.591601	2401.596934	2401.609268	2403.948258	2403.948258	left	1.0	6	-23.0	20	left	left	5163.545053
2404.535423	2759.00963	trials	BSD015	p104	506	2404.535423	2404.644589	2405.017921	2405.023254	2405.035421	2407.193912	2407.193912	left	1.0	7	-22.0	20	left	left	5163.545053
2407.66241	2755.882643	trials	BSD015	p104	507	2407.66241	2407.788576	2408.164242	2408.171575	2408.201241	2408.46174	2408.46174	left	0.0	8	-21.0	20	left	left	5163.545053
2408.918905	2754.626148	trials	BSD015	p104	508	2408.918905	2409.348403	2409.757402	2409.764735	2409.845068	2410.3299	2410.3299	left	0.0	9	-20.0	20	left	left	5163.545053
2410.860397	2752.684656	trials	BSD015	p104	509	2410.860397	2411.161063	2411.595728	2411.601228	2411.669727	2413.748386	2413.748386	left	1.0	10	-19.0	20	left	left	5163.545053
2414.29855	2749.246503	trials	BSD015	p104	510	2414.29855	2414.420883	2414.882215	2414.887715	2414.938048	2416.872373	2416.872373	left	1.0	11	-18.0	20	left	left	5163.545053
2417.373705	2746.171348	trials	BSD015	p104	511	2417.373705	2417.423538	2417.871369	2417.876869	2417.976869	2421.11369	2421.11369	left	1.0	12	-17.0	20	left	left	5163.545053
2421.680187	2741.864866	trials	BSD015	p104	512	2421.680187	2421.816687	2422.337518	2422.343018	2422.375018	2424.315344	2424.315344	left	1.0	13	-16.0	20	left	left	5163.545053
2424.789842	2738.7552109999997	trials	BSD015	p104	513	2424.789842	2424.914675	2425.356006	2425.363173	2425.410506	2426.307169	2426.307169	left	0.0	14	-15.0	20	left	left	5163.545053
2426.836167	2736.708886	trials	BSD015	p104	514	2426.836167	2426.9195	2427.374165	2427.379665	2427.426164	2429.512323	2429.512323	left	1.0	15	-14.0	20	left	left	5163.545053
2429.951321	2733.593732	trials	BSD015	p104	515	2429.951321	2430.205987	2430.644318	2430.651652	2430.854484	2430.854484	2432.627644	left	0.0	16	-13.0	20	left	left	5163.545053
2433.081142	2730.463911	trials	BSD015	p104	516	2433.081142	2433.279308	2433.732973	2433.740306	2433.781639	2434.25197	2434.25197	left	0.0	17	-12.0	20	left	left	5163.545053
2434.805968	2728.7390849999997	trials	BSD015	p104	517	2434.805968	2434.953134	2435.606465	2435.606465	2435.625632	2435.96963	2435.96963	right	0.0	18	-11.0	20	left	right	5163.545053
2436.343462	2727.201591	trials	BSD015	p104	518	2436.343462	2436.465128	2436.977793	2436.983293	2437.056959	2439.411783	2439.411783	left	1.0	19	-10.0	20	left	left	5163.545053
2439.990781	2723.554272	trials	BSD015	p104	519	2439.990781	2440.038781	2440.586778	2440.593945	2440.740278	2441.05711	2442.983769	left	0.0	20	-9.0	20	left	right	5163.545053
2443.336434	2720.208619	trials	BSD015	p104	520	2443.336434	2443.442934	2443.972765	2443.979932	2444.026098	2444.344763	2444.344763	left	0.0	21	-8.0	20	left	left	5163.545053
2444.986761	2718.5582919999997	trials	BSD015	p104	521	2444.986761	2445.338593	2445.848924	2445.854257	2445.998257	2453.658393	2453.658393	left	1.0	22	-7.0	20	left	left	5163.545053
2454.357057	2709.1879959999997	trials	BSD015	p104	522	2454.357057	2454.468056	2454.912555	2454.919888	2454.988888	2455.93805	2455.93805	left	0.0	23	-6.0	20	left	left	5163.545053
2456.440548	2707.104505	trials	BSD015	p104	523	2456.440548	2456.628381	2457.045379	2457.050713	2457.081213	2459.384037	2459.384037	left	1.0	24	-5.0	20	left	left	5163.545053
2459.971868	2703.5731849999997	trials	BSD015	p104	524	2459.971868	2459.992368	2460.511865	2460.519199	2460.829531	2460.829531	2460.829531	left	0.0	25	-4.0	20	left	left	5163.545053
2461.357029	2702.188024	trials	BSD015	p104	525	2461.357029	2461.610528	2462.029693	2462.035193	2464.072185	2464.072185	2464.072185	left	1.0	26	-3.0	20	left	left	5163.545053
2464.537516	2699.007537	trials	BSD015	p104	526	2464.537516	2464.649516	2465.010847	2465.018181	2465.042181	2465.382179	2465.382179	left	0.0	27	-2.0	20	left	left	5163.545053
2465.804511	2697.740542	trials	BSD015	p104	527	2465.804511	2466.07751	2466.563841	2466.569341	2468.258668	2468.258668	2468.258668	left	1.0	28	-1.0	20	left	left	5163.545053
2468.773832	2694.771221	trials	BSD015	p104	528	2468.773832	2468.861832	2469.349997	2469.349997	2469.505496	2470.045494	2470.045494	left	0.0	0	0.0	21	right	left	5163.545053
2470.555992	2692.9890609999998	trials	BSD015	p104	529	2470.555992	2470.676325	2471.094823	2471.094823	2471.147156	2471.467322	2471.467322	left	0.0	1	-27.0	21	right	left	5163.545053
2472.065653	2691.4793999999997	trials	BSD015	p104	530	2472.065653	2472.218319	2472.62715	2472.62715	2472.708817	2473.491647	2473.491647	left	0.0	2	-26.0	21	right	left	5163.545053
2473.895812	2689.6492409999996	trials	BSD015	p104	531	2473.895812	2473.974812	2474.655309	2474.660809	2474.674309	2477.111799	2477.111799	right	1.0	3	-25.0	21	right	right	5163.545053
2477.827296	2685.717757	trials	BSD015	p104	532	2477.827296	2477.891963	2478.292628	2478.298128	2478.45446	2480.20562	2480.20562	right	1.0	4	-24.0	21	right	right	5163.545053
2480.818451	2682.7266019999997	trials	BSD015	p104	533	2480.818451	2481.159283	2481.597614	2481.602948	2481.75328	2482.996442	2482.996442	right	1.0	5	-23.0	21	right	right	5163.545053
2483.449774	2680.0952789999997	trials	BSD015	p104	534	2483.449774	2483.727606	2484.124771	2484.130271	2485.428932	2485.428932	2485.428932	right	1.0	6	-22.0	21	right	right	5163.545053
2486.00743	2677.5376229999997	trials	BSD015	p104	535	2486.00743	2486.346262	2486.751594	2486.757094	2487.299092	2487.299092	2487.299092	right	1.0	7	-21.0	21	right	right	5163.545053
2487.663757	2675.881296	trials	BSD015	p104	536	2487.663757	2488.259588	2488.717086	2488.722419	2488.974085	2489.998748	2489.998748	right	1.0	8	-20.0	21	right	right	5163.545053
2490.376913	2673.1681399999998	trials	BSD015	p104	537	2490.376913	2490.457412	2490.950577	2490.95791	2491.596741	2491.596741	2491.596741	right	0.0	9	-19.0	21	right	right	5163.545053
2491.98224	2671.562813	trials	BSD015	p104	538	2491.98224	2492.214072	2492.722237	2492.729403	2492.804736	2493.899899	2493.899899	right	0.0	10	-18.0	21	right	right	5163.545053
2494.279897	2669.265156	trials	BSD015	p104	539	2494.279897	2495.051061	2495.462726	2495.470059	2495.559225	2496.572555	2496.572555	right	0.0	11	-17.0	21	right	right	5163.545053
2496.95022	2666.5948329999997	trials	BSD015	p104	540	2496.95022	2497.259218	2497.704383	2497.709883	2497.814716	2500.966204	2500.966204	right	1.0	12	-16.0	21	right	right	5163.545053
2501.430535	2662.114518	trials	BSD015	p104	541	2501.430535	2501.841867	2502.286198	2502.291532	2502.424531	2503.171695	2503.171695	right	1.0	13	-15.0	21	right	right	5163.545053
2503.57986	2659.965193	trials	BSD015	p104	542	2503.57986	2503.854025	2504.299857	2504.30719	2504.346357	2506.876347	2506.876347	right	0.0	14	-14.0	21	right	right	5163.545053
2507.324512	2656.2205409999997	trials	BSD015	p104	543	2507.324512	2507.529344	2508.021009	2508.026509	2508.100008	2509.324837	2509.324837	right	1.0	15	-13.0	21	right	right	5163.545053
2509.828835	2653.716218	trials	BSD015	p104	544	2509.828835	2510.351499	2510.732498	2510.739831	2511.063997	2511.063997	2511.063997	right	0.0	16	-12.0	21	right	right	5163.545053
2511.431995	2652.113058	trials	BSD015	p104	545	2511.431995	2511.529995	2512.125826	2512.125826	2512.188659	2512.64499	2512.64499	left	0.0	17	-11.0	21	right	left	5163.545053
2513.293654	2650.2513989999998	trials	BSD015	p104	546	2513.293654	2513.356821	2513.931485	2513.936818	2513.954818	2515.253313	2515.253313	right	1.0	18	-10.0	21	right	right	5163.545053
2515.659645	2647.8854079999996	trials	BSD015	p104	547	2515.659645	2516.027143	2516.460475	2516.465975	2516.487475	2521.225956	2521.225956	right	1.0	19	-9.0	21	right	right	5163.545053
2522.384618	2641.160435	trials	BSD015	p104	548	2522.384618	2522.506951	2522.995282	2523.000782	2523.009615	2524.615609	2524.615609	right	1.0	20	-8.0	21	right	right	5163.545053
2525.048774	2638.496279	trials	BSD015	p104	549	2525.048774	2525.186607	2525.722771	2525.728271	2525.765271	2526.467768	2526.467768	right	1.0	21	-7.0	21	right	right	5163.545053
2526.847433	2636.69762	trials	BSD015	p104	550	2526.847433	2527.147099	2527.551097	2527.556431	2527.600764	2528.698759	2528.698759	right	1.0	22	-6.0	21	right	right	5163.545053
2529.088758	2634.456295	trials	BSD015	p104	551	2529.088758	2529.122091	2529.794088	2529.799588	2532.006913	2532.006913	2532.006913	right	1.0	23	-5.0	21	right	right	5163.545053
2532.523744	2631.0213089999997	trials	BSD015	p104	552	2532.523744	2532.742243	2533.195075	2533.200408	2533.357241	2536.971893	2536.971893	right	1.0	24	-4.0	21	right	right	5163.545053
2537.477058	2626.067995	trials	BSD015	p104	553	2537.477058	2538.017389	2538.50222	2538.509553	2539.370217	2539.370217	2539.370217	right	0.0	25	-3.0	21	right	right	5163.545053
2539.732215	2623.812838	trials	BSD015	p104	554	2539.732215	2539.911548	2540.324213	2540.329713	2540.421546	2542.585537	2542.585537	right	1.0	26	-2.0	21	right	right	5163.545053
2543.113868	2620.431185	trials	BSD015	p104	555	2543.113868	2543.334701	2543.739033	2543.744533	2546.323689	2546.323689	2546.323689	right	1.0	27	-1.0	21	right	right	5163.545053
2546.806854	2616.738199	trials	BSD015	p104	556	2546.806854	2546.935853	2547.422684	2547.422684	2547.70085	2547.963016	2547.963016	right	0.0	0	0.0	22	left	right	5163.545053
2548.45468	2615.090373	trials	BSD015	p104	557	2548.45468	2548.580847	2549.102178	2549.102178	2549.231844	2549.879842	2549.879842	right	0.0	1	-12.0	22	left	right	5163.545053
2550.24434	2613.3007129999996	trials	BSD015	p104	558	2550.24434	2550.396506	2551.082337	2551.08767	2552.910663	2552.910663	2552.910663	left	1.0	2	-11.0	22	left	left	5163.545053
2553.549327	2609.9957259999996	trials	BSD015	p104	559	2553.549327	2553.60616	2554.038325	2554.043825	2554.072658	2558.961638	2558.961638	left	1.0	3	-10.0	22	left	left	5163.545053
2559.36647	2604.178583	trials	BSD015	p104	560	2559.36647	2559.43247	2559.835301	2559.840801	2559.869468	2561.968793	2561.968793	left	1.0	4	-9.0	22	left	left	5163.545053
2562.427791	2601.1172619999998	trials	BSD015	p104	561	2562.427791	2562.497958	2562.864956	2562.870289	2564.760615	2564.760615	2564.760615	left	1.0	5	-8.0	22	left	left	5163.545053
2565.279613	2598.2654399999997	trials	BSD015	p104	562	2565.279613	2565.308446	2565.702278	2565.707611	2565.838111	2567.949936	2567.949936	left	1.0	6	-7.0	22	left	left	5163.545053
2568.452934	2595.092119	trials	BSD015	p104	563	2568.452934	2568.5406	2568.924598	2568.930098	2568.953265	2570.18526	2570.18526	left	1.0	7	-6.0	22	left	left	5163.545053
2570.660592	2592.8844609999996	trials	BSD015	p104	564	2570.660592	2570.788591	2571.146756	2571.15409	2571.185423	2571.820087	2571.820087	left	0.0	8	-5.0	22	left	left	5163.545053
2572.203919	2591.341134	trials	BSD015	p104	565	2572.203919	2572.374751	2572.798083	2572.803583	2572.907916	2574.728075	2574.728075	left	1.0	9	-4.0	22	left	left	5163.545053
2575.170073	2588.37498	trials	BSD015	p104	566	2575.170073	2575.32974	2575.828404	2575.833738	2575.972404	2577.809896	2577.809896	left	1.0	10	-3.0	22	left	left	5163.545053
2578.311728	2585.2333249999997	trials	BSD015	p104	567	2578.311728	2578.44206	2578.831059	2578.838392	2579.177391	2579.177391	2579.177391	left	0.0	11	-2.0	22	left	left	5163.545053
2579.646889	2583.8981639999997	trials	BSD015	p104	568	2579.646889	2579.768888	2580.170053	2580.175553	2580.287886	2581.326382	2583.59254	left	1.0	12	-1.0	22	left	left	5163.545053
2583.962872	2579.5821809999998	trials	BSD015	p104	569	2583.962872	2584.079871	2584.702702	2584.708035	2584.741869	2586.727194	2586.727194	right	1.0	0	0.0	23	right	right	5163.545053
2587.144359	2576.400694	trials	BSD015	p104	570	2587.144359	2587.413691	2587.857356	2587.862856	2588.128355	2588.882019	2588.882019	right	1.0	1	-14.0	23	right	right	5163.545053
2589.246017	2574.299036	trials	BSD015	p104	571	2589.246017	2589.705515	2590.250846	2590.250846	2590.28268	2590.662512	2590.662512	left	0.0	2	-13.0	23	right	left	5163.545053
2591.212343	2572.3327099999997	trials	BSD015	p104	572	2591.212343	2591.303509	2591.93834	2591.94384	2591.969506	2592.870003	2592.870003	right	1.0	3	-12.0	23	right	right	5163.545053
2594.103664	2569.4413889999996	trials	BSD015	p104	573	2594.103664	2594.240664	2594.669329	2594.674662	2594.785828	2600.640638	2600.640638	right	1.0	4	-11.0	23	right	right	5163.545053
2601.428802	2562.116251	trials	BSD015	p104	574	2601.428802	2601.476468	2601.998633	2602.004133	2602.137466	2606.829947	2606.829947	right	1.0	5	-10.0	23	right	right	5163.545053
2607.59461	2555.9504429999997	trials	BSD015	p104	575	2607.59461	2607.73561	2608.168775	2608.174275	2608.307441	2611.270429	2611.270429	right	1.0	6	-9.0	23	right	right	5163.545053
2612.103426	2551.4416269999997	trials	BSD015	p104	576	2612.103426	2612.162426	2612.60509	2612.610424	2612.725923	2615.321413	2615.321413	right	1.0	7	-8.0	23	right	right	5163.545053
2615.848744	2547.696309	trials	BSD015	p104	577	2615.848744	2616.034743	2616.469908	2616.475242	2616.544908	2619.103898	2619.103898	right	1.0	8	-7.0	23	right	right	5163.545053
2619.567063	2543.97799	trials	BSD015	p104	578	2619.567063	2619.975728	2620.428726	2620.434059	2620.525392	2622.796216	2622.796216	right	1.0	9	-6.0	23	right	right	5163.545053
2623.345381	2540.1996719999997	trials	BSD015	p104	579	2623.345381	2623.589546	2624.008211	2624.013711	2625.935204	2625.935204	2625.935204	right	1.0	10	-5.0	23	right	right	5163.545053
2626.533535	2537.011518	trials	BSD015	p104	580	2626.533535	2626.8877	2627.353698	2627.359198	2627.413198	2630.962517	2630.962517	right	1.0	11	-4.0	23	right	right	5163.545053
2631.484182	2532.0608709999997	trials	BSD015	p104	581	2631.484182	2631.639848	2632.188679	2632.194012	2632.208345	2636.230996	2636.230996	right	1.0	12	-3.0	23	right	right	5163.545053
2636.944826	2526.600227	trials	BSD015	p104	582	2636.944826	2637.488324	2638.014822	2638.020322	2639.699482	2639.699482	2639.699482	right	1.0	13	-2.0	23	right	right	5163.545053
2640.178147	2523.3669059999997	trials	BSD015	p104	583	2640.178147	2640.595478	2641.02631	2641.03181	2641.963473	2642.330972	2644.141131	right	1.0	14	-1.0	23	right	right	5163.545053
2644.563463	2518.98159	trials	BSD015	p104	584	2644.563463	2645.074461	2645.786291	2645.791791	2646.694787	2646.81712	2646.81712	left	1.0	0	0.0	24	left	left	5163.545053
2647.259118	2516.285935	trials	BSD015	p104	585	2647.259118	2647.451784	2647.882783	2647.890116	2648.053282	2648.371781	2650.131607	left	0.0	1	-20.0	24	left	right	5163.545053
2650.456772	2513.088281	trials	BSD015	p104	586	2650.456772	2650.568272	2651.13027	2651.137436	2651.691767	2651.691767	2651.691767	left	0.0	2	-19.0	24	left	left	5163.545053
2652.157432	2511.387621	trials	BSD015	p104	587	2652.157432	2652.297598	2652.842429	2652.849763	2653.300594	2653.300594	2653.300594	left	0.0	3	-18.0	24	left	left	5163.545053
2653.862092	2509.682961	trials	BSD015	p104	588	2653.862092	2653.970758	2654.628089	2654.628089	2654.713922	2655.562419	2655.562419	right	0.0	4	-17.0	24	left	right	5163.545053
2655.909251	2507.635802	trials	BSD015	p104	589	2655.909251	2656.021417	2656.825747	2656.831247	2656.93808	2664.626382	2664.626382	left	1.0	5	-16.0	24	left	left	5163.545053
2665.538212	2498.006841	trials	BSD015	p104	590	2665.538212	2665.633212	2666.184709	2666.190209	2666.311042	2667.138872	2667.138872	left	1.0	6	-15.0	24	left	left	5163.545053
2667.623537	2495.921516	trials	BSD015	p104	591	2667.623537	2667.645704	2668.028535	2668.035702	2668.111035	2668.393034	2669.809195	left	0.0	7	-14.0	24	left	left	5163.545053
2670.20386	2493.3411929999997	trials	BSD015	p104	592	2670.20386	2670.427859	2670.784858	2670.790191	2670.901357	2672.78435	2672.78435	left	1.0	8	-13.0	24	left	left	5163.545053
2673.336514	2490.2085389999997	trials	BSD015	p104	593	2673.336514	2673.52168	2673.879012	2673.886345	2673.907345	2674.625009	2674.625009	left	0.0	9	-12.0	24	left	left	5163.545053
2674.970841	2488.574212	trials	BSD015	p104	594	2674.970841	2675.178173	2675.592005	2675.599172	2675.686171	2675.990337	2675.990337	left	0.0	10	-11.0	24	left	left	5163.545053
2676.563835	2486.981218	trials	BSD015	p104	595	2676.563835	2676.606334	2677.198832	2677.198832	2677.296165	2677.650164	2679.256324	right	0.0	11	-10.0	24	left	left	5163.545053
2680.033821	2483.511232	trials	BSD015	p104	596	2680.033821	2680.21732	2680.92165	2680.92165	2680.936817	2681.855647	2681.855647	right	0.0	12	-9.0	24	left	right	5163.545053
2682.282145	2481.2629079999997	trials	BSD015	p104	597	2682.282145	2682.422644	2682.987309	2682.992809	2688.370787	2688.370787	2688.370787	left	1.0	13	-8.0	24	left	left	5163.545053
2689.632616	2473.912437	trials	BSD015	p104	598	2689.632616	2689.739615	2690.209947	2690.215447	2690.259113	2692.538937	2692.538937	left	1.0	14	-7.0	24	left	left	5163.545053
2693.096435	2470.448618	trials	BSD015	p104	599	2693.096435	2693.156935	2693.5051	2693.512433	2693.5816	2693.872265	2693.872265	left	0.0	15	-6.0	24	left	left	5163.545053
2694.303764	2469.241289	trials	BSD015	p104	600	2694.303764	2694.395263	2694.902595	2694.908095	2694.922594	2697.120086	2697.120086	left	1.0	16	-5.0	24	left	left	5163.545053
2697.657584	2465.887469	trials	BSD015	p104	601	2697.657584	2697.727083	2698.120915	2698.128248	2698.212081	2698.722246	2698.722246	left	0.0	17	-4.0	24	left	left	5163.545053
2699.120911	2464.424142	trials	BSD015	p104	602	2699.120911	2699.37341	2699.802075	2699.807408	2699.946074	2701.929733	2701.929733	left	1.0	18	-3.0	24	left	left	5163.545053
2702.414231	2461.1308219999996	trials	BSD015	p104	603	2702.414231	2702.509397	2702.983062	2702.988562	2702.998896	2704.354223	2704.354223	left	1.0	19	-2.0	24	left	left	5163.545053
2704.872555	2458.672498	trials	BSD015	p104	604	2704.872555	2705.08422	2705.456719	2705.462219	2705.601218	2706.81188	2708.076875	left	1.0	20	-1.0	24	left	left	5163.545053
2708.454374	2455.090679	trials	BSD015	p104	605	2708.454374	2708.683706	2709.152371	2709.152371	2709.217871	2709.591202	2709.591202	left	0.0	0	0.0	25	right	left	5163.545053
2710.589532	2452.955521	trials	BSD015	p104	606	2710.589532	2710.672365	2711.279529	2711.286696	2711.560695	2711.560695	2711.560695	right	0.0	1	-33.0	25	right	right	5163.545053
2711.982026	2451.5630269999997	trials	BSD015	p104	607	2711.982026	2712.129192	2712.665357	2712.665357	2712.974522	2713.170021	2929.40099	left	0.0	2	-32.0	25	right	right	5163.545053
2930.887317	2232.6577359999997	trials	BSD015	p104	608	2930.887317	2931.009817	2931.738314	2931.738314	2931.831314	2932.309645	2932.309645	left	0.0	3	-31.0	25	right	left	5163.545053
2933.236141	2230.308912	trials	BSD015	p104	609	2933.236141	2933.363974	2934.647469	2934.652802	2934.682469	2941.653441	2941.653441	right	1.0	4	-30.0	25	right	right	5163.545053
2942.105272	2221.439781	trials	BSD015	p104	610	2942.105272	2942.166939	2942.947269	2942.952769	2943.063935	2944.967594	2944.967594	right	1.0	5	-29.0	25	right	right	5163.545053
2945.410593	2218.1344599999998	trials	BSD015	p104	611	2945.410593	2946.13709	2946.658088	2946.663421	2946.803087	2953.394727	2953.394727	right	1.0	6	-28.0	25	right	right	5163.545053
2954.286557	2209.258496	trials	BSD015	p104	612	2954.286557	2954.919888	2955.556719	2955.564052	2956.290049	2956.290049	2956.290049	right	0.0	7	-27.0	25	right	right	5163.545053
2956.754047	2206.791006	trials	BSD015	p104	613	2956.754047	2957.061046	2957.623877	2957.631044	2958.252874	2958.252874	2958.252874	right	0.0	8	-26.0	25	right	right	5163.545053
2958.642873	2204.90218	trials	BSD015	p104	614	2958.642873	2958.972538	2959.505536	2959.511036	2959.573536	2968.406834	2968.406834	right	1.0	9	-25.0	25	right	right	5163.545053
2968.834665	2194.710388	trials	BSD015	p104	615	2968.834665	2969.265497	2969.772828	2969.777995	2972.356318	2972.356318	2972.356318	right	1.0	10	-24.0	25	right	right	5163.545053
2972.864649	2190.6804039999997	trials	BSD015	p104	616	2972.864649	2973.231315	2973.678813	2973.684313	2973.855479	2976.615968	2976.615968	right	1.0	11	-23.0	25	right	right	5163.545053
2978.111795	2185.433258	trials	BSD015	p104	617	2978.111795	2978.203628	2978.899959	2978.905459	2979.035791	2980.741785	2980.741785	right	1.0	12	-22.0	25	right	right	5163.545053
2981.169616	2182.3754369999997	trials	BSD015	p104	618	2981.169616	2981.593614	2982.076113	2982.081613	2984.305937	2984.305937	2984.305937	right	1.0	13	-21.0	25	right	right	5163.545053
2984.808268	2178.7367849999996	trials	BSD015	p104	619	2984.808268	2985.372433	2985.882764	2985.888097	2986.032263	2987.360758	2987.360758	right	1.0	14	-20.0	25	right	right	5163.545053
2987.78709	2175.757963	trials	BSD015	p104	620	2987.78709	2988.829419	2989.29625	2989.301584	2994.27323	2994.27323	2994.27323	right	1.0	15	-19.0	25	right	right	5163.545053
2994.892061	2168.652992	trials	BSD015	p104	621	2994.892061	2995.157727	2995.663892	2995.671225	2995.782724	2996.502388	2996.502388	right	0.0	16	-18.0	25	right	right	5163.545053
2996.906053	2166.6389999999997	trials	BSD015	p104	622	2996.906053	2997.377051	2997.850383	2997.857549	2998.043049	2998.953878	2998.953878	right	0.0	17	-17.0	25	right	right	5163.545053
2999.37121	2164.173843	trials	BSD015	p104	623	2999.37121	2999.949208	3001.09887	3001.104203	3001.278202	3002.890196	3002.890196	right	1.0	18	-16.0	25	right	right	5163.545053
3003.344027	2160.2010259999997	trials	BSD015	p104	624	3003.344027	3003.470694	3004.193191	3004.193191	3004.622189	3004.946521	3004.946521	left	0.0	19	-15.0	25	right	left	5163.545053
3005.771018	2157.774035	trials	BSD015	p104	625	3005.771018	3005.934517	3006.627014	3006.627014	3006.698847	3007.59901	3007.59901	left	0.0	20	-14.0	25	right	left	5163.545053
3007.995676	2155.549377	trials	BSD015	p104	626	3007.995676	3008.305341	3008.868172	3008.873672	3008.890005	3010.209833	3010.209833	right	1.0	21	-13.0	25	right	right	5163.545053
3010.599332	2152.945721	trials	BSD015	p104	627	3010.599332	3010.727331	3011.318829	3011.318829	3011.338995	3013.022822	3013.022822	left	0.0	22	-12.0	25	right	left	5163.545053
3013.57582	2149.969233	trials	BSD015	p104	628	3013.57582	3013.663653	3014.019818	3014.019818	3014.130651	3014.549483	3014.549483	left	0.0	23	-11.0	25	right	left	5163.545053
3014.931648	2148.6134049999996	trials	BSD015	p104	629	3014.931648	3015.18548	3015.604145	3015.604145	3015.853644	3015.853644	3015.853644	left	0.0	24	-10.0	25	right	left	5163.545053
3016.356142	2147.1889109999997	trials	BSD015	p104	630	3016.356142	3016.401309	3017.161306	3017.168639	3017.205305	3018.266968	3018.266968	right	0.0	25	-9.0	25	right	right	5163.545053
3018.627466	2144.917587	trials	BSD015	p104	631	3018.627466	3018.768299	3019.37813	3019.37813	3019.764962	3019.764962	3019.764962	left	0.0	26	-8.0	25	right	left	5163.545053
3020.33096	2143.214093	trials	BSD015	p104	632	3020.33096	3020.442459	3021.080457	3021.08579	3021.284956	3024.31711	3024.31711	right	1.0	27	-7.0	25	right	right	5163.545053
3024.798275	2138.7467779999997	trials	BSD015	p104	633	3024.798275	3024.994941	3025.495439	3025.500939	3025.675605	3028.294594	3028.294594	right	1.0	28	-6.0	25	right	right	5163.545053
3029.090758	2134.454295	trials	BSD015	p104	634	3029.090758	3029.202091	3030.108087	3030.113587	3032.517411	3032.732577	3032.732577	right	1.0	29	-5.0	25	right	right	5163.545053
3033.445574	2130.099479	trials	BSD015	p104	635	3033.445574	3033.879239	3034.512403	3034.517903	3038.101722	3040.614712	3040.614712	right	1.0	30	-4.0	25	right	right	5163.545053
3041.187043	2122.35801	trials	BSD015	p104	636	3041.187043	3041.232543	3041.662208	3041.667707	3044.028531	3044.028531	3044.028531	right	1.0	31	-3.0	25	right	right	5163.545053
3044.625529	2118.919524	trials	BSD015	p104	637	3044.625529	3044.961028	3045.405859	3045.411193	3045.723691	3048.097182	3048.097182	right	1.0	32	-2.0	25	right	right	5163.545053
3048.883012	2114.662041	trials	BSD015	p104	638	3048.883012	3048.940178	3049.396843	3049.402343	3051.484002	3051.484002	3051.484002	right	1.0	33	-1.0	25	right	right	5163.545053
3052.015833	2111.52922	trials	BSD015	p104	639	3052.015833	3052.498498	3052.937829	3052.937829	3053.109495	3053.789492	3053.789492	right	0.0	0	0.0	26	left	right	5163.545053
3054.165991	2109.379062	trials	BSD015	p104	640	3054.165991	3054.210324	3054.930488	3054.930488	3055.158154	3055.682485	3055.682485	right	0.0	1	-59.0	26	left	right	5163.545053
3056.067317	2107.477736	trials	BSD015	p104	641	3056.067317	3056.648148	3057.141812	3057.141812	3057.311145	3058.049309	3058.049309	right	0.0	2	-58.0	26	left	right	5163.545053
3058.418307	2105.126746	trials	BSD015	p104	642	3058.418307	3058.475307	3059.143304	3059.148804	3059.201471	3060.238133	3060.238133	left	1.0	3	-57.0	26	left	left	5163.545053
3060.796298	2102.7487549999996	trials	BSD015	p104	643	3060.796298	3060.867964	3061.293462	3061.300796	3061.373629	3061.710294	3063.736286	left	0.0	4	-56.0	26	left	left	5163.545053
3064.180951	2099.364102	trials	BSD015	p104	644	3064.180951	3064.341783	3064.994948	3064.994948	3065.066114	3065.677611	3065.677611	right	0.0	5	-55.0	26	left	right	5163.545053
3066.253609	2097.291444	trials	BSD015	p104	645	3066.253609	3066.376109	3066.97544	3066.982773	3067.217772	3067.217772	3067.217772	left	0.0	6	-54.0	26	left	left	5163.545053
3067.833103	2095.71195	trials	BSD015	p104	646	3067.833103	3067.936602	3068.765099	3068.765099	3068.929432	3069.705262	3069.705262	right	0.0	7	-53.0	26	left	right	5163.545053
3070.20926	2093.3357929999997	trials	BSD015	p104	647	3070.20926	3070.326426	3070.903257	3070.910591	3070.937424	3071.546421	3071.546421	left	0.0	8	-52.0	26	left	left	5163.545053
3072.078086	2091.466967	trials	BSD015	p104	648	3072.078086	3072.202752	3072.78425	3072.78425	3072.80375	3073.449414	3073.449414	right	0.0	9	-51.0	26	left	right	5163.545053
3075.828904	2087.716149	trials	BSD015	p104	649	3075.828904	3076.425902	3076.954066	3076.954066	3077.143732	3078.359394	3078.359394	right	0.0	10	-50.0	26	left	right	5163.545053
3079.097891	2084.447162	trials	BSD015	p104	650	3079.097891	3079.142724	3079.553723	3079.553723	3080.089387	3080.089387	3080.089387	right	0.0	11	-49.0	26	left	right	5163.545053
3080.526385	2083.0186679999997	trials	BSD015	p104	651	3080.526385	3080.632552	3081.326549	3081.333882	3081.398049	3081.94938	3081.94938	left	0.0	12	-48.0	26	left	left	5163.545053
3082.451378	2081.0936749999996	trials	BSD015	p104	652	3082.451378	3082.543544	3083.146875	3083.146875	3083.285041	3084.237537	3084.237537	right	0.0	13	-47.0	26	left	right	5163.545053
3084.647202	2078.8978509999997	trials	BSD015	p104	653	3084.647202	3084.993034	3085.416699	3085.416699	3086.035197	3086.035197	3086.035197	right	0.0	14	-46.0	26	left	right	5163.545053
3086.958193	2076.58686	trials	BSD015	p104	654	3086.958193	3087.146526	3087.73569	3087.74119	3087.822356	3091.982673	3091.982673	left	1.0	15	-45.0	26	left	left	5163.545053
3092.395338	2071.149715	trials	BSD015	p104	655	3092.395338	3092.529837	3093.010169	3093.015669	3093.194501	3094.629662	3094.629662	left	1.0	16	-44.0	26	left	left	5163.545053
3095.292826	2068.252227	trials	BSD015	p104	656	3095.292826	3095.395659	3095.747491	3095.752824	3095.870991	3099.31431	3099.31431	left	1.0	17	-43.0	26	left	left	5163.545053
3099.722309	2063.8227439999996	trials	BSD015	p104	657	3099.722309	3099.915474	3100.352973	3100.358473	3100.416139	3102.230632	3102.230632	left	1.0	18	-42.0	26	left	left	5163.545053
3102.74563	2060.799423	trials	BSD015	p104	658	3102.74563	3102.984962	3103.432794	3103.438127	3103.49096	3105.404286	3105.404286	left	1.0	19	-41.0	26	left	left	5163.545053
3105.904617	2057.6404359999997	trials	BSD015	p104	659	3105.904617	3106.004617	3106.343115	3106.350282	3106.376449	3106.729447	3106.729447	left	0.0	20	-40.0	26	left	left	5163.545053
3107.264945	2056.280108	trials	BSD015	p104	660	3107.264945	3107.389111	3107.815776	3107.821276	3107.958442	3109.30227	3109.30227	left	1.0	21	-39.0	26	left	left	5163.545053
3111.766927	2051.7781259999997	trials	BSD015	p104	661	3111.766927	3111.862427	3112.310592	3112.316092	3112.436591	3114.020751	3114.020751	left	1.0	22	-38.0	26	left	left	5163.545053
3114.496416	2049.048637	trials	BSD015	p104	662	3114.496416	3114.618249	3115.001747	3115.009081	3115.029581	3115.259246	3115.259246	left	0.0	23	-37.0	26	left	left	5163.545053
3116.169743	2047.37531	trials	BSD015	p104	663	3116.169743	3116.356242	3116.956906	3116.956906	3116.97574	3117.331905	3117.331905	right	0.0	24	-36.0	26	left	right	5163.545053
3117.798236	2045.7468169999997	trials	BSD015	p104	664	3117.798236	3117.904736	3118.4369	3118.444234	3118.717733	3118.717733	3132.114846	left	0.0	25	-35.0	26	left	left	5163.545053
3132.616344	2030.9287089999998	trials	BSD015	p104	665	3132.616344	3132.745343	3133.582173	3133.582173	3133.692506	3134.540669	3134.540669	right	0.0	26	-34.0	26	left	right	5163.545053
3134.943834	2028.6012189999997	trials	BSD015	p104	666	3134.943834	3135.049334	3135.741831	3135.747331	3135.757164	3136.660828	3136.660828	left	1.0	27	-33.0	26	left	left	5163.545053
3137.097659	2026.4473939999998	trials	BSD015	p104	667	3137.097659	3137.277158	3137.76049	3137.767656	3137.82099	3138.125488	3138.125488	left	0.0	28	-32.0	26	left	left	5163.545053
3138.539987	2025.0050659999997	trials	BSD015	p104	668	3138.539987	3138.622486	3139.268317	3139.268317	3139.289484	3140.225813	3140.225813	right	0.0	29	-31.0	26	left	right	5163.545053
3140.559145	2022.9859079999997	trials	BSD015	p104	669	3140.559145	3140.92981	3141.357309	3141.357309	3141.609808	3142.313805	3142.313805	right	0.0	30	-30.0	26	left	right	5163.545053
3142.65397	2020.891083	trials	BSD015	p104	670	3142.65397	3142.765136	3143.331968	3143.337467	3143.4608	3144.395297	3144.395297	left	1.0	31	-29.0	26	left	left	5163.545053
3144.810795	2018.734258	trials	BSD015	p104	671	3144.810795	3144.887461	3145.522792	3145.530125	3145.626292	3145.915957	3145.915957	left	0.0	32	-28.0	26	left	left	5163.545053
3146.407955	2017.1370979999997	trials	BSD015	p104	672	3146.407955	3146.531955	3147.129119	3147.129119	3147.141952	3147.623784	3147.623784	right	0.0	33	-27.0	26	left	right	5163.545053
3147.991949	2015.5531039999996	trials	BSD015	p104	673	3147.991949	3148.098282	3148.784279	3148.791446	3149.463276	3149.463276	3149.463276	left	0.0	34	-26.0	26	left	left	5163.545053
3149.970774	2013.574279	trials	BSD015	p104	674	3149.970774	3150.096274	3150.689438	3150.689438	3150.704605	3151.725267	3151.725267	right	0.0	35	-25.0	26	left	right	5163.545053
3152.097432	2011.4476209999998	trials	BSD015	p104	675	3152.097432	3152.674597	3153.052929	3153.052929	3153.192261	3153.706259	3153.706259	right	0.0	36	-24.0	26	left	right	5163.545053
3154.096258	2009.4487949999998	trials	BSD015	p104	676	3154.096258	3154.213091	3154.880755	3154.888088	3154.961754	3155.426752	3155.426752	left	0.0	37	-23.0	26	left	left	5163.545053
3155.852084	2007.6929689999997	trials	BSD015	p104	677	3155.852084	3155.94325	3156.556915	3156.556915	3156.566581	3157.352745	3157.352745	right	0.0	38	-22.0	26	left	right	5163.545053
3157.739243	2005.8058099999998	trials	BSD015	p104	678	3157.739243	3157.907576	3158.379574	3158.385074	3158.476907	3159.733735	3159.733735	left	1.0	39	-21.0	26	left	left	5163.545053
3160.2179	2003.3271529999997	trials	BSD015	p104	679	3160.2179	3160.347899	3160.804398	3160.811731	3161.07023	3161.308562	3161.308562	left	0.0	40	-20.0	26	left	left	5163.545053
3161.713894	2001.8311589999998	trials	BSD015	p104	680	3161.713894	3161.935893	3162.587557	3162.587557	3162.603557	3164.058385	3164.058385	right	0.0	41	-19.0	26	left	right	5163.545053
3164.448216	1999.096837	trials	BSD015	p104	681	3164.448216	3165.195213	3165.602045	3165.602045	3165.738878	3166.520708	3166.520708	right	0.0	42	-18.0	26	left	right	5163.545053
3166.928206	1996.6168469999998	trials	BSD015	p104	682	3166.928206	3167.445704	3167.876536	3167.876536	3168.018369	3168.779866	3168.779866	right	0.0	43	-17.0	26	left	right	5163.545053
3169.151364	1994.393689	trials	BSD015	p104	683	3169.151364	3169.481363	3170.032027	3170.037527	3170.151527	3173.994512	3173.994512	left	1.0	44	-16.0	26	left	left	5163.545053
3174.386177	1989.158876	trials	BSD015	p104	684	3174.386177	3174.477843	3174.915174	3174.920508	3177.008166	3177.008166	3177.008166	left	1.0	45	-15.0	26	left	left	5163.545053
3177.440831	1986.104222	trials	BSD015	p104	685	3177.440831	3177.564331	3177.899329	3177.904829	3177.935496	3179.824988	3179.824988	left	1.0	46	-14.0	26	left	left	5163.545053
3180.263153	1983.2819	trials	BSD015	p104	686	3180.263153	3180.436819	3180.808151	3180.815484	3180.826651	3181.13965	3182.548144	left	0.0	47	-13.0	26	left	left	5163.545053
3182.954976	1980.5900769999998	trials	BSD015	p104	687	3182.954976	3183.115975	3183.513307	3183.51864	3183.631973	3184.698469	3184.698469	left	1.0	48	-12.0	26	left	left	5163.545053
3185.122134	1978.4229189999996	trials	BSD015	p104	688	3185.122134	3185.250466	3185.613632	3185.619132	3185.646465	3187.144292	3187.144292	left	1.0	49	-11.0	26	left	left	5163.545053
3187.64179	1975.9032629999997	trials	BSD015	p104	689	3187.64179	3187.798456	3188.154788	3188.160288	3188.192121	3190.25178	3190.25178	left	1.0	50	-10.0	26	left	left	5163.545053
3190.727445	1972.8176079999998	trials	BSD015	p104	690	3190.727445	3190.795778	3191.167109	3191.172443	3191.241276	3195.453926	3195.453926	left	1.0	51	-9.0	26	left	left	5163.545053
3195.908757	1967.6362959999997	trials	BSD015	p104	691	3195.908757	3195.949757	3196.406922	3196.412422	3196.511588	3198.224248	3198.224248	left	1.0	52	-8.0	26	left	left	5163.545053
3198.696246	1964.8488069999999	trials	BSD015	p104	692	3198.696246	3198.803246	3199.250744	3199.258077	3199.388577	3199.388577	3201.578068	left	0.0	53	-7.0	26	left	left	5163.545053
3201.981233	1961.5638199999999	trials	BSD015	p104	693	3201.981233	3202.194065	3202.660397	3202.667563	3202.956396	3202.956396	3202.956396	left	0.0	54	-6.0	26	left	left	5163.545053
3203.854392	1959.6906609999996	trials	BSD015	p104	694	3203.854392	3205.095387	3205.634218	3205.639552	3205.664718	3206.245383	3206.245383	left	1.0	55	-5.0	26	left	left	5163.545053
3210.377033	1953.1680199999996	trials	BSD015	p104	695	3210.377033	3210.679531	3211.701694	3211.701694	3212.037359	3212.037359	3212.037359	right	0.0	56	-4.0	26	left	right	5163.545053
3213.802352	1949.7427009999997	trials	BSD015	p104	696	3213.802352	3213.822686	3214.539349	3214.544849	3214.635349	3217.450004	3217.450004	left	1.0	57	-3.0	26	left	left	5163.545053
3218.009502	1945.535551	trials	BSD015	p104	697	3218.009502	3218.120835	3218.4895	3218.495	3218.538333	3222.865649	3222.865649	left	1.0	58	-2.0	26	left	left	5163.545053
3223.535647	1940.0094059999997	trials	BSD015	p104	698	3223.535647	3223.575147	3223.973312	3223.978812	3223.991478	3225.817304	3228.848292	left	1.0	59	-1.0	26	left	left	5163.545053
3229.313124	1934.231929	trials	BSD015	p104	699	3229.313124	3229.410957	3229.768455	3229.768455	3229.837788	3230.24212	3230.24212	left	0.0	0	0.0	27	right	left	5163.545053
3230.696285	1932.8487679999998	trials	BSD015	p104	700	3230.696285	3230.790284	3231.138783	3231.138783	3231.214949	3231.622948	3233.349441	left	0.0	1	-19.0	27	right	left	5163.545053
3233.810272	1929.7347809999997	trials	BSD015	p104	701	3233.810272	3234.025938	3234.396103	3234.396103	3234.718935	3234.718935	3234.718935	left	0.0	2	-18.0	27	right	left	5163.545053
3235.721098	1927.8239549999998	trials	BSD015	p104	702	3235.721098	3235.844264	3236.247096	3236.247096	3236.328096	3236.969426	3236.969426	left	0.0	3	-17.0	27	right	left	5163.545053
3237.703757	1925.8412959999996	trials	BSD015	p104	703	3237.703757	3237.76359		3242.763736				nan		4	-16.0	27	right	nan	5163.545053
3262.346825	1901.1982279999997	trials	BSD015	p104	704	3262.346825	3262.470991	3263.003155	3263.003155	3263.066155	3263.332821	3263.332821	left	0.0	5	-15.0	27	right	left	5163.545053
3263.891819	1899.6532339999999	trials	BSD015	p104	705	3263.891819	3264.009318	3265.115814	3265.121314	3265.268813	3278.364427	3278.364427	right	1.0	6	-14.0	27	right	right	5163.545053
3278.867592	1884.6774609999998	trials	BSD015	p104	706	3278.867592	3278.968092	3279.533923	3279.539423	3279.859421	3282.982242	3282.982242	right	1.0	7	-13.0	27	right	right	5163.545053
3283.656906	1879.8881469999997	trials	BSD015	p104	707	3283.656906	3283.718239	3284.291737	3284.29707	3284.307237	3289.790048	3289.790048	right	1.0	8	-12.0	27	right	right	5163.545053
3290.874211	1872.670842	trials	BSD015	p104	708	3290.874211	3290.901044	3291.562541	3291.569875	3291.670374	3292.987369	3292.987369	right	0.0	9	-11.0	27	right	right	5163.545053
3293.428867	1870.1161859999997	trials	BSD015	p104	709	3293.428867	3293.511367	3294.102364	3294.109698	3294.241531	3294.983861	3294.983861	right	0.0	10	-10.0	27	right	right	5163.545053
3295.384026	1868.1610269999996	trials	BSD015	p104	710	3295.384026	3295.652525	3296.104023	3296.109523	3296.250689	3298.164681	3298.164681	right	1.0	11	-9.0	27	right	right	5163.545053
3298.734346	1864.8107069999996	trials	BSD015	p104	711	3298.734346	3298.819679	3299.439676	3299.44701	3299.786842	3299.786842	3301.657501	right	0.0	12	-8.0	27	right	right	5163.545053
3302.138332	1861.4067209999998	trials	BSD015	p104	712	3302.138332	3302.297665	3302.881996	3302.887329	3303.040995	3307.208645	3307.208645	right	1.0	13	-7.0	27	right	right	5163.545053
3307.64681	1855.8982429999996	trials	BSD015	p104	713	3307.64681	3307.907809	3308.670306	3308.670306	3308.729639	3309.099971	3309.099971	left	0.0	14	-6.0	27	right	left	5163.545053
3310.258633	1853.28642	trials	BSD015	p104	714	3310.258633	3310.339799	3311.03013	3311.03563	3311.108296	3313.111288	3313.111288	right	1.0	15	-5.0	27	right	right	5163.545053
3313.555953	1849.9890999999998	trials	BSD015	p104	715	3313.555953	3313.858619	3314.31895	3314.324284	3314.47595	3315.689111	3315.689111	right	1.0	16	-4.0	27	right	right	5163.545053
3316.11011	1847.4349429999997	trials	BSD015	p104	716	3316.11011	3316.341275	3316.770107	3316.775607	3316.886273	3320.783591	3320.783591	right	1.0	17	-3.0	27	right	right	5163.545053
3321.342422	1842.2026309999997	trials	BSD015	p104	717	3321.342422	3321.580088	3321.983086	3321.98842	3323.842912	3323.842912	3323.842912	right	1.0	18	-2.0	27	right	right	5163.545053
3324.350743	1839.1943099999999	trials	BSD015	p104	718	3324.350743	3324.482743	3324.984908	3324.990408	3325.11274	3326.398569	3326.398569	right	1.0	19	-1.0	27	right	right	5163.545053
3326.8474	1836.6976529999997	trials	BSD015	p104	719	3326.8474	3327.227232	3327.66323	3327.66323	3327.926062	3328.745393	3328.745393	right	0.0	0	0.0	28	left	right	5163.545053
3329.210557	1834.334496	trials	BSD015	p104	720	3329.210557	3330.066387	3330.579052	3330.579052	3330.828884	3331.174049	3331.174049	right	0.0	1	-22.0	28	left	right	5163.545053
3332.063713	1831.4813399999998	trials	BSD015	p104	721	3332.063713	3332.134879	3332.79821	3332.803543	3332.890543	3335.538199	3337.407525	left	1.0	2	-21.0	28	left	left	5163.545053
3337.818856	1825.726197	trials	BSD015	p104	722	3337.818856	3337.860023	3338.287521	3338.293021	3338.328854	3342.449838	3342.449838	left	1.0	3	-20.0	28	left	left	5163.545053
3342.882003	1820.6630499999997	trials	BSD015	p104	723	3342.882003	3342.958002	3343.324668	3343.330168	3343.390334	3348.55998	3348.55998	left	1.0	4	-19.0	28	left	left	5163.545053
3349.730975	1813.8140779999999	trials	BSD015	p104	724	3349.730975	3349.786475	3350.20564	3350.21114	3350.331806	3355.498452	3355.498452	left	1.0	5	-18.0	28	left	left	5163.545053
3355.97045	1807.574603	trials	BSD015	p104	725	3355.97045	3356.074283	3356.466282	3356.471782	3356.519281	3357.469444	3357.469444	left	1.0	6	-17.0	28	left	left	5163.545053
3357.925276	1805.6197769999999	trials	BSD015	p104	726	3357.925276	3357.979776	3358.337607	3358.343107	3358.390107	3359.678269	3359.678269	left	1.0	7	-16.0	28	left	left	5163.545053
3360.215933	1803.3291199999999	trials	BSD015	p104	727	3360.215933	3360.314766	3360.674931	3360.680265	3360.737265	3361.572095	3361.572095	left	1.0	8	-15.0	28	left	left	5163.545053
3361.99426	1801.5507929999999	trials	BSD015	p104	728	3361.99426	3362.059593	3362.425091	3362.430591	3362.485924	3364.565249	3364.565249	left	1.0	9	-14.0	28	left	left	5163.545053
3365.29758	1798.247473	trials	BSD015	p104	729	3365.29758	3365.361413	3365.734411	3365.741745	3365.817411	3367.020906	3367.020906	left	0.0	10	-13.0	28	left	left	5163.545053
3367.454404	1796.0906489999998	trials	BSD015	p104	730	3367.454404	3367.629737	3368.024902	3368.032235	3368.086402	3368.891232	3368.891232	left	0.0	11	-12.0	28	left	left	5163.545053
3369.27073	1794.2743229999996	trials	BSD015	p104	731	3369.27073	3369.34173	3369.747728	3369.755062	3369.875561	3370.637558	3370.637558	left	0.0	12	-11.0	28	left	left	5163.545053
3371.06339	1792.481663	trials	BSD015	p104	732	3371.06339	3371.310556	3371.726887	3371.732387	3371.815887	3375.92587	3375.92587	left	1.0	13	-10.0	28	left	left	5163.545053
3376.545535	1786.9995179999996	trials	BSD015	p104	733	3376.545535	3376.606034	3377.049866	3377.057199	3377.136366	3377.564031	3377.564031	left	0.0	14	-9.0	28	left	left	5163.545053
3378.025195	1785.5198579999997	trials	BSD015	p104	734	3378.025195	3378.174361	3378.589026	3378.59636	3378.688693	3378.961358	3381.511848	left	0.0	15	-8.0	28	left	right	5163.545053
3381.90768	1781.637373	trials	BSD015	p104	735	3381.90768	3382.190512	3382.610844	3382.610844	3382.780343	3383.374841	3383.374841	right	0.0	16	-7.0	28	left	right	5163.545053
3383.854339	1779.6907139999998	trials	BSD015	p104	736	3383.854339	3383.931505	3384.546836	3384.552336	3384.574169	3391.446308	3391.446308	left	1.0	17	-6.0	28	left	left	5163.545053
3391.868473	1771.6765799999998	trials	BSD015	p104	737	3391.868473	3392.052806	3392.428638	3392.434138	3392.463638	3397.661617	3397.661617	left	1.0	18	-5.0	28	left	left	5163.545053
3398.385281	1765.159772	trials	BSD015	p104	738	3398.385281	3398.480447	3398.919612	3398.926945	3398.964612	3400.91877	3400.91877	left	0.0	19	-4.0	28	left	left	5163.545053
3401.360935	1762.1841179999997	trials	BSD015	p104	739	3401.360935	3401.525101	3401.9416	3401.946933	3401.9796	3404.163924	3404.163924	left	1.0	20	-3.0	28	left	left	5163.545053
3404.657756	1758.8872969999998	trials	BSD015	p104	740	3404.657756	3404.811422	3405.21342	3405.218753	3405.25542	3407.186912	3407.186912	left	1.0	21	-2.0	28	left	left	5163.545053
3407.65941	1755.8856429999996	trials	BSD015	p104	741	3407.65941	3407.792076	3408.173075	3408.178575	3408.190908	3410.061234	3410.061234	left	1.0	22	-1.0	28	left	left	5163.545053
3410.538232	1753.006821	trials	BSD015	p104	742	3410.538232	3410.666898	3411.296229	3411.296229	3411.83756	3412.559891	3412.559891	left	0.0	0	0.0	29	right	left	5163.545053
3412.949056	1750.595997	trials	BSD015	p104	743	3412.949056	3413.155055	3413.53972	3413.53972	3413.670053	3414.27005	3414.27005	left	0.0	1	-27.0	29	right	left	5163.545053
3414.701382	1748.8436709999996	trials	BSD015	p104	744	3414.701382	3414.801548	3415.235547	3415.235547	3415.301713	3416.060043	3416.060043	left	0.0	2	-26.0	29	right	left	5163.545053
3416.502708	1747.0423449999998	trials	BSD015	p104	745	3416.502708	3416.843873	3417.333705	3417.333705	3417.418371	3417.946869	3417.946869	left	0.0	3	-25.0	29	right	left	5163.545053
3418.672699	1744.8723539999996	trials	BSD015	p104	746	3418.672699	3418.781699	3419.456863	3419.462363	3419.492696	3420.217693	3420.217693	right	1.0	4	-24.0	29	right	right	5163.545053
3420.692691	1742.8523619999996	trials	BSD015	p104	747	3420.692691	3420.807358	3421.530688	3421.530688	3422.123019	3422.373018	3422.373018	left	0.0	5	-23.0	29	right	left	5163.545053
3422.857516	1740.6875369999998	trials	BSD015	p104	748	3422.857516	3422.982516	3423.381347	3423.381347	3423.474014	3423.806846	3423.806846	left	0.0	6	-22.0	29	right	left	5163.545053
3424.276677	1739.268376	trials	BSD015	p104	749	3424.276677	3424.393677	3425.204507	3425.20984	3425.299173	3427.067666	3427.067666	right	1.0	7	-21.0	29	right	right	5163.545053
3427.506831	1736.0382219999997	trials	BSD015	p104	750	3427.506831	3427.69733	3428.242161	3428.242161	3428.294828	3428.914825	3428.914825	left	0.0	8	-20.0	29	right	left	5163.545053
3429.331323	1734.21373	trials	BSD015	p104	751	3429.331323	3429.450656	3429.853655	3429.853655	3429.992821	3430.13032	3433.791472	left	0.0	9	-19.0	29	right	right	5163.545053
3434.166971	1729.3780819999997	trials	BSD015	p104	752	3434.166971	3434.213804	3434.889301	3434.894801	3435.044467	3441.668941	3441.668941	right	1.0	10	-18.0	29	right	right	5163.545053
3442.66777	1720.8772829999998	trials	BSD015	p104	753	3442.66777	3442.734103	3443.258934	3443.266101	3443.314268	3445.442092	3445.442092	right	0.0	11	-17.0	29	right	right	5163.545053
3445.871091	1717.6739619999998	trials	BSD015	p104	754	3445.871091	3446.073757	3446.682587	3446.687921	3446.877087	3449.479576	3449.479576	right	1.0	12	-16.0	29	right	right	5163.545053
3450.013574	1713.5314789999998	trials	BSD015	p104	755	3450.013574	3450.067074	3450.549405	3450.554739	3454.550223	3454.550223	3454.550223	right	1.0	13	-15.0	29	right	right	5163.545053
3455.15272	1708.3923329999998	trials	BSD015	p104	756	3455.15272	3455.306886	3455.824718	3455.832051	3455.94205	3456.81588	3456.81588	right	0.0	14	-14.0	29	right	right	5163.545053
3457.269212	1706.2758409999997	trials	BSD015	p104	757	3457.269212	3457.588544	3458.065542	3458.071042	3460.564199	3460.564199	3460.564199	right	1.0	15	-13.0	29	right	right	5163.545053
3461.234863	1702.3101899999997	trials	BSD015	p104	758	3461.234863	3461.304362	3461.727194	3461.732694	3461.875693	3465.284513	3465.284513	right	1.0	16	-12.0	29	right	right	5163.545053
3465.847844	1697.697209	trials	BSD015	p104	759	3465.847844	3466.175009	3466.706341	3466.711841	3466.798674	3468.858999	3468.858999	right	1.0	17	-11.0	29	right	right	5163.545053
3469.410163	1694.1348899999998	trials	BSD015	p104	760	3469.410163	3469.773995	3470.234327	3470.239827	3470.446492	3473.933978	3473.933978	right	1.0	18	-10.0	29	right	right	5163.545053
3474.581809	1688.963244	trials	BSD015	p104	761	3474.581809	3475.091974	3475.576639	3475.581972	3478.805459	3478.805459	3478.805459	right	1.0	19	-9.0	29	right	right	5163.545053
3479.401623	1684.1434299999996	trials	BSD015	p104	762	3479.401623	3479.686955	3480.09562	3480.10112	3480.20612	3482.054613	3482.054613	right	1.0	20	-8.0	29	right	right	5163.545053
3482.74661	1680.7984429999997	trials	BSD015	p104	763	3482.74661	3482.77361	3483.223608	3483.230775	3483.691606	3483.691606	3483.691606	right	0.0	21	-7.0	29	right	right	5163.545053
3484.087271	1679.457782	trials	BSD015	p104	764	3484.087271	3484.161604	3484.670435	3484.675935	3484.832268	3487.961589	3487.961589	right	1.0	22	-6.0	29	right	right	5163.545053
3488.496753	1675.0483	trials	BSD015	p104	765	3488.496753	3488.689086	3489.137251	3489.142751	3489.302917	3492.106906	3492.106906	right	1.0	23	-5.0	29	right	right	5163.545053
3492.698903	1670.8461499999999	trials	BSD015	p104	766	3492.698903	3492.826403	3493.351567	3493.356901	3495.705225	3495.705225	3495.705225	right	1.0	24	-4.0	29	right	right	5163.545053
3496.240556	1667.3044969999996	trials	BSD015	p104	767	3496.240556	3496.684054	3497.117052	3497.124386	3497.804383	3497.804383	3497.804383	right	0.0	25	-3.0	29	right	right	5163.545053
3498.237548	1665.3075049999998	trials	BSD015	p104	768	3498.237548	3498.390047	3498.873379	3498.878879	3499.018378	3502.756863	3502.756863	right	1.0	26	-2.0	29	right	right	5163.545053
3503.56736	1659.9776929999998	trials	BSD015	p104	769	3503.56736	3503.675359	3504.134358	3504.139858	3506.191016	3506.191016	3506.191016	right	1.0	27	-1.0	29	right	right	5163.545053
3506.708847	1656.836206	trials	BSD015	p104	770	3506.708847	3507.110346	3507.578677	3507.578677	3507.697177	3508.409007	3508.409007	right	0.0	0	0.0	30	left	right	5163.545053
3508.851339	1654.693714	trials	BSD015	p104	771	3508.851339	3509.182337	3509.640002	3509.640002	3509.785668	3510.373999	3510.373999	right	0.0	1	-34.0	30	left	right	5163.545053
3510.819164	1652.7258889999998	trials	BSD015	p104	772	3510.819164	3510.889331	3511.656161	3511.661661	3511.775327	3517.530637	3517.530637	left	1.0	2	-33.0	30	left	left	5163.545053
3517.975302	1645.569751	trials	BSD015	p104	773	3517.975302	3518.067635	3518.5088	3518.5143	3518.680799	3519.639462	3519.639462	left	1.0	3	-32.0	30	left	left	5163.545053
3520.182627	1643.3624259999997	trials	BSD015	p104	774	3520.182627	3520.232627	3520.614792	3520.620125	3523.128282	3528.410594	3528.410594	left	1.0	4	-31.0	30	left	left	5163.545053
3528.942592	1634.602461	trials	BSD015	p104	775	3528.942592	3529.044758	3530.064587	3530.064587	3530.09942	3530.540752	3530.540752	right	0.0	5	-30.0	30	left	right	5163.545053
3531.10975	1632.4353029999997	trials	BSD015	p104	776	3531.10975	3531.268582	3531.855413	3531.860913	3538.719553	3541.341209	3541.341209	left	1.0	6	-29.0	30	left	left	5163.545053
3541.767874	1621.7771789999997	trials	BSD015	p104	777	3541.767874	3541.84154	3542.424704	3542.430204	3545.971357	3548.595846	3548.595846	left	1.0	7	-28.0	30	left	left	5163.545053
3549.038678	1614.506375	trials	BSD015	p104	778	3549.038678	3549.116844	3549.533009	3549.540343	3549.621676	3550.012674	3550.012674	left	0.0	8	-27.0	30	left	left	5163.545053
3550.404339	1613.1407139999997	trials	BSD015	p104	779	3550.404339	3550.590838	3550.992837	3550.99817	3551.107836	3553.148495	3553.148495	left	1.0	9	-26.0	30	left	left	5163.545053
3553.668826	1609.8762269999997	trials	BSD015	p104	780	3553.668826	3553.808492	3554.34249	3554.34799	3554.508489	3555.356319	3555.356319	left	1.0	10	-25.0	30	left	left	5163.545053
3555.744485	1607.8005679999997	trials	BSD015	p104	781	3555.744485	3555.882484	3556.254482	3556.261649	3556.299982	3556.876813	3556.876813	left	0.0	11	-24.0	30	left	left	5163.545053
3557.371478	1606.1735749999998	trials	BSD015	p104	782	3557.371478	3557.61581	3558.027475	3558.032809	3560.678798	3560.678798	3560.678798	left	1.0	12	-23.0	30	left	left	5163.545053
3561.234463	1602.31059	trials	BSD015	p104	783	3561.234463	3561.393629	3561.830793	3561.836293	3561.872127	3564.963448	3564.963448	left	1.0	13	-22.0	30	left	left	5163.545053
3565.578279	1597.966774	trials	BSD015	p104	784	3565.578279	3565.673278	3566.111943	3566.117443	3566.255609	3569.047598	3569.047598	left	1.0	14	-21.0	30	left	left	5163.545053
3569.652429	1593.8926239999996	trials	BSD015	p104	785	3569.652429	3569.823428	3570.20826	3570.213593	3570.334593	3572.951082	3572.951082	left	1.0	15	-20.0	30	left	left	5163.545053
3574.128244	1589.4168089999998	trials	BSD015	p104	786	3574.128244	3574.452243	3574.851408	3574.856908	3574.885908	3576.370235	3576.370235	left	1.0	16	-19.0	30	left	left	5163.545053
3576.9324	1586.6126529999997	trials	BSD015	p104	787	3576.9324	3577.135732	3577.597397	3577.602897	3577.715897	3578.808059	3578.808059	left	1.0	17	-18.0	30	left	left	5163.545053
3579.327724	1584.2173289999996	trials	BSD015	p104	788	3579.327724	3579.446723	3579.935888	3579.941221	3580.627052	3580.627052	3580.627052	left	1.0	18	-17.0	30	left	left	5163.545053
3581.111883	1582.4331699999998	trials	BSD015	p104	789	3581.111883	3581.301216	3581.711214	3581.716547	3581.758047	3584.012538	3584.012538	left	1.0	19	-16.0	30	left	left	5163.545053
3584.527536	1579.0175169999998	trials	BSD015	p104	790	3584.527536	3584.657036	3585.022867	3585.030201	3585.075367	3585.433366	3585.433366	left	0.0	20	-15.0	30	left	left	5163.545053
3585.969197	1577.575856	trials	BSD015	p104	791	3585.969197	3586.249862	3586.647361	3586.652861	3586.683861	3588.125522	3588.125522	left	1.0	21	-14.0	30	left	left	5163.545053
3588.63952	1574.9055329999997	trials	BSD015	p104	792	3588.63952	3588.694519	3589.420683	3589.420683	3589.585516	3590.018181	3590.018181	right	0.0	22	-13.0	30	left	right	5163.545053
3590.381513	1573.16354	trials	BSD015	p104	793	3590.381513	3590.512512	3591.05301	3591.060343	3591.11951	3591.405009	3591.405009	left	0.0	23	-12.0	30	left	left	5163.545053
3591.950673	1571.59438	trials	BSD015	p104	794	3591.950673	3592.016173	3592.72017	3592.72017	3592.82717	3593.340167	3593.340167	right	0.0	24	-11.0	30	left	right	5163.545053
3593.790332	1569.7547209999998	trials	BSD015	p104	795	3593.790332	3593.884832	3594.38533	3594.38533	3594.527829	3594.986994	3594.986994	right	0.0	25	-10.0	30	left	right	5163.545053
3595.368993	1568.1760599999998	trials	BSD015	p104	796	3595.368993	3595.430659	3596.161823	3596.168989	3596.363155	3596.363155	3598.640813	left	0.0	26	-9.0	30	left	right	5163.545053
3599.049978	1564.4950749999998	trials	BSD015	p104	797	3599.049978	3599.187811	3599.780642	3599.786142	3599.828142	3600.916637	3600.916637	left	1.0	27	-8.0	30	left	left	5163.545053
3601.470635	1562.0744179999997	trials	BSD015	p104	798	3601.470635	3601.615301	3602.070799	3602.076299	3602.167799	3604.211457	3604.211457	left	1.0	28	-7.0	30	left	left	5163.545053
3604.799288	1558.7457649999997	trials	BSD015	p104	799	3604.799288	3604.843788	3605.27362	3605.280953	3605.550119	3605.550119	3605.550119	left	0.0	29	-6.0	30	left	left	5163.545053
3606.358115	1557.1869379999998	trials	BSD015	p104	800	3606.358115	3606.559115	3607.164779	3607.170112	3607.179279	3608.271108	3608.271108	left	1.0	30	-5.0	30	left	left	5163.545053
3610.0896	1553.455453	trials	BSD015	p104	801	3610.0896	3610.274433	3610.780098	3610.785431	3610.890431	3611.310262	3611.310262	left	1.0	31	-4.0	30	left	left	5163.545053
3612.702923	1550.84213	trials	BSD015	p104	802	3612.702923	3612.72309	3613.522087	3613.522087	3613.62792	3614.260084	3614.260084	right	0.0	32	-3.0	30	left	right	5163.545053
3614.667749	1548.8773039999996	trials	BSD015	p104	803	3614.667749	3614.767915	3615.361413	3615.366913	3615.410579	3616.657241	3616.657241	left	1.0	33	-2.0	30	left	left	5163.545053
3617.249738	1546.2953149999998	trials	BSD015	p104	804	3617.249738	3617.320738	3617.775903	3617.781236	3622.971549	3624.330043	3624.330043	left	1.0	34	-1.0	30	left	left	5163.545053
3624.774375	1538.7706779999999	trials	BSD015	p104	805	3624.774375	3624.827542	3625.231373	3625.231373	3625.339206	3626.102536	3627.660197	left	0.0	0	0.0	31	right	left	5163.545053
3628.084695	1535.4603579999998	trials	BSD015	p104	806	3628.084695	3628.145862	3628.612693	3628.612693	3628.898692	3628.898692	3630.133687	left	0.0	1	-17.0	31	right	left	5163.545053
3630.634018	1532.9110349999996	trials	BSD015	p104	807	3630.634018	3630.783184	3631.685347	3631.685347	3631.827847	3632.197012	3634.240504	left	0.0	2	-16.0	31	right	right	5163.545053
3634.752168	1528.7928849999998	trials	BSD015	p104	808	3634.752168	3634.821835	3635.473166	3635.473166	3635.678165	3635.856331	3635.856331	left	0.0	3	-15.0	31	right	left	5163.545053
3636.441495	1527.1035579999998	trials	BSD015	p104	809	3636.441495	3636.501495	3637.152992	3637.158492	3637.187325	3640.217813	3640.217813	right	1.0	4	-14.0	31	right	right	5163.545053
3640.805644	1522.7394089999998	trials	BSD015	p104	810	3640.805644	3640.858811	3641.398809	3641.404309	3642.585804	3644.35063	3644.35063	right	1.0	5	-13.0	31	right	right	5163.545053
3644.781295	1518.763758	trials	BSD015	p104	811	3644.781295	3644.820628	3645.501292	3645.506792	3645.662625	3646.573955	3646.573955	right	1.0	6	-12.0	31	right	right	5163.545053
3647.119119	1516.4259339999999	trials	BSD015	p104	812	3647.119119	3647.211119	3647.62545	3647.632784	3648.368447	3650.17894	3650.17894	right	0.0	7	-11.0	31	right	right	5163.545053
3650.561439	1512.9836139999998	trials	BSD015	p104	813	3650.561439	3650.824438	3651.263102	3651.268436	3652.481264	3652.481264	3652.481264	right	1.0	8	-10.0	31	right	right	5163.545053
3653.085928	1510.4591249999999	trials	BSD015	p104	814	3653.085928	3653.197095	3653.607926	3653.61526	3654.130258	3654.130258	3654.130258	right	0.0	9	-9.0	31	right	right	5163.545053
3654.499923	1509.04513	trials	BSD015	p104	815	3654.499923	3654.742755	3655.422419	3655.422419	3655.466752	3655.793418	3655.793418	left	0.0	10	-8.0	31	right	left	5163.545053
3656.578081	1506.9669719999997	trials	BSD015	p104	816	3656.578081	3656.667914	3657.313078	3657.318412	3657.459078	3658.344407	3658.344407	right	1.0	11	-7.0	31	right	right	5163.545053
3658.728573	1504.81648	trials	BSD015	p104	817	3658.728573	3659.016571	3659.40357	3659.410903	3660.246067	3660.246067	3660.246067	right	0.0	12	-6.0	31	right	right	5163.545053
3660.602398	1502.9426549999998	trials	BSD015	p104	818	3660.602398	3661.354062	3661.80006	3661.80556	3661.96506	3665.382879	3665.382879	right	1.0	13	-5.0	31	right	right	5163.545053
3665.838211	1497.706842	trials	BSD015	p104	819	3665.838211	3666.263042	3666.826707	3666.83204	3667.58937	3667.77037	3667.77037	right	1.0	14	-4.0	31	right	right	5163.545053
3668.147035	1495.3980179999999	trials	BSD015	p104	820	3668.147035	3668.218868	3668.859365	3668.864865	3669.026198	3669.942361	3669.942361	right	1.0	15	-3.0	31	right	right	5163.545053
3670.336193	1493.2088599999997	trials	BSD015	p104	821	3670.336193	3670.878191	3671.317522	3671.322856	3679.767155	3679.818322	3679.818322	right	1.0	16	-2.0	31	right	right	5163.545053
3680.517652	1483.0274009999998	trials	BSD015	p104	822	3680.517652	3680.874817	3681.353649	3681.358982	3684.153971	3684.153971	3684.153971	right	1.0	17	-1.0	31	right	right	5163.545053
3684.695635	1478.8494179999998	trials	BSD015	p104	823	3684.695635	3684.866635	3685.409133	3685.409133	3686.635294	3688.489954	3688.489954	right	0.0	0	0.0	32	left	right	5163.545053
3688.887285	1474.657768	trials	BSD015	p104	824	3688.887285	3688.938285	3689.423616	3689.423616	3689.923614	3689.923614	3689.923614	right	0.0	1	-12.0	32	left	right	5163.545053
3690.313113	1473.2319399999997	trials	BSD015	p104	825	3690.313113	3690.440112	3691.021277	3691.021277	3691.396109	3691.396109	3691.396109	right	0.0	2	-11.0	32	left	right	5163.545053
3691.792107	1471.7529459999996	trials	BSD015	p104	826	3691.792107	3691.881607	3692.529271	3692.534771	3692.588437	3696.90092	3696.90092	left	1.0	3	-10.0	32	left	left	5163.545053
3697.964582	1465.5804709999998	trials	BSD015	p104	827	3697.964582	3698.055749	3698.42458	3698.43008	3702.292065	3702.292065	3702.292065	left	1.0	4	-9.0	32	left	left	5163.545053
3702.816896	1460.728157	trials	BSD015	p104	828	3702.816896	3702.872563	3703.367561	3703.372894	3703.50306	3704.382057	3704.382057	left	1.0	5	-8.0	32	left	left	5163.545053
3704.912221	1458.6328319999998	trials	BSD015	p104	829	3704.912221	3704.947721	3705.320886	3705.326386	3705.370219	3712.847856	3712.847856	left	1.0	6	-7.0	32	left	left	5163.545053
3713.48302	1450.0620329999997	trials	BSD015	p104	830	3713.48302	3713.567353	3714.280517	3714.28585	3714.41235	3716.476675	3716.476675	left	1.0	7	-6.0	32	left	left	5163.545053
3717.497337	1446.047716	trials	BSD015	p104	831	3717.497337	3717.662504	3718.076335	3718.081668	3718.165168	3718.916832	3718.916832	left	1.0	8	-5.0	32	left	left	5163.545053
3719.380663	1444.16439	trials	BSD015	p104	832	3719.380663	3719.43383	3719.974661	3719.980161	3720.137994	3722.267318	3722.267318	left	1.0	9	-4.0	32	left	left	5163.545053
3722.817816	1440.7272369999996	trials	BSD015	p104	833	3722.817816	3722.930316	3723.347481	3723.354814	3723.447147	3723.774646	3723.774646	left	0.0	10	-3.0	32	left	left	5163.545053
3724.780142	1438.7649109999998	trials	BSD015	p104	834	3724.780142	3726.12947	3726.846133	3726.846133	3727.205132	3727.205132	3727.205132	right	0.0	11	-2.0	32	left	right	5163.545053
3727.649797	1435.8952559999998	trials	BSD015	p104	835	3727.649797	3727.745963	3728.347627	3728.352961	3728.355794	3729.33279	3729.33279	left	1.0	12	-1.0	32	left	left	5163.545053
3730.832617	1432.7124359999998	trials	BSD015	p104	836	3730.832617	3730.953117	3731.721447	3731.726781	3731.79878	3732.576111	3732.576111	right	1.0	0	0.0	33	right	right	5163.545053
3733.007275	1430.537778	trials	BSD015	p104	837	3733.007275	3733.157775	3733.784606	3733.784606	3733.840939	3734.152104	3734.152104	left	0.0	1	-27.0	33	right	left	5163.545053
3734.584269	1428.9607839999999	trials	BSD015	p104	838	3734.584269	3734.946434	3735.854431	3735.859764	3735.92993	3745.929057	3745.929057	right	1.0	2	-26.0	33	right	right	5163.545053
3746.379889	1417.165164	trials	BSD015	p104	839	3746.379889	3746.431222	3747.281552	3747.281552	3747.339551	3748.498047	3748.498047	left	0.0	3	-25.0	33	right	left	5163.545053
3749.124878	1414.4201749999997	trials	BSD015	p104	840	3749.124878	3749.472376	3749.942041	3749.942041	3749.988541	3750.566205	3750.566205	left	0.0	4	-24.0	33	right	left	5163.545053
3750.98637	1412.5586829999997	trials	BSD015	p104	841	3750.98637	3751.017703	3751.831867	3751.837367	3751.978366	3752.76553	3752.76553	right	1.0	5	-23.0	33	right	right	5163.545053
3753.185528	1410.3595249999998	trials	BSD015	p104	842	3753.185528	3753.299861	3753.923525	3753.923525	3753.944525	3754.678189	3754.678189	left	0.0	6	-22.0	33	right	left	5163.545053
3755.087854	1408.457199	trials	BSD015	p104	843	3755.087854	3755.234853	3755.838351	3755.843684	3755.857351	3757.953176	3757.953176	right	1.0	7	-21.0	33	right	right	5163.545053
3758.850339	1404.6947139999997	trials	BSD015	p104	844	3758.850339	3758.934005	3759.360003	3759.365503	3759.500169	3760.274833	3760.274833	right	1.0	8	-20.0	33	right	right	5163.545053
3760.729998	1402.815055	trials	BSD015	p104	845	3760.729998	3760.927164	3761.566328	3761.566328	3761.628161	3762.494824	3762.494824	left	0.0	9	-19.0	33	right	left	5163.545053
3762.972822	1400.5722309999996	trials	BSD015	p104	846	3762.972822	3763.193488	3763.789986	3763.797319	3763.962985	3767.567637	3767.567637	right	0.0	10	-18.0	33	right	right	5163.545053
3769.354297	1394.190756	trials	BSD015	p104	847	3769.354297	3769.762462	3770.23346	3770.23896	3770.378126	3772.239119	3772.239119	right	1.0	11	-17.0	33	right	right	5163.545053
3772.722283	1390.8227699999998	trials	BSD015	p104	848	3772.722283	3772.808116	3773.729113	3773.734613	3773.855945	3774.827275	3774.827275	right	1.0	12	-16.0	33	right	right	5163.545053
3775.269606	1388.275447	trials	BSD015	p104	849	3775.269606	3775.772438	3776.243103	3776.248602	3776.408269	3779.558423	3779.558423	right	1.0	13	-15.0	33	right	right	5163.545053
3780.11242	1383.432633	trials	BSD015	p104	850	3780.11242	3780.326586	3780.773418	3780.780751	3781.011917	3781.703914	3781.703914	right	0.0	14	-14.0	33	right	right	5163.545053
3782.133079	1381.4119739999996	trials	BSD015	p104	851	3782.133079	3782.394745	3782.80941	3782.814743	3782.982076	3784.115071	3784.115071	right	1.0	15	-13.0	33	right	right	5163.545053
3784.650069	1378.894984	trials	BSD015	p104	852	3784.650069	3785.347066	3785.805064	3785.810564	3785.95023	3786.355895	3786.355895	right	1.0	16	-12.0	33	right	right	5163.545053
3786.89256	1376.652493	trials	BSD015	p104	853	3786.89256	3787.025559	3787.686723	3787.686723	3787.729223	3788.295554	3788.295554	left	0.0	17	-11.0	33	right	left	5163.545053
3788.886219	1374.6588339999998	trials	BSD015	p104	854	3788.886219	3788.981552	3789.696882	3789.702215	3789.839715	3790.502712	3790.502712	right	1.0	18	-10.0	33	right	right	5163.545053
3790.962377	1372.582676	trials	BSD015	p104	855	3790.962377	3791.290542	3791.701541	3791.708707	3792.103372	3793.079368	3793.079368	right	0.0	19	-9.0	33	right	right	5163.545053
3793.504367	1370.0406859999998	trials	BSD015	p104	856	3793.504367	3793.832865	3794.641529	3794.641529	3795.051194	3795.051194	3797.780016	left	0.0	20	-8.0	33	right	right	5163.545053
3798.211181	1365.3338719999997	trials	BSD015	p104	857	3798.211181	3802.151999		3803.363494				nan		21	-7.0	33	right	nan	5163.545053
3806.676314	1356.868739	trials	BSD015	p104	858	3806.676314	3807.145646	3808.240308	3808.245808	3808.402307	3809.348137	3809.348137	right	1.0	22	-6.0	33	right	right	5163.545053
3809.764968	1353.7800849999999	trials	BSD015	p104	859	3809.764968	3810.505465	3811.476962	3811.476962	3811.756627	3811.756627	3823.526247	left	0.0	23	-5.0	33	right	right	5163.545053
3824.854241	1338.6908119999998	trials	BSD015	p104	860	3824.854241	3825.297406	3825.850237	3825.857404	3826.619234	3826.619234	3826.619234	right	0.0	24	-4.0	33	right	right	5163.545053
3827.088066	1336.456987	trials	BSD015	p104	861	3827.088066	3827.229232	3827.627564	3827.633064	3827.76473	3832.027213	3832.027213	right	1.0	25	-3.0	33	right	right	5163.545053
3832.68571	1330.8593429999996	trials	BSD015	p104	862	3832.68571	3833.074875	3833.611373	3833.616873	3836.098196	3836.098196	3836.098196	right	1.0	26	-2.0	33	right	right	5163.545053
3836.746027	1326.7990259999997	trials	BSD015	p104	863	3836.746027	3837.211025	3837.621524	3837.626857	3837.808356	3842.310505	3842.310505	right	1.0	27	-1.0	33	right	right	5163.545053
3842.727337	1320.817716	trials	BSD015	p104	864	3842.727337	3842.885169	3843.325668	3843.325668	3844.174664	3844.174664	3844.174664	right	0.0	0	0.0	34	left	right	5163.545053
3844.660829	1318.884224	trials	BSD015	p104	865	3844.660829	3845.053994	3845.527492	3845.527492	3845.674825	3846.171323	3846.171323	right	0.0	1	-17.0	34	left	right	5163.545053
3846.689987	1316.8550659999996	trials	BSD015	p104	866	3846.689987	3846.75932	3847.460318	3847.465818	3847.491818	3851.558801	3851.558801	left	1.0	2	-16.0	34	left	left	5163.545053
3852.012799	1311.5322539999997	trials	BSD015	p104	867	3852.012799	3852.050966	3853.094295	3853.094295	3853.180628	3853.180628	4254.24919	right	0.0	3	-15.0	34	left	left	5163.545053
4292.150706	871.3943469999995	trials	BSD015	p104	868	4292.150706	4292.341871	4293.360534	4293.367867	4293.461034	4294.312864	4294.312864	left	0.0	4	-14.0	34	left	left	5163.545053
4295.365526	868.1795270000002	trials	BSD015	p104	869	4295.365526	4295.504525	4296.694521	4296.694521	4297.063853	4297.063853	4297.063853	right	0.0	5	-13.0	34	left	right	5163.545053
4298.373347	865.1717060000001	trials	BSD015	p104	870	4298.373347	4298.401514	4299.697842	4299.703342	4299.819675	4304.897655	4304.897655	left	1.0	6	-12.0	34	left	left	5163.545053
4306.097983	857.4470700000002	trials	BSD015	p104	871	4306.097983	4306.189149	4306.889647	4306.895147	4306.92848	4313.699953	4313.699953	left	1.0	7	-11.0	34	left	left	5163.545053
4314.301117	849.2439359999998	trials	BSD015	p104	872	4314.301117	4314.497449	4315.680111	4315.680111	4315.824611	4317.220272	4317.220272	right	0.0	8	-10.0	34	left	right	5163.545053
4317.71327	845.8317829999996	trials	BSD015	p104	873	4317.71327	4317.795603	4319.996761	4320.002261	4320.11526	4322.213419	4322.213419	left	1.0	9	-9.0	34	left	left	5163.545053
4327.763896	835.7811569999994	trials	BSD015	p104	874	4327.763896	4327.907063	4328.830225	4328.830225	4329.020225	4329.252057	4329.252057	right	0.0	10	-8.0	34	left	right	5163.545053
4330.029721	833.515332	trials	BSD015	p104	875	4330.029721	4330.197053	4330.838051	4330.843384	4330.902217	4333.577373	4333.577373	left	1.0	11	-7.0	34	left	left	5163.545053
4334.37937	829.1656830000002	trials	BSD015	p104	876	4334.37937	4334.452036	4334.967034	4334.972368	4334.985034	4337.412358	4337.412358	left	1.0	12	-6.0	34	left	left	5163.545053
4338.320688	825.224365	trials	BSD015	p104	877	4338.320688	4338.357354	4339.074351	4339.079684	4339.092684	4340.536679	4340.536679	left	1.0	13	-5.0	34	left	left	5163.545053
4342.093506	821.4515469999997	trials	BSD015	p104	878	4342.093506	4342.218339	4342.711337	4342.71867	4342.76567	4343.424334	4343.424334	left	0.0	14	-4.0	34	left	left	5163.545053
4344.331997	819.2130559999996	trials	BSD015	p104	879	4344.331997	4344.597996	4345.058661	4345.064161	4345.180993	4351.319802	4351.319802	left	1.0	15	-3.0	34	left	left	5163.545053
4351.878633	811.6664199999996	trials	BSD015	p104	880	4351.878633	4351.904133	4352.827463	4352.827463	4352.892129	4353.263961	4353.263961	right	0.0	16	-2.0	34	left	right	5163.545053
4355.14862	808.3964329999999	trials	BSD015	p104	881	4355.14862	4355.273786	4356.335949	4356.341282	4358.708939	4358.708939	4358.708939	left	1.0	17	-1.0	34	left	left	5163.545053
4359.652269	803.8927839999997	trials	BSD015	p104	882	4359.652269	4359.910268	4360.397433	4360.397433	4360.903597	4360.903597	4360.903597	left	0.0	0	0.0	35	right	left	5163.545053
4361.699094	801.8459590000002	trials	BSD015	p104	883	4361.699094	4361.88076	4362.407758	4362.407758	4362.909923	4367.047906	4367.047906	left	0.0	1	-43.0	35	right	left	5163.545053
4367.66157	795.8834829999996	trials	BSD015	p104	884	4367.66157	4367.730237	4368.263068	4368.263068	4368.326068	4369.457896	4369.457896	left	0.0	2	-42.0	35	right	left	5163.545053
4370.014061	793.530992	trials	BSD015	p104	885	4370.014061	4370.24356	4370.906391	4370.906391	4370.927224	4371.650888	4371.650888	left	0.0	3	-41.0	35	right	left	5163.545053
4372.208552	791.3365009999998	trials	BSD015	p104	886	4372.208552	4373.006549	4374.036045	4374.043378	4374.151544	4374.726375	4374.726375	right	0.0	4	-40.0	35	right	right	5163.545053
4375.590872	787.9541810000001	trials	BSD015	p104	887	4375.590872	4375.742205	4376.618201	4376.618201	4376.8687	4376.8687	4376.8687	left	0.0	5	-39.0	35	right	left	5163.545053
4377.586864	785.958189	trials	BSD015	p104	888	4377.586864	4377.706197	4378.457527	4378.46286	4378.626693	4379.430356	4379.430356	right	1.0	6	-38.0	35	right	right	5163.545053
4379.867521	783.6775319999997	trials	BSD015	p104	889	4379.867521	4380.26852	4380.834684	4380.840017	4380.973017	4383.079842	4383.079842	right	1.0	7	-37.0	35	right	right	5163.545053
4383.824839	779.7202139999999	trials	BSD015	p104	890	4383.824839	4383.900505	4384.518669	4384.524169	4384.685169	4387.483158	4387.483158	right	1.0	8	-36.0	35	right	right	5163.545053
4388.155155	775.3898979999994	trials	BSD015	p104	891	4388.155155	4388.297321	4388.765819	4388.771152	4390.202647	4390.407479	4390.407479	right	1.0	9	-35.0	35	right	right	5163.545053
4390.956644	772.588409	trials	BSD015	p104	892	4390.956644	4391.09831	4391.655308	4391.662474	4391.75514	4392.764636	4392.764636	right	0.0	10	-34.0	35	right	right	5163.545053
4393.204635	770.3404179999998	trials	BSD015	p104	893	4393.204635	4393.345801	4393.897799	4393.903299	4394.171964	4395.678458	4395.678458	right	1.0	11	-33.0	35	right	right	5163.545053
4396.268789	767.2762640000001	trials	BSD015	p104	894	4396.268789	4396.404455	4396.863787	4396.869287	4397.017953	4398.968278	4398.968278	right	1.0	12	-32.0	35	right	right	5163.545053
4399.541943	764.0031099999997	trials	BSD015	p104	895	4399.541943	4399.629109	4400.287106	4400.294273	4400.648938	4401.488102	4401.488102	right	0.0	13	-31.0	35	right	right	5163.545053
4402.127932	761.4171209999995	trials	BSD015	p104	896	4402.127932	4402.351098	4402.952096	4402.957596	4403.161761	4404.533756	4404.533756	right	1.0	14	-30.0	35	right	right	5163.545053
4405.003921	758.5411319999994	trials	BSD015	p104	897	4405.003921	4405.448252	4405.934917	4405.940417	4406.140583	4408.721239	4408.721239	right	1.0	15	-29.0	35	right	right	5163.545053
4409.310904	754.2341489999999	trials	BSD015	p104	898	4409.310904	4409.523403	4410.1119	4410.119067	4410.506565	4411.530561	4411.530561	right	0.0	16	-28.0	35	right	right	5163.545053
4411.957393	751.5876600000001	trials	BSD015	p104	899	4411.957393	4412.503057	4412.964056	4412.969389	4414.963381	4414.963381	4414.963381	right	1.0	17	-27.0	35	right	right	5163.545053
4415.533879	748.0111740000002	trials	BSD015	p104	900	4415.533879	4415.794044	4416.339709	4416.347042	4416.788874	4417.156206	4417.156206	right	0.0	18	-26.0	35	right	right	5163.545053
4417.699537	745.8455159999994	trials	BSD015	p104	901	4417.699537	4417.828036	4418.6472	4418.6472	4418.670699	4419.970694	4419.970694	left	0.0	19	-25.0	35	right	left	5163.545053
4420.754524	742.7905289999999	trials	BSD015	p104	902	4420.754524	4420.787358	4421.295022	4421.295022	4421.591521	4421.591521	4423.888679	left	0.0	20	-24.0	35	right	right	5163.545053
4424.847008	738.6980450000001	trials	BSD015	p104	903	4424.847008	4425.031674	4426.044837	4426.044837	4426.470502	4426.470502	4426.470502	left	0.0	21	-23.0	35	right	left	5163.545053
4427.137166	736.4078869999994	trials	BSD015	p104	904	4427.137166	4427.249998	4427.822996	4427.822996	4427.923496	4428.082328	4428.082328	left	0.0	22	-22.0	35	right	left	5163.545053
4428.720493	734.82456	trials	BSD015	p104	905	4428.720493	4428.831659	4429.627822	4429.635156	4429.822988	4430.354986	4430.354986	right	0.0	23	-21.0	35	right	right	5163.545053
4430.945317	732.5997360000001	trials	BSD015	p104	906	4430.945317	4431.045817	4431.913313	4431.913313	4431.999646	4431.999646	4431.999646	left	0.0	24	-20.0	35	right	left	5163.545053
4432.77881	730.766243	trials	BSD015	p104	907	4432.77881	4433.045975	4433.544307	4433.544307	4433.568973	4433.568973	4436.091796	left	0.0	25	-19.0	35	right	right	5163.545053
4436.607628	726.9374250000001	trials	BSD015	p104	908	4436.607628	4437.295125	4437.898789	4437.898789	4438.096455	4438.691119	4441.136276	left	0.0	26	-18.0	35	right	right	5163.545053
4441.649274	721.8957789999995	trials	BSD015	p104	909	4441.649274	4441.777774	4442.62077	4442.62077	4442.683937	4443.5531	4443.5531	left	0.0	27	-17.0	35	right	left	5163.545053
4444.042598	719.5024549999998	trials	BSD015	p104	910	4444.042598	4444.459096	4444.888095	4444.888095	4444.949261	4445.394926	4445.394926	left	0.0	28	-16.0	35	right	left	5163.545053
4445.920257	717.6247960000001	trials	BSD015	p104	911	4445.920257	4445.970924	4446.85992	4446.86542	4446.885253	4449.050911	4449.050911	right	1.0	29	-15.0	35	right	right	5163.545053
4449.604242	713.9408109999995	trials	BSD015	p104	912	4449.604242	4450.205407	4451.06457	4451.06457	4451.185569	4451.185569	4454.109224	left	0.0	30	-14.0	35	right	right	5163.545053
4454.671722	708.8733309999998	trials	BSD015	p104	913	4454.671722	4454.901888	4455.434719	4455.440219	4455.601885	4457.056879	4457.056879	right	1.0	31	-13.0	35	right	right	5163.545053
4457.526377	706.0186759999997	trials	BSD015	p104	914	4457.526377	4457.850376	4458.343874	4458.349207	4458.561373	4459.35637	4459.35637	right	1.0	32	-12.0	35	right	right	5163.545053
4459.836868	703.7081849999995	trials	BSD015	p104	915	4459.836868	4459.862701	4460.471699	4460.477199	4460.699698	4463.910852	4463.910852	right	1.0	33	-11.0	35	right	right	5163.545053
4464.519849	699.0252039999996	trials	BSD015	p104	916	4464.519849	4464.656849	4465.246846	4465.25418	4465.535345	4466.390842	4466.390842	right	0.0	34	-10.0	35	right	right	5163.545053
4466.865173	696.6798799999997	trials	BSD015	p104	917	4466.865173	4467.167172	4467.69567	4467.701003	4468.460334	4468.460334	4468.460334	right	1.0	35	-9.0	35	right	right	5163.545053
4468.899832	694.6452209999998	trials	BSD015	p104	918	4468.899832	4469.014165	4469.49083	4469.496329	4472.81315	4472.81315	4472.81315	right	1.0	36	-8.0	35	right	right	5163.545053
4473.482814	690.0622389999999	trials	BSD015	p104	919	4473.482814	4473.840645	4474.33531	4474.342477	4475.342806	4475.342806	4475.342806	right	0.0	37	-7.0	35	right	right	5163.545053
4475.849471	687.6955819999994	trials	BSD015	p104	920	4475.849471	4475.994803	4476.584468	4476.589968	4476.7548	4478.62246	4478.62246	right	1.0	38	-6.0	35	right	right	5163.545053
4479.171124	684.3739289999994	trials	BSD015	p104	921	4479.171124	4479.295457	4479.809955	4479.815455	4482.091112	4482.091112	4482.091112	right	1.0	39	-5.0	35	right	right	5163.545053
4482.77311	680.7719429999997	trials	BSD015	p104	922	4482.77311	4482.904943	4483.46944	4483.47494	4484.515769	4485.112934	4485.112934	right	1.0	40	-4.0	35	right	right	5163.545053
4485.580098	677.9649549999995	trials	BSD015	p104	923	4485.580098	4485.932764	4486.451428	4486.456928	4487.902923	4487.902923	4487.902923	right	1.0	41	-3.0	35	right	right	5163.545053
4488.394087	675.1509660000002	trials	BSD015	p104	924	4488.394087	4488.577253	4489.217917	4489.223417	4489.401917	4489.883415	4489.883415	right	1.0	42	-2.0	35	right	right	5163.545053
4490.30408	673.2409729999999	trials	BSD015	p104	925	4490.30408	4490.479246	4491.07891	4491.08441	4492.221572	4492.221572	4492.221572	right	1.0	43	-1.0	35	right	right	5163.545053
4492.637237	670.9078159999999	trials	BSD015	p104	926	4492.637237	4492.828403	4493.408401	4493.408401	4493.601566	4493.842565	4493.842565	right	0.0	0	0.0	36	left	right	5163.545053
4499.25271	664.2923430000001	trials	BSD015	p104	927	4499.25271	4499.424876	4500.458872	4500.464372	4500.536039	4503.093528	4503.093528	left	1.0	1	-14.0	36	left	left	5163.545053
4504.198857	659.3461959999995	trials	BSD015	p104	928	4504.198857	4504.244024	4504.730855	4504.736355	4504.783188	4506.724514	4506.724514	left	1.0	2	-13.0	36	left	left	5163.545053
4507.488678	656.0563750000001	trials	BSD015	p104	929	4507.488678	4507.629844	4508.006175	4508.011675	4508.125008	4509.147671	4509.147671	left	1.0	3	-12.0	36	left	left	5163.545053
4509.859501	653.6855519999999	trials	BSD015	p104	930	4509.859501	4509.931834	4510.331333	4510.336833	4510.384333	4514.039318	4514.039318	left	1.0	4	-11.0	36	left	left	5163.545053
4514.878481	648.6665720000001	trials	BSD015	p104	931	4514.878481	4514.928314	4515.294646	4515.29998	4515.329479	4517.911969	4517.911969	left	1.0	5	-10.0	36	left	left	5163.545053
4518.719133	644.8259200000002	trials	BSD015	p104	932	4518.719133	4518.983632	4519.397797	4519.403297	4519.45763	4521.035957	4521.035957	left	1.0	6	-9.0	36	left	left	5163.545053
4521.624621	641.9204319999999	trials	BSD015	p104	933	4521.624621	4521.765454	4522.204285	4522.211619	4522.229285	4525.056774	4525.056774	left	0.0	7	-8.0	36	left	left	5163.545053
4525.646772	637.8982809999998	trials	BSD015	p104	934	4525.646772	4525.719605	4526.379602	4526.385102	4526.591101	4528.401094	4528.401094	left	1.0	8	-7.0	36	left	left	5163.545053
4528.967758	634.577295	trials	BSD015	p104	935	4528.967758	4529.133258	4529.569423	4529.574923	4529.588422	4531.579748	4531.579748	left	1.0	9	-6.0	36	left	left	5163.545053
4532.159579	631.3854739999997	trials	BSD015	p104	936	4532.159579	4532.373911	4532.749243	4532.754576	4532.900743	4535.386733	4535.386733	left	1.0	10	-5.0	36	left	left	5163.545053
4535.822731	627.7223219999996	trials	BSD015	p104	937	4535.822731	4535.971564	4536.474895	4536.480395	4536.519061	4538.322721	4538.322721	left	1.0	11	-4.0	36	left	left	5163.545053
4538.879385	624.6656679999996	trials	BSD015	p104	938	4538.879385	4538.967718	4539.698382	4539.703882	4539.723049	4542.004539	4542.004539	left	1.0	12	-3.0	36	left	left	5163.545053
4542.462371	621.0826820000002	trials	BSD015	p104	939	4542.462371	4542.691537	4543.5982	4543.605366	4543.909198	4543.909198	4543.909198	left	0.0	13	-2.0	36	left	left	5163.545053
4544.513363	619.0316899999998	trials	BSD015	p104	940	4544.513363	4544.674862	4545.13086	4545.13636	4546.270856	4546.444355	4546.444355	left	1.0	14	-1.0	36	left	left	5163.545053
4546.99202	616.5530330000001	trials	BSD015	p104	941	4546.99202	4547.265852	4547.684517	4547.684517	4547.809516	4548.211848	4548.211848	left	0.0	0	0.0	37	right	left	5163.545053
4549.103678	614.4413749999994	trials	BSD015	p104	942	4549.103678	4549.138178	4549.645676	4549.645676	4549.849008	4549.849008	4549.849008	left	0.0	1	-20.0	37	right	left	5163.545053
4551.329669	612.2153840000001	trials	BSD015	p104	943	4551.329669	4551.433335	4551.874	4551.874	4551.967	4551.967	4565.555445	left	0.0	2	-19.0	37	right	right	5163.545053
4566.093776	597.4512770000001	trials	BSD015	p104	944	4566.093776	4566.160276	4566.734607	4566.739941	4566.903773	4569.102098	4569.102098	right	1.0	3	-18.0	37	right	right	5163.545053
4569.699095	593.8459579999999	trials	BSD015	p104	945	4569.699095	4569.823095	4570.359759	4570.365259	4572.58025	4572.58025	4575.125574	right	1.0	4	-17.0	37	right	right	5163.545053
4575.700571	587.8444819999995	trials	BSD015	p104	946	4575.700571	4575.776738	4576.302736	4576.308069	4578.597226	4578.597226	4578.597226	right	1.0	5	-16.0	37	right	right	5163.545053
4579.189391	584.3556619999999	trials	BSD015	p104	947	4579.189391	4579.305057	4579.844888	4579.850388	4581.92338	4581.92338	4581.92338	right	1.0	6	-15.0	37	right	right	5163.545053
4582.526544	581.0185089999995	trials	BSD015	p104	948	4582.526544	4582.672877	4583.224375	4583.229875	4585.163867	4585.163867	4585.163867	right	1.0	7	-14.0	37	right	right	5163.545053
4586.224696	577.3203569999996	trials	BSD015	p104	949	4586.224696	4586.394029	4586.86386	4586.86936	4589.842181	4589.900181	4589.900181	right	1.0	8	-13.0	37	right	right	5163.545053
4590.625345	572.9197079999994	trials	BSD015	p104	950	4590.625345	4590.848344	4591.367509	4591.374675	4592.106172	4592.70867	4592.70867	right	0.0	9	-12.0	37	right	right	5163.545053
4593.358001	570.1870520000002	trials	BSD015	p104	951	4593.358001	4593.794166	4594.329997	4594.335497	4596.472488	4596.638321	4596.638321	right	1.0	10	-11.0	37	right	right	5163.545053
4597.183152	566.3619010000002	trials	BSD015	p104	952	4597.183152	4597.316485	4597.82315	4597.828483	4600.144474	4600.144474	4600.144474	right	1.0	11	-10.0	37	right	right	5163.545053
4600.741305	562.8037480000003	trials	BSD015	p104	953	4600.741305	4601.147803	4601.679967	4601.685467	4604.765288	4604.765288	4604.765288	right	1.0	12	-9.0	37	right	right	5163.545053
4605.347953	558.1970999999994	trials	BSD015	p104	954	4605.347953	4605.795951	4606.304449	4606.309782	4609.420103	4609.420103	4609.420103	right	1.0	13	-8.0	37	right	right	5163.545053
4610.003767	553.5412859999997	trials	BSD015	p104	955	4610.003767	4610.0931	4610.658765	4610.664265	4612.433591	4612.57909	4612.57909	right	1.0	14	-7.0	37	right	right	5163.545053
4613.192755	550.3522979999998	trials	BSD015	p104	956	4613.192755	4613.317754	4613.865752	4613.871252	4616.819907	4616.819907	4616.819907	right	1.0	15	-6.0	37	right	right	5163.545053
4617.405071	546.1399819999997	trials	BSD015	p104	957	4617.405071	4617.689737	4618.241568	4618.247068	4620.24756	4620.24756	4620.24756	right	1.0	16	-5.0	37	right	right	5163.545053
4620.762724	542.7823289999997	trials	BSD015	p104	958	4620.762724	4620.93989	4621.503888	4621.509388	4621.636221	4624.209044	4624.209044	right	1.0	17	-4.0	37	right	right	5163.545053
4624.816208	538.7288449999996	trials	BSD015	p104	959	4624.816208	4624.985708	4625.567039	4625.574372	4626.018037	4626.268702	4626.268702	right	0.0	18	-3.0	37	right	right	5163.545053
4627.114866	536.4301869999999	trials	BSD015	p104	960	4627.114866	4627.178199	4627.888529	4627.894029	4628.045362	4629.180024	4629.180024	right	1.0	19	-2.0	37	right	right	5163.545053
4629.668689	533.8763639999997	trials	BSD015	p104	961	4629.668689	4629.859521	4630.374686	4630.380019	4631.194183	4631.460348	4633.136842	right	1.0	20	-1.0	37	right	right	5163.545053
4641.450142	522.0949110000001	trials	BSD015	p104	962	4641.450142	4642.521137	4643.474467	4643.479967	4643.5073	4650.24644	4650.24644	left	1.0	0	0.0	38	left	left	5163.545053
4650.758104	512.7869490000003	trials	BSD015	p104	963	4650.758104	4650.93327	4651.410102	4651.417268	4651.993433	4651.993433	4651.993433	left	0.0	1	-29.0	38	left	left	5163.545053
4652.494264	511.0507889999999	trials	BSD015	p104	964	4652.494264	4652.562097	4653.019262	4653.024762	4653.057262	4662.918056	4662.918056	left	1.0	2	-28.0	38	left	left	5163.545053
4663.58472	499.960333	trials	BSD015	p104	965	4663.58472	4663.644886	4664.106718	4664.112218	4665.940877	4666.179543	4666.179543	left	1.0	3	-27.0	38	left	left	5163.545053
4666.97504	496.57001299999956	trials	BSD015	p104	966	4666.97504	4667.122206	4667.509871	4667.515371	4669.447696	4671.689521	4671.689521	left	1.0	4	-26.0	38	left	left	5163.545053
4672.292685	491.2523679999995	trials	BSD015	p104	967	4672.292685	4672.391351	4672.775516	4672.78085	4672.833516	4675.30584	4675.30584	left	1.0	5	-25.0	38	left	left	5163.545053
4676.044337	487.50071599999956	trials	BSD015	p104	968	4676.044337	4676.110003	4676.551501	4676.556835	4676.688167	4679.032825	4679.032825	left	1.0	6	-24.0	38	left	left	5163.545053
4679.547823	483.99722999999994	trials	BSD015	p104	969	4679.547823	4679.624989	4680.176987	4680.18232	4680.316486	4685.791631	4685.791631	left	1.0	7	-23.0	38	left	left	5163.545053
4686.465628	477.0794249999999	trials	BSD015	p104	970	4686.465628	4686.664794	4687.153959	4687.159292	4688.979452	4688.979452	4688.979452	left	1.0	8	-22.0	38	left	left	5163.545053
4689.550449	473.9946039999995	trials	BSD015	p104	971	4689.550449	4689.910114	4690.525279	4690.532445	4691.350775	4691.507441	4691.507441	left	0.0	9	-21.0	38	left	left	5163.545053
4692.047939	471.4971139999998	trials	BSD015	p104	972	4692.047939	4692.336938	4692.77277	4692.77827	4692.850103	4697.886583	4697.886583	left	1.0	10	-20.0	38	left	left	5163.545053
4698.596246	464.94880699999976	trials	BSD015	p104	973	4698.596246	4698.731913	4699.812575	4699.812575	4699.827741	4701.195403	4701.195403	right	0.0	11	-19.0	38	left	right	5163.545053
4701.676234	461.86881900000026	trials	BSD015	p104	974	4701.676234	4701.848067	4702.453898	4702.453898	4702.929229	4702.929229	4702.929229	right	0.0	12	-18.0	38	left	right	5163.545053
4703.375727	460.1693260000002	trials	BSD015	p104	975	4703.375727	4703.58156	4704.230891	4704.230891	4704.964388	4704.964388	4704.964388	right	0.0	13	-17.0	38	left	right	5163.545053
4705.366553	458.1785	trials	BSD015	p104	976	4705.366553	4705.448886	4706.364715	4706.372049	4706.862547	4706.862547	4706.862547	left	0.0	14	-16.0	38	left	left	5163.545053
4707.456878	456.08817499999986	trials	BSD015	p104	977	4707.456878	4707.673377	4708.339707	4708.345041	4708.50704	4710.719365	4710.719365	left	1.0	15	-15.0	38	left	left	5163.545053
4711.88836	451.6566929999999	trials	BSD015	p104	978	4711.88836	4712.035526	4712.471858	4712.479191	4712.722357	4712.722357	4714.164684	left	0.0	16	-14.0	38	left	left	5163.545053
4714.744848	448.80020499999955	trials	BSD015	p104	979	4714.744848	4714.889848	4715.972677	4715.972677	4716.068343	4717.297005	4717.297005	right	0.0	17	-13.0	38	left	right	5163.545053
4717.720337	445.8247160000001	trials	BSD015	p104	980	4717.720337	4717.776003	4718.291668	4718.291668	4718.848332	4718.962498	4718.962498	right	0.0	18	-12.0	38	left	right	5163.545053
4719.39583	444.14922299999944	trials	BSD015	p104	981	4719.39583	4719.652496	4720.335993	4720.341493	4720.397826	4730.266453	4730.266453	left	1.0	19	-11.0	38	left	left	5163.545053
4730.786284	432.75876900000003	trials	BSD015	p104	982	4730.786284	4730.901951	4731.381782	4731.387282	4731.444782	4740.562412	4740.562412	left	1.0	20	-10.0	38	left	left	5163.545053
4741.108076	422.4369769999994	trials	BSD015	p104	983	4741.108076	4741.179909	4741.661741	4741.667074	4741.815574	4744.596729	4744.596729	left	1.0	21	-9.0	38	left	left	5163.545053
4745.199727	418.34532599999966	trials	BSD015	p104	984	4745.199727	4745.271226	4745.736891	4745.742391	4745.865724	4747.996715	4747.996715	left	1.0	22	-8.0	38	left	left	5163.545053
4748.65688	414.8881730000003	trials	BSD015	p104	985	4748.65688	4748.738546	4749.315377	4749.320877	4749.376877	4751.255202	4751.255202	left	1.0	23	-7.0	38	left	left	5163.545053
4751.804034	411.74101900000005	trials	BSD015	p104	986	4751.804034	4751.945866	4752.418198	4752.423698	4754.602522	4754.602522	4754.602522	left	1.0	24	-6.0	38	left	left	5163.545053
4755.109354	408.43569899999966	trials	BSD015	p104	987	4755.109354	4755.269353	4755.702685	4755.710018	4755.774851	4756.048017	4756.048017	left	0.0	25	-5.0	38	left	left	5163.545053
4757.048346	406.49670700000024	trials	BSD015	p104	988	4757.048346	4757.086012	4757.555677	4757.562844	4757.646677	4758.427674	4758.427674	left	0.0	26	-4.0	38	left	left	5163.545053
4759.016171	404.5288819999996	trials	BSD015	p104	989	4759.016171	4759.352337	4759.856168	4759.863501	4759.957168	4760.245166	4760.245166	left	0.0	27	-3.0	38	left	left	5163.545053
4760.910664	402.6343889999998	trials	BSD015	p104	990	4760.910664	4760.98533	4762.051493	4762.051493	4762.094826	4762.734157	4762.734157	right	0.0	28	-2.0	38	left	right	5163.545053
4763.168155	400.3768979999995	trials	BSD015	p104	991	4763.168155	4763.328154	4763.992485	4763.997985	4764.138651	4765.350146	4765.350146	left	1.0	29	-1.0	38	left	left	5163.545053
4767.911302	395.6337509999994	trials	BSD015	p104	992	4767.911302	4768.027802	4769.106298	4769.111631	4773.558613	4775.854604	4775.854604	right	1.0	0	0.0	39	right	right	5163.545053
4776.267769	387.2772839999998	trials	BSD015	p104	993	4776.267769	4776.395102	4777.022599	4777.027933	4777.152266	4777.80543	4777.80543	right	1.0	1	-14.0	39	right	right	5163.545053
4778.281261	385.26379199999974	trials	BSD015	p104	994	4778.281261	4778.401261	4779.012758	4779.018258	4779.236757	4780.615418	4780.615418	right	1.0	2	-13.0	39	right	right	5163.545053
4781.140083	382.4049699999996	trials	BSD015	p104	995	4781.140083	4781.238583	4781.904747	4781.910246	4784.678569	4787.151726	4787.151726	right	1.0	3	-12.0	39	right	right	5163.545053
4787.650724	375.89432899999974	trials	BSD015	p104	996	4787.650724	4787.73739	4788.400387	4788.405887	4791.01271	4791.01271	4791.01271	right	1.0	4	-11.0	39	right	right	5163.545053
4791.566708	371.97834499999954	trials	BSD015	p104	997	4791.566708	4791.710207	4792.216872	4792.222372	4793.337034	4793.337034	4793.337034	right	1.0	5	-10.0	39	right	right	5163.545053
4793.821366	369.7236869999997	trials	BSD015	p104	998	4793.821366	4794.026031	4794.524196	4794.529529	4794.804528	4795.597525	4795.597525	right	1.0	6	-9.0	39	right	right	5163.545053
4796.01119	367.53386299999966	trials	BSD015	p104	999	4796.01119	4796.166023	4796.702687	4796.708187	4796.865687	4804.42999	4804.42999	right	1.0	7	-8.0	39	right	right	5163.545053
4804.822655	358.7223979999999	trials	BSD015	p104	1000	4804.822655	4804.969488	4805.614152	4805.621485	4805.765318	4806.74448	4806.74448	right	0.0	8	-7.0	39	right	right	5163.545053
4807.192479	356.35257399999955	trials	BSD015	p104	1001	4807.192479	4807.399145	4807.899809	4807.905309	4808.119808	4809.095638	4809.095638	right	1.0	9	-6.0	39	right	right	5163.545053
4809.649469	353.8955839999999	trials	BSD015	p104	1002	4809.649469	4809.759968	4810.476966	4810.482466	4810.744964	4811.556628	4811.556628	right	1.0	10	-5.0	39	right	right	5163.545053
4812.086626	351.4584269999996	trials	BSD015	p104	1003	4812.086626	4812.341291	4812.817456	4812.82479	4813.747952	4813.800119	4813.800119	right	0.0	11	-4.0	39	right	right	5163.545053
4814.247117	349.29793599999994	trials	BSD015	p104	1004	4814.247117	4814.528449	4815.102947	4815.10828	4821.173756	4821.173756	4821.173756	right	1.0	12	-3.0	39	right	right	5163.545053
4821.754087	341.79096599999957	trials	BSD015	p104	1005	4821.754087	4821.898253	4822.493251	4822.498751	4822.66925	4823.977412	4823.977412	right	1.0	13	-2.0	39	right	right	5163.545053
4824.607742	338.9373109999997	trials	BSD015	p104	1006	4824.607742	4824.728242	4825.305406	4825.31074	4829.964721	4829.964721	4829.964721	right	1.0	14	-1.0	39	right	right	5163.545053
4830.774051	332.7710019999995	trials	BSD015	p104	1007	4830.774051	4830.96405	4831.540548	4831.540548	4831.947046	4831.947046	4831.947046	right	0.0	0	0.0	40	left	right	5163.545053
4832.424044	331.1210089999995	trials	BSD015	p104	1008	4832.424044	4832.868876	4833.454707	4833.454707	4833.978372	4833.978372	4833.978372	right	0.0	1		40	left	right	5163.545053
4834.410203	329.13484999999946	trials	BSD015	p104	1009	4834.410203	4834.569703	4835.379366	4835.379366	4835.515865	4836.153863	4836.153863	right	0.0	2		40	left	right	5163.545053
4836.661694	326.8833589999995	trials	BSD015	p104	1010	4836.661694	4836.77586	4837.586857	4837.594024	4839.851181	4842.082839	4842.082839	left	0.0	3		40	left	left	5163.545053
4842.691337	320.8537159999996	trials	BSD015	p104	1011	4842.691337	4842.73017	4843.162001	4843.167501	4843.332667	4851.08497	4851.08497	left	1.0	4		40	left	left	5163.545053
4851.621634	311.92341899999974	trials	BSD015	p104	1012	4851.621634	4851.668467	4852.297132	4852.302465	4852.994629	4852.994629	4852.994629	left	1.0	5		40	left	left	5163.545053
4853.60446	309.94059300000026	trials	BSD015	p104	1013	4853.60446	4853.626126	4854.395623	4854.395623	4854.43879	4855.274286	4855.274286	right	0.0	6		40	left	right	5163.545053
4855.840951	307.7041019999997	trials	BSD015	p104	1014	4855.840951	4855.963617	4856.586448	4856.593614	4856.621948	4857.347945	4857.347945	left	0.0	7		40	left	left	5163.545053
4857.984109	305.56094399999984	trials	BSD015	p104	1015	4857.984109	4858.059442	4858.758272	4858.758272	4858.772272	4859.437103	4859.437103	right	0.0	8		40	left	right	5163.545053
4860.087934	303.4571189999997	trials	BSD015	p104	1016	4860.087934	4860.169933	4860.787931	4860.795098	4861.678594	4861.678594	4867.215072	left	0.0	9		40	left	left	5163.545053
5158.372407	5.172645999999986	trials	BSD015	p104	1017	5158.372407	5158.544907		5163.545053				nan		10		40	left	nan	5163.545053
